<?xml version="1.0" encoding="UTF-8"?>
<!DOCTYPE X3D PUBLIC "ISO//Web3D//DTD X3D 3.1//EN" "http://www.web3d.org/specifications/x3d-3.1.dtd">
<X3D profile="Immersive" version="3.1" xsd:noNamespaceSchemaLocation="http://www.web3d.org/specifications/x3d-3.1.xsd" xmlns:xsd="http://www.w3.org/2001/XMLSchema-instance">
 <head>
  <meta content="tablaparametrizada.x3d" name="title"/>
  <meta content="Generated from Meshlab X3D Exported" name="description"/>
  <meta content="29 abril 2025" name="created"/>
  <meta content="Meshlab X3D Exported, http://www.meshlab.net" name="generator"/>
 </head>
 <Scene>
  <Shape>
   <Appearance>
    <ImageTexture url="&quot;tabla_3_tex.png&quot;"/>
   </Appearance>
   <IndexedFaceSet texCoordIndex="0 1 2 -1 3 0 2 -1 4 5 6 -1 5 7 6 -1 8 9 10 -1 11 12 13 -1 0 14 1 -1 15 16 9 -1 17 18 19 -1 20 16 15 -1 21 19 18 -1 6 7 22 -1 23 24 25 -1 26 16 20 -1 27 28 29 -1 30 31 10 -1 32 23 25 -1 16 26 33 -1 31 30 34 -1 35 7 36 -1 37 38 39 -1 40 41 7 -1 42 16 33 -1 39 38 43 -1 7 35 22 -1 44 22 35 -1 45 46 47 -1 43 38 48 -1 35 36 49 -1 33 50 42 -1 39 43 51 -1 52 32 53 -1 43 54 51 -1 55 16 42 -1 56 27 21 -1 57 48 58 -1 21 59 56 -1 60 61 62 -1 63 52 53 -1 1 64 44 -1 46 65 47 -1 29 65 46 -1 66 52 63 -1 67 68 69 -1 31 8 10 -1 62 61 70 -1 65 29 71 -1 72 73 74 -1 49 75 44 -1 63 76 66 -1 77 78 79 -1 78 77 80 -1 55 18 17 -1 81 14 0 -1 82 80 77 -1 83 81 0 -1 68 67 13 -1 3 83 0 -1 13 84 85 -1 55 42 86 -1 76 87 88 -1 89 11 90 -1 18 55 86 -1 8 15 9 -1 1 91 2 -1 1 44 91 -1 92 93 11 -1 11 89 92 -1 13 94 11 -1 41 36 7 -1 90 11 94 -1 95 36 41 -1 96 95 41 -1 54 97 79 -1 97 48 57 -1 98 19 99 -1 89 100 101 -1 79 97 77 -1 99 19 21 -1 97 57 77 -1 102 21 18 -1 93 92 41 -1 103 9 104 -1 4 105 57 -1 41 92 96 -1 4 57 106 -1 92 107 96 -1 108 98 46 -1 109 17 104 -1 46 98 29 -1 103 110 111 -1 105 4 112 -1 99 21 27 -1 27 98 99 -1 112 4 6 -1 27 29 98 -1 57 84 12 -1 84 13 12 -1 57 12 106 -1 113 112 114 -1 5 106 12 -1 103 104 45 -1 45 110 103 -1 113 114 14 -1 114 1 14 -1 12 11 40 -1 11 93 40 -1 5 40 7 -1 5 12 40 -1 115 27 56 -1 116 32 25 -1 37 23 38 -1 28 27 115 -1 117 118 119 -1 115 120 28 -1 117 119 121 -1 23 37 24 -1 122 123 60 -1 124 30 125 -1 60 123 61 -1 67 60 94 -1 62 94 60 -1 61 123 88 -1 56 59 126 -1 115 56 127 -1 88 128 61 -1 127 56 126 -1 110 45 129 -1 38 23 130 -1 1 114 64 -1 61 128 70 -1 22 44 64 -1 38 130 58 -1 55 109 16 -1 58 130 68 -1 129 45 47 -1 94 62 90 -1 35 49 44 -1 131 132 133 -1 43 48 54 -1 45 134 46 -1 90 135 89 -1 50 86 42 -1 51 118 39 -1 54 48 97 -1 133 132 136 -1 10 9 137 -1 62 70 135 -1 132 138 139 -1 47 140 129 -1 55 17 109 -1 109 9 16 -1 141 24 142 -1 71 28 143 -1 38 58 48 -1 132 139 136 -1 100 135 70 -1 142 24 37 -1 135 100 89 -1 51 54 79 -1 144 143 28 -1 84 58 85 -1 137 145 30 -1 146 121 119 -1 108 134 17 -1 26 20 147 -1 19 108 17 -1 148 149 73 -1 146 150 121 -1 151 73 149 -1 52 130 32 -1 65 71 152 -1 68 130 69 -1 108 19 98 -1 130 52 69 -1 91 44 75 -1 151 150 146 -1 89 107 92 -1 65 152 153 -1 101 107 89 -1 145 154 155 -1 52 66 69 -1 143 144 156 -1 151 149 150 -1 152 71 143 -1 73 157 158 -1 122 69 66 -1 119 51 146 -1 154 145 159 -1 67 122 60 -1 69 122 67 -1 159 160 154 -1 152 143 161 -1 18 86 102 -1 67 94 13 -1 151 74 73 -1 58 68 85 -1 162 163 164 -1 146 79 78 -1 79 146 51 -1 111 145 137 -1 68 13 85 -1 34 165 31 -1 59 21 102 -1 82 105 112 -1 159 145 111 -1 151 146 74 -1 146 78 74 -1 112 113 82 -1 46 134 108 -1 103 137 9 -1 166 167 168 -1 114 112 6 -1 137 103 111 -1 82 169 72 -1 28 71 29 -1 104 9 109 -1 57 58 84 -1 138 166 139 -1 170 72 169 -1 169 14 81 -1 57 105 77 -1 78 80 74 -1 139 166 171 -1 77 105 82 -1 72 74 80 -1 72 80 82 -1 17 134 104 -1 104 134 45 -1 170 172 157 -1 157 72 170 -1 172 170 81 -1 87 76 136 -1 34 173 165 -1 4 106 5 -1 93 41 40 -1 136 76 63 -1 174 175 176 -1 177 172 174 -1 174 172 175 -1 76 88 123 -1 172 81 175 -1 122 66 76 -1 87 178 88 -1 175 81 83 -1 179 88 178 -1 180 8 176 -1 8 181 176 -1 172 158 157 -1 31 181 8 -1 158 172 177 -1 150 182 183 -1 184 182 185 -1 186 187 188 -1 116 131 53 -1 127 189 120 -1 190 50 191 -1 127 163 189 -1 83 3 192 -1 116 25 193 -1 163 127 164 -1 194 195 196 -1 30 155 125 -1 197 186 198 -1 155 30 145 -1 3 2 91 -1 187 199 188 -1 188 199 198 -1 200 125 155 -1 201 196 195 -1 32 130 23 -1 62 135 90 -1 170 169 81 -1 182 150 202 -1 30 10 137 -1 200 155 154 -1 86 190 203 -1 102 86 203 -1 204 205 206 -1 189 163 162 -1 207 194 196 -1 53 133 63 -1 133 136 63 -1 201 138 196 -1 187 141 199 -1 206 205 208 -1 70 128 100 -1 208 205 141 -1 141 142 199 -1 128 209 100 -1 116 53 32 -1 177 210 211 -1 199 142 212 -1 213 214 215 -1 205 216 217 -1 218 160 219 -1 199 212 118 -1 220 210 177 -1 219 160 221 -1 205 217 222 -1 37 212 142 -1 220 176 210 -1 167 214 223 -1 138 215 166 -1 211 165 224 -1 225 148 226 -1 201 215 138 -1 215 167 166 -1 227 228 229 -1 230 165 173 -1 160 159 231 -1 232 125 233 -1 226 148 73 -1 59 102 234 -1 168 167 235 -1 159 111 236 -1 211 224 237 -1 238 184 185 -1 111 110 236 -1 239 240 241 -1 242 185 148 -1 136 139 171 -1 233 125 200 -1 186 197 243 -1 176 181 210 -1 193 244 245 -1 171 166 168 -1 233 200 246 -1 198 118 117 -1 247 198 117 -1 120 115 127 -1 113 169 82 -1 181 31 165 -1 247 117 228 -1 169 113 14 -1 177 174 248 -1 171 87 136 -1 248 220 177 -1 87 171 168 -1 129 236 110 -1 200 154 160 -1 22 64 6 -1 245 131 193 -1 200 160 218 -1 28 120 144 -1 226 73 249 -1 6 64 114 -1 228 117 250 -1 87 251 178 -1 117 121 250 -1 248 174 176 -1 121 150 250 -1 76 123 122 -1 140 47 252 -1 65 252 47 -1 131 116 193 -1 143 156 161 -1 176 220 248 -1 118 198 199 -1 158 249 73 -1 245 132 131 -1 180 176 175 -1 39 118 212 -1 179 128 88 -1 173 34 124 -1 249 158 177 -1 212 37 39 -1 253 138 132 -1 211 249 177 -1 180 175 83 -1 51 119 118 -1 8 180 15 -1 254 140 252 -1 157 73 72 -1 131 133 53 -1 124 34 30 -1 254 252 255 -1 255 252 153 -1 153 252 65 -1 153 256 255 -1 25 24 257 -1 256 258 259 -1 258 256 153 -1 161 153 152 -1 161 258 153 -1 260 261 262 -1 263 197 264 -1 265 266 140 -1 15 267 20 -1 265 140 268 -1 183 250 150 -1 269 270 262 -1 268 140 254 -1 263 271 272 -1 127 126 164 -1 188 198 186 -1 272 243 263 -1 184 183 182 -1 128 179 273 -1 50 33 191 -1 265 268 274 -1 20 267 147 -1 271 263 275 -1 185 182 202 -1 276 218 277 -1 26 147 278 -1 263 243 197 -1 203 190 191 -1 149 202 150 -1 141 222 24 -1 273 209 128 -1 279 280 274 -1 120 189 281 -1 204 206 282 -1 185 202 148 -1 254 279 268 -1 148 202 149 -1 168 235 251 -1 210 165 211 -1 50 190 86 -1 268 279 274 -1 95 283 36 -1 100 209 101 -1 219 221 284 -1 285 279 254 -1 286 101 209 -1 36 283 49 -1 251 87 168 -1 162 287 189 -1 254 255 285 -1 221 288 284 -1 230 224 165 -1 289 102 203 -1 96 107 290 -1 227 275 228 -1 165 210 181 -1 291 292 293 -1 294 295 178 -1 232 230 173 -1 232 173 124 -1 296 293 292 -1 280 279 297 -1 101 298 107 -1 179 178 295 -1 299 234 102 -1 229 300 227 -1 232 124 125 -1 229 184 300 -1 297 301 302 -1 225 242 148 -1 225 226 303 -1 144 304 156 -1 274 284 265 -1 279 285 297 -1 180 83 267 -1 303 226 305 -1 276 306 246 -1 126 59 307 -1 184 308 300 -1 256 297 285 -1 309 304 144 -1 285 255 256 -1 205 204 310 -1 216 205 310 -1 309 311 304 -1 308 184 238 -1 221 160 288 -1 309 144 312 -1 161 156 313 -1 314 232 233 -1 160 231 288 -1 301 297 256 -1 301 256 259 -1 211 305 315 -1 236 266 159 -1 276 246 200 -1 144 120 281 -1 312 144 281 -1 238 185 242 -1 276 200 218 -1 316 317 318 -1 159 266 231 -1 231 266 265 -1 141 205 222 -1 305 211 237 -1 266 236 129 -1 140 266 129 -1 231 265 288 -1 257 222 217 -1 312 189 319 -1 228 264 247 -1 198 247 197 -1 287 162 320 -1 186 243 321 -1 287 319 189 -1 321 208 187 -1 250 229 228 -1 184 229 183 -1 287 320 319 -1 316 322 317 -1 229 250 183 -1 322 316 323 -1 208 141 187 -1 249 315 226 -1 321 187 186 -1 161 261 258 -1 324 322 323 -1 315 249 211 -1 319 325 312 -1 216 326 327 -1 328 319 320 -1 194 329 330 -1 194 327 329 -1 330 324 194 -1 331 332 260 -1 262 311 333 -1 327 194 207 -1 334 325 319 -1 323 194 324 -1 311 261 335 -1 328 334 319 -1 194 323 195 -1 261 311 262 -1 336 337 195 -1 334 328 338 -1 262 331 260 -1 162 339 320 -1 320 339 241 -1 339 239 241 -1 195 337 201 -1 138 253 196 -1 320 241 328 -1 328 241 240 -1 318 340 341 -1 328 240 342 -1 318 341 316 -1 342 338 328 -1 340 343 341 -1 341 343 344 -1 215 337 213 -1 337 215 201 -1 214 167 215 -1 216 327 244 -1 216 244 217 -1 245 244 327 -1 327 207 245 -1 245 207 132 -1 244 193 345 -1 217 244 345 -1 257 217 345 -1 257 345 25 -1 25 345 193 -1 207 253 132 -1 24 222 257 -1 219 277 218 -1 262 346 269 -1 277 219 284 -1 284 296 277 -1 347 269 346 -1 348 349 310 -1 347 350 269 -1 351 289 203 -1 207 196 253 -1 318 317 352 -1 178 251 294 -1 353 310 204 -1 354 355 347 -1 356 318 352 -1 357 355 354 -1 289 299 102 -1 358 225 359 -1 273 179 295 -1 360 361 301 -1 288 265 284 -1 269 350 362 -1 349 326 216 -1 284 363 296 -1 364 230 365 -1 301 259 360 -1 366 367 368 -1 340 318 369 -1 274 363 284 -1 370 371 372 -1 230 373 365 -1 350 347 355 -1 374 316 341 -1 375 291 293 -1 373 230 232 -1 360 259 260 -1 370 376 371 -1 343 377 378 -1 307 59 234 -1 307 379 126 -1 380 376 370 -1 370 381 382 -1 237 383 384 -1 237 303 305 -1 360 385 361 -1 341 344 386 -1 286 298 101 -1 387 388 271 -1 357 325 334 -1 389 386 344 -1 315 305 226 -1 214 386 389 -1 83 192 147 -1 280 302 390 -1 391 272 271 -1 343 378 392 -1 385 332 393 -1 162 164 394 -1 394 339 162 -1 392 344 343 -1 382 381 317 -1 344 392 389 -1 357 334 395 -1 383 237 396 -1 385 360 332 -1 246 397 233 -1 213 337 374 -1 386 213 374 -1 339 398 239 -1 348 399 349 -1 397 246 306 -1 380 370 400 -1 213 386 214 -1 401 302 402 -1 313 156 304 -1 364 396 237 -1 370 382 400 -1 224 364 237 -1 360 260 332 -1 275 263 264 -1 95 96 403 -1 324 400 382 -1 382 317 322 -1 335 304 311 -1 260 259 404 -1 322 324 382 -1 400 324 330 -1 363 274 280 -1 261 260 404 -1 404 258 261 -1 206 366 282 -1 389 223 214 -1 282 353 204 -1 297 302 280 -1 230 364 224 -1 312 281 189 -1 405 406 407 -1 267 83 147 -1 366 206 272 -1 180 267 15 -1 408 235 167 -1 294 251 235 -1 393 332 409 -1 206 208 321 -1 227 406 410 -1 333 346 262 -1 277 411 276 -1 316 336 323 -1 292 277 296 -1 374 336 316 -1 412 406 227 -1 300 412 227 -1 336 195 323 -1 412 413 406 -1 336 374 337 -1 413 412 308 -1 270 331 262 -1 270 269 414 -1 243 206 321 -1 272 206 243 -1 330 329 326 -1 329 327 326 -1 412 300 308 -1 26 191 33 -1 358 238 242 -1 242 225 358 -1 275 264 228 -1 247 264 197 -1 415 416 399 -1 416 417 399 -1 347 346 354 -1 418 294 235 -1 235 419 418 -1 420 351 203 -1 387 406 421 -1 422 423 393 -1 424 357 354 -1 374 341 386 -1 385 393 423 -1 424 325 357 -1 362 425 269 -1 422 393 426 -1 359 427 428 -1 402 302 301 -1 402 301 361 -1 359 384 427 -1 407 429 405 -1 373 430 431 -1 421 406 405 -1 355 357 432 -1 349 399 326 -1 428 427 433 -1 432 434 355 -1 296 435 293 -1 289 436 299 -1 427 384 383 -1 310 349 216 -1 293 435 390 -1 431 365 373 -1 303 359 225 -1 286 209 437 -1 357 395 432 -1 407 406 413 -1 290 107 298 -1 384 359 303 -1 167 223 438 -1 410 406 387 -1 408 167 438 -1 314 373 232 -1 275 227 410 -1 303 237 384 -1 290 403 96 -1 363 280 390 -1 368 439 282 -1 419 235 408 -1 126 394 164 -1 293 390 440 -1 339 394 398 -1 441 318 356 -1 192 3 91 -1 433 427 383 -1 390 302 401 -1 233 397 442 -1 441 369 318 -1 401 440 390 -1 442 314 233 -1 258 404 259 -1 383 443 433 -1 304 335 313 -1 161 335 261 -1 313 335 161 -1 191 26 278 -1 369 377 340 -1 444 371 376 -1 342 445 338 -1 429 407 446 -1 391 366 272 -1 444 376 447 -1 309 333 311 -1 342 448 445 -1 449 383 396 -1 309 312 450 -1 283 95 451 -1 426 393 452 -1 449 396 431 -1 312 325 450 -1 49 283 75 -1 453 381 370 -1 454 407 413 -1 454 446 407 -1 409 452 393 -1 444 447 455 -1 431 396 365 -1 317 381 456 -1 396 364 365 -1 454 413 238 -1 456 352 317 -1 401 402 457 -1 454 458 446 -1 380 400 416 -1 331 409 332 -1 459 362 350 -1 409 331 270 -1 400 417 416 -1 362 459 460 -1 411 292 291 -1 330 417 400 -1 238 358 454 -1 461 391 271 -1 462 372 371 -1 277 292 411 -1 308 238 413 -1 372 453 370 -1 417 330 326 -1 326 399 417 -1 387 271 410 -1 410 271 275 -1 447 376 415 -1 414 269 425 -1 447 415 463 -1 368 282 366 -1 376 380 415 -1 380 416 415 -1 464 439 465 -1 439 464 348 -1 463 348 464 -1 439 348 466 -1 466 353 282 -1 466 348 353 -1 353 348 310 -1 463 415 348 -1 348 415 399 -1 299 436 467 -1 467 307 234 -1 388 461 271 -1 434 459 350 -1 468 409 270 -1 469 307 467 -1 389 392 470 -1 191 278 471 -1 307 469 472 -1 414 473 270 -1 379 307 472 -1 430 474 431 -1 475 446 458 -1 223 389 476 -1 438 223 476 -1 454 477 458 -1 414 425 478 -1 430 442 479 -1 477 454 480 -1 438 481 408 -1 454 358 480 -1 314 430 373 -1 430 482 483 -1 430 314 442 -1 428 484 477 -1 401 457 485 -1 485 457 486 -1 487 457 402 -1 486 457 487 -1 408 481 419 -1 473 414 478 -1 402 361 487 -1 428 477 480 -1 428 480 359 -1 359 480 358 -1 486 487 361 -1 333 488 346 -1 388 387 421 -1 425 362 489 -1 486 422 490 -1 422 486 361 -1 355 434 350 -1 294 418 295 -1 411 291 491 -1 491 276 411 -1 478 489 492 -1 444 455 465 -1 423 361 385 -1 493 295 418 -1 489 362 460 -1 423 422 361 -1 489 460 492 -1 465 455 464 -1 494 495 496 -1 464 455 447 -1 295 497 273 -1 498 273 497 -1 496 495 433 -1 443 496 433 -1 209 273 498 -1 463 464 447 -1 375 491 291 -1 437 209 499 -1 338 395 334 -1 443 383 449 -1 500 191 501 -1 500 203 191 -1 395 338 502 -1 239 503 240 -1 449 431 443 -1 443 431 474 -1 282 439 466 -1 351 436 289 -1 342 240 504 -1 448 342 504 -1 299 467 234 -1 363 435 296 -1 435 363 390 -1 340 377 343 -1 446 505 429 -1 147 192 278 -1 446 475 505 -1 425 489 478 -1 458 506 475 -1 389 470 476 -1 458 477 506 -1 507 477 484 -1 508 438 476 -1 468 270 509 -1 403 451 95 -1 379 394 126 -1 438 508 481 -1 469 467 510 -1 481 508 511 -1 512 482 513 -1 379 472 514 -1 430 483 474 -1 469 514 472 -1 509 270 473 -1 509 473 515 -1 481 511 516 -1 516 419 481 -1 478 515 473 -1 506 517 475 -1 518 482 397 -1 394 519 398 -1 482 430 479 -1 474 494 496 -1 506 507 517 -1 419 516 520 -1 239 398 503 -1 397 479 442 -1 482 479 397 -1 419 520 418 -1 506 477 507 -1 483 494 474 -1 333 309 521 -1 522 523 524 -1 496 443 474 -1 523 484 524 -1 354 346 488 -1 490 485 486 -1 498 499 209 -1 503 504 240 -1 403 290 525 -1 515 478 492 -1 437 526 286 -1 437 527 526 -1 528 526 527 -1 298 286 529 -1 529 286 526 -1 290 298 529 -1 429 505 405 -1 501 191 471 -1 420 203 500 -1 426 452 530 -1 531 351 420 -1 531 436 351 -1 452 409 468 -1 91 75 532 -1 533 531 420 -1 534 528 527 -1 528 534 535 -1 510 467 436 -1 510 436 536 -1 528 535 537 -1 504 538 448 -1 394 379 514 -1 539 512 513 -1 475 517 505 -1 469 510 540 -1 392 378 541 -1 469 540 514 -1 523 507 484 -1 540 542 514 -1 522 524 543 -1 394 514 542 -1 394 542 519 -1 544 426 530 -1 520 493 418 -1 503 398 519 -1 295 493 545 -1 295 545 497 -1 512 494 483 -1 512 483 482 -1 290 529 525 -1 192 91 546 -1 278 192 546 -1 309 450 521 -1 488 424 354 -1 500 501 547 -1 450 325 548 -1 325 424 548 -1 500 533 420 -1 503 549 538 -1 503 538 504 -1 550 531 533 -1 551 526 528 -1 528 552 551 -1 549 553 538 -1 550 436 531 -1 550 536 436 -1 528 537 552 -1 554 538 553 -1 536 555 510 -1 541 470 392 -1 537 535 556 -1 476 470 557 -1 558 556 535 -1 510 555 559 -1 476 557 560 -1 537 561 562 -1 508 476 560 -1 554 563 538 -1 537 556 561 -1 542 540 564 -1 565 511 508 -1 566 448 567 -1 497 545 568 -1 545 493 569 -1 542 549 519 -1 570 562 561 -1 561 571 570 -1 561 556 571 -1 498 497 568 -1 519 549 503 -1 499 498 572 -1 527 437 499 -1 542 564 549 -1 573 403 525 -1 574 575 570 -1 576 574 577 -1 539 494 512 -1 574 570 577 -1 577 578 579 -1 529 526 551 -1 580 577 579 -1 578 577 570 -1 579 578 581 -1 562 575 582 -1 450 548 521 -1 520 583 493 -1 569 493 583 -1 564 584 553 -1 564 553 549 -1 520 516 585 -1 586 571 556 -1 572 498 568 -1 499 587 527 -1 451 403 573 -1 588 525 529 -1 563 448 538 -1 533 500 589 -1 532 75 283 -1 278 546 590 -1 546 91 532 -1 570 575 562 -1 576 577 580 -1 591 592 593 -1 529 551 588 -1 533 594 550 -1 595 580 579 -1 596 597 598 -1 595 579 599 -1 596 598 576 -1 534 527 600 -1 571 601 570 -1 602 555 536 -1 550 602 536 -1 570 601 578 -1 581 603 579 -1 552 537 582 -1 582 537 562 -1 579 604 605 -1 579 603 604 -1 510 559 540 -1 557 606 560 -1 563 554 607 -1 563 607 608 -1 565 508 560 -1 448 563 567 -1 511 565 609 -1 566 567 610 -1 516 511 611 -1 585 583 520 -1 556 558 586 -1 559 612 613 -1 614 601 571 -1 283 615 532 -1 576 598 574 -1 553 616 554 -1 584 616 553 -1 617 578 601 -1 554 616 607 -1 525 588 573 -1 573 588 618 -1 618 588 619 -1 551 619 588 -1 576 580 595 -1 596 576 595 -1 582 551 552 -1 620 621 595 -1 598 575 574 -1 622 597 623 -1 597 624 623 -1 595 599 620 -1 622 598 597 -1 527 587 600 -1 594 533 589 -1 535 534 625 -1 625 558 535 -1 605 599 579 -1 608 607 626 -1 597 596 621 -1 608 610 563 -1 610 567 563 -1 591 620 627 -1 622 582 575 -1 565 560 606 -1 621 596 595 -1 621 591 593 -1 620 591 621 -1 594 602 550 -1 620 628 627 -1 629 620 599 -1 628 620 629 -1 592 630 602 -1 555 602 630 -1 555 630 631 -1 540 632 564 -1 559 555 612 -1 604 633 605 -1 547 589 500 -1 283 451 634 -1 635 597 621 -1 636 634 637 -1 599 605 629 -1 618 637 634 -1 619 637 618 -1 621 593 635 -1 619 638 637 -1 619 551 622 -1 582 622 551 -1 639 640 605 -1 555 631 612 -1 612 631 641 -1 629 605 640 -1 540 559 632 -1 629 642 628 -1 640 642 629 -1 623 638 622 -1 613 612 643 -1 644 584 564 -1 640 639 645 -1 639 646 645 -1 633 604 603 -1 646 639 647 -1 598 622 575 -1 646 648 649 -1 641 631 650 -1 651 641 650 -1 643 641 651 -1 641 643 612 -1 511 609 611 -1 640 645 642 -1 585 516 611 -1 645 646 652 -1 571 586 614 -1 643 616 584 -1 601 653 617 -1 616 654 607 -1 615 655 532 -1 578 617 581 -1 646 649 652 -1 278 590 471 -1 626 656 608 -1 657 608 656 -1 608 657 610 -1 283 634 636 -1 451 573 634 -1 573 618 634 -1 658 589 547 -1 635 593 592 -1 659 602 594 -1 659 592 602 -1 660 636 637 -1 661 660 637 -1 592 591 630 -1 622 638 619 -1 630 591 627 -1 661 637 638 -1 559 613 632 -1 605 633 639 -1 661 638 662 -1 644 632 613 -1 662 638 623 -1 613 643 644 -1 644 564 632 -1 623 624 662 -1 569 583 585 -1 600 587 663 -1 545 569 664 -1 639 633 647 -1 534 600 665 -1 625 534 665 -1 648 646 647 -1 663 587 572 -1 499 572 587 -1 628 651 650 -1 628 642 651 -1 601 614 653 -1 643 651 666 -1 643 666 667 -1 642 645 668 -1 652 668 645 -1 644 643 584 -1 616 643 654 -1 654 669 607 -1 669 626 607 -1 652 649 670 -1 670 649 671 -1 547 501 471 -1 651 642 672 -1 666 651 672 -1 673 594 589 -1 546 532 655 -1 674 635 592 -1 670 668 652 -1 643 667 654 -1 654 667 675 -1 675 669 654 -1 636 660 676 -1 630 627 677 -1 630 677 631 -1 648 671 649 -1 660 661 678 -1 678 661 662 -1 677 627 650 -1 628 650 627 -1 670 671 679 -1 581 617 603 -1 670 679 680 -1 597 635 624 -1 681 633 603 -1 633 682 647 -1 656 683 657 -1 684 657 683 -1 610 657 685 -1 585 611 686 -1 685 657 684 -1 568 545 687 -1 606 609 565 -1 688 585 686 -1 687 689 568 -1 572 568 689 -1 658 547 690 -1 642 668 691 -1 572 692 663 -1 658 693 589 -1 673 589 693 -1 694 635 674 -1 690 471 590 -1 615 283 636 -1 695 671 648 -1 650 631 677 -1 681 603 696 -1 662 624 694 -1 697 679 671 -1 694 624 635 -1 698 663 692 -1 699 663 698 -1 647 682 648 -1 600 663 700 -1 665 600 700 -1 488 333 701 -1 558 702 586 -1 703 586 702 -1 614 586 703 -1 656 704 683 -1 704 705 683 -1 706 617 653 -1 545 664 687 -1 684 683 707 -1 672 642 691 -1 572 689 692 -1 696 617 706 -1 675 667 708 -1 590 546 709 -1 615 636 676 -1 678 710 660 -1 662 694 678 -1 679 697 711 -1 471 690 547 -1 333 521 701 -1 548 424 701 -1 659 594 673 -1 712 713 714 -1 674 592 659 -1 699 700 663 -1 705 707 683 -1 625 713 715 -1 682 633 716 -1 715 713 712 -1 625 702 558 -1 682 717 648 -1 653 614 706 -1 718 684 707 -1 695 648 717 -1 667 666 708 -1 585 688 719 -1 569 585 719 -1 664 569 719 -1 720 611 609 -1 611 720 686 -1 708 666 672 -1 714 721 722 -1 689 687 692 -1 687 698 692 -1 546 655 709 -1 690 590 709 -1 695 717 723 -1 695 723 671 -1 676 660 710 -1 711 680 679 -1 424 488 701 -1 626 669 724 -1 724 656 626 -1 724 704 656 -1 705 725 707 -1 699 714 713 -1 699 713 700 -1 714 722 712 -1 700 713 625 -1 659 673 726 -1 700 625 665 -1 702 625 715 -1 716 633 681 -1 682 716 727 -1 728 706 614 -1 729 698 687 -1 730 698 729 -1 698 730 699 -1 731 696 706 -1 691 668 732 -1 714 730 721 -1 730 714 699 -1 711 697 733 -1 722 721 734 -1 658 735 693 -1 736 694 737 -1 694 674 737 -1 710 678 738 -1 678 694 739 -1 705 704 740 -1 617 696 603 -1 716 681 741 -1 707 725 742 -1 718 707 742 -1 743 720 744 -1 745 712 722 -1 686 720 743 -1 746 719 688 -1 715 712 747 -1 715 747 702 -1 703 702 747 -1 614 703 728 -1 706 728 748 -1 687 749 729 -1 675 708 750 -1 724 669 675 -1 751 734 721 -1 723 717 752 -1 671 723 753 -1 671 753 697 -1 655 615 754 -1 709 655 755 -1 756 709 755 -1 756 690 709 -1 711 757 758 -1 548 701 521 -1 688 686 746 -1 678 739 738 -1 724 759 704 -1 739 694 736 -1 725 705 740 -1 749 687 664 -1 729 760 730 -1 658 690 761 -1 760 721 730 -1 762 736 737 -1 726 673 693 -1 763 674 659 -1 681 696 741 -1 716 764 727 -1 712 745 765 -1 747 712 765 -1 691 732 766 -1 740 704 759 -1 706 748 731 -1 697 753 733 -1 711 733 757 -1 686 743 746 -1 760 767 751 -1 761 735 658 -1 721 760 751 -1 737 674 763 -1 763 659 726 -1 746 768 719 -1 734 769 722 -1 749 664 719 -1 655 754 755 -1 696 770 741 -1 771 615 676 -1 741 764 716 -1 756 772 690 -1 690 772 761 -1 735 761 772 -1 682 727 717 -1 738 739 773 -1 745 722 774 -1 743 744 775 -1 776 747 765 -1 668 670 732 -1 680 732 670 -1 708 777 750 -1 767 778 751 -1 675 750 779 -1 703 747 780 -1 724 675 779 -1 759 724 779 -1 781 723 752 -1 781 753 723 -1 680 711 758 -1 758 757 782 -1 753 783 733 -1 729 749 760 -1 757 733 782 -1 734 784 769 -1 722 769 774 -1 770 785 741 -1 764 741 785 -1 725 740 786 -1 752 717 727 -1 756 787 772 -1 786 788 725 -1 742 725 788 -1 736 762 739 -1 781 783 753 -1 728 703 780 -1 733 783 782 -1 731 770 696 -1 785 770 789 -1 768 749 719 -1 749 768 760 -1 759 790 740 -1 755 787 756 -1 767 743 775 -1 746 743 791 -1 767 791 743 -1 739 762 792 -1 768 791 760 -1 791 767 760 -1 765 745 793 -1 747 776 780 -1 780 794 728 -1 728 794 795 -1 795 748 728 -1 693 735 726 -1 737 763 792 -1 762 737 792 -1 731 796 770 -1 796 789 770 -1 746 791 768 -1 754 615 771 -1 772 787 797 -1 691 798 672 -1 777 799 750 -1 793 774 800 -1 774 793 745 -1 765 793 801 -1 793 802 801 -1 765 801 776 -1 775 778 767 -1 789 796 803 -1 735 772 804 -1 764 785 727 -1 752 727 805 -1 708 672 806 -1 777 708 806 -1 776 801 794 -1 794 780 776 -1 793 800 807 -1 802 793 807 -1 750 799 779 -1 759 808 790 -1 752 809 781 -1 810 795 794 -1 811 781 809 -1 781 811 783 -1 795 812 748 -1 731 748 812 -1 758 813 680 -1 800 774 769 -1 769 784 800 -1 814 804 797 -1 772 797 804 -1 773 739 792 -1 815 802 807 -1 809 752 805 -1 798 691 816 -1 691 766 816 -1 759 779 799 -1 799 808 759 -1 795 810 812 -1 731 812 796 -1 797 787 814 -1 738 817 710 -1 786 740 818 -1 804 726 735 -1 819 794 820 -1 798 806 672 -1 821 790 808 -1 771 676 822 -1 822 710 817 -1 676 710 822 -1 785 823 727 -1 805 727 823 -1 824 801 802 -1 820 794 801 -1 810 794 819 -1 799 777 825 -1 808 826 821 -1 740 790 821 -1 827 732 680 -1 813 827 680 -1 758 828 813 -1 828 758 829 -1 726 804 830 -1 755 754 831 -1 787 755 831 -1 803 832 789 -1 831 814 787 -1 818 740 833 -1 773 792 763 -1 801 824 820 -1 789 832 785 -1 825 777 806 -1 831 754 771 -1 817 814 822 -1 827 813 828 -1 738 773 817 -1 830 763 726 -1 823 785 832 -1 810 819 834 -1 812 810 834 -1 835 799 825 -1 808 799 835 -1 826 808 835 -1 831 771 822 -1 826 836 821 -1 831 822 814 -1 804 814 830 -1 814 817 830 -1 817 773 830 -1 815 837 802 -1 837 824 802 -1 830 773 763 -1 838 803 839 -1 821 833 740 -1 832 803 838 -1 824 837 840 -1 840 820 824 -1 841 823 832 -1 805 823 841 -1 806 798 842 -1 766 732 843 -1 732 827 843 -1 844 826 835 -1 821 836 833 -1 840 837 845 -1 846 820 840 -1 846 819 820 -1 796 812 834 -1 847 766 843 -1 798 816 842 -1 825 806 842 -1 842 816 847 -1 766 847 816 -1 825 848 835 -1 848 844 835 -1 845 846 840 -1 849 836 826 -1 846 834 819 -1 827 828 850 -1 828 851 850 -1 839 803 796 -1 849 847 843 -1 825 847 848 -1 848 847 844 -1 834 846 839 -1 796 834 839 -1 836 849 850 -1 833 836 850 -1 847 825 842 -1 849 844 847 -1 837 852 845 -1 843 827 849 -1 849 827 850 -1 853 850 851 -1 833 850 853 -1 832 838 854 -1 854 841 832 -1 805 841 855 -1 826 844 849 -1 856 839 846 -1 838 839 857 -1 854 858 841 -1 841 858 855 -1 846 845 859 -1 856 857 839 -1 860 838 857 -1 854 838 860 -1 854 860 858 -1 859 845 852 -1 857 856 861 -1 860 857 861 -1 855 858 862 -1 846 859 856 -1 861 856 863 -1 864 860 861 -1 858 860 865 -1 865 862 858 -1 866 856 859 -1 867 862 868 -1 866 863 856 -1 861 863 864 -1 863 869 864 -1 870 860 864 -1 870 865 860 -1 871 862 865 -1 868 862 871 -1 868 872 867 -1 864 869 870 -1 871 873 868 -1 874 865 870 -1 871 865 874 -1 872 868 873 -1 870 869 875 -1 871 874 873 -1 874 870 875 -1 494 539 543 -1 428 433 495 -1 494 543 524 -1 494 524 484 -1 484 428 495 -1 494 484 495 -1 876 877 878 -1 879 880 881 -1 879 881 882 -1 883 884 885 -1 883 885 886 -1 887 883 886 -1 886 885 888 -1 886 889 890 -1 891 889 886 -1 888 891 886 -1 886 890 887 -1 887 890 892 -1 893 892 890 -1 888 885 884 -1 891 876 894 -1 895 891 894 -1 888 896 891 -1 896 876 891 -1 878 897 876 -1 878 898 897 -1 899 883 887 -1 899 881 880 -1 899 887 881 -1 887 900 881 -1 882 881 900 -1 901 902 903 -1 902 901 904 -1 889 893 890 -1 876 897 894 -1 905 882 900 -1 892 906 887 -1 906 892 907 -1 892 893 908 -1 907 892 908 -1 889 891 909 -1 895 909 891 -1 895 894 910 -1 911 893 889 -1 911 889 909 -1 894 897 898 -1 912 910 894 -1 894 898 912 -1 878 913 898 -1 911 908 893 -1 911 909 895 -1 914 908 911 -1 915 914 911 -1 877 916 878 -1 911 895 915 -1 895 917 915 -1 918 912 919 -1 878 916 913 -1 920 903 921 -1 879 882 922 -1 922 882 905 -1 923 902 904 -1 906 900 887 -1 879 922 904 -1 923 904 922 -1 924 902 925 -1 926 905 927 -1 928 924 925 -1 900 906 905 -1 923 905 929 -1 927 905 906 -1 929 905 926 -1 917 895 910 -1 913 930 898 -1 918 910 912 -1 898 930 912 -1 912 930 931 -1 914 932 908 -1 917 933 915 -1 914 915 934 -1 918 917 910 -1 912 931 919 -1 919 935 918 -1 931 930 936 -1 903 902 921 -1 921 937 920 -1 938 939 940 -1 920 937 941 -1 938 940 942 -1 902 924 921 -1 943 937 921 -1 924 943 921 -1 943 924 928 -1 941 937 943 -1 941 943 944 -1 926 927 945 -1 902 923 925 -1 929 928 925 -1 906 907 946 -1 923 929 925 -1 940 907 947 -1 923 922 905 -1 948 929 926 -1 948 926 949 -1 930 913 936 -1 950 951 952 -1 931 936 953 -1 954 955 953 -1 945 949 926 -1 950 939 956 -1 939 950 945 -1 939 945 946 -1 907 940 946 -1 908 947 907 -1 908 932 947 -1 947 957 942 -1 947 932 957 -1 956 939 958 -1 938 958 939 -1 946 940 939 -1 953 919 931 -1 959 932 914 -1 940 947 942 -1 942 957 960 -1 934 959 914 -1 959 934 961 -1 932 959 957 -1 961 957 959 -1 960 957 961 -1 915 933 934 -1 961 934 962 -1 942 960 963 -1 918 933 917 -1 960 964 965 -1 966 933 918 -1 935 966 918 -1 953 955 919 -1 955 935 919 -1 967 962 966 -1 967 964 962 -1 944 968 941 -1 943 928 969 -1 967 935 970 -1 969 944 943 -1 929 969 928 -1 952 929 948 -1 969 929 952 -1 916 971 913 -1 972 973 974 -1 975 968 976 -1 976 944 977 -1 946 927 906 -1 978 979 980 -1 981 979 978 -1 981 982 979 -1 983 984 976 -1 985 979 982 -1 953 936 954 -1 983 951 986 -1 977 952 951 -1 952 948 950 -1 962 934 933 -1 987 980 988 -1 935 955 989 -1 970 935 989 -1 961 962 964 -1 945 950 949 -1 980 979 988 -1 933 966 962 -1 927 946 945 -1 974 973 968 -1 941 968 973 -1 956 951 950 -1 956 958 990 -1 951 956 991 -1 969 977 944 -1 952 977 969 -1 958 938 992 -1 993 958 992 -1 966 935 967 -1 948 949 950 -1 994 938 942 -1 942 963 994 -1 963 960 995 -1 965 995 960 -1 961 964 960 -1 916 996 971 -1 963 995 997 -1 965 964 998 -1 964 967 998 -1 998 967 970 -1 998 999 965 -1 993 990 958 -1 992 938 1000 -1 1001 938 994 -1 1001 1000 938 -1 963 1002 994 -1 1002 963 997 -1 974 968 975 -1 972 974 1003 -1 1003 974 1004 -1 975 1004 974 -1 1005 1006 1003 -1 1005 1003 1007 -1 971 1008 913 -1 995 965 1009 -1 999 1009 965 -1 913 978 936 -1 984 1007 1003 -1 998 970 1010 -1 981 978 1011 -1 936 978 980 -1 976 968 944 -1 982 1012 985 -1 1004 975 976 -1 1010 970 1013 -1 980 954 936 -1 977 983 976 -1 954 980 987 -1 983 977 951 -1 1004 976 984 -1 1014 987 988 -1 984 983 1015 -1 986 1015 983 -1 987 1016 1017 -1 988 979 985 -1 951 1018 986 -1 951 991 1018 -1 986 1018 1019 -1 990 991 956 -1 1020 1019 991 -1 986 1019 1021 -1 1001 994 1002 -1 971 996 1022 -1 1008 971 1023 -1 913 1008 978 -1 1020 993 1024 -1 1024 1025 1020 -1 1026 981 1011 -1 982 981 1026 -1 1027 1024 1000 -1 1027 1025 1024 -1 1025 1027 1028 -1 955 954 989 -1 987 989 954 -1 1013 989 987 -1 1001 1029 1027 -1 1005 1007 1030 -1 1001 1002 1031 -1 985 1014 988 -1 1003 1004 984 -1 984 1032 1007 -1 1031 1029 1001 -1 1016 987 1014 -1 985 1033 1014 -1 1014 1033 1016 -1 984 1015 1034 -1 985 1035 1033 -1 995 1009 997 -1 1034 1032 984 -1 997 1009 1036 -1 1034 1015 1021 -1 1037 1009 999 -1 998 1010 1038 -1 1002 997 1036 -1 1002 1036 1031 -1 1031 1036 1039 -1 1039 1036 1009 -1 1039 1009 1037 -1 989 1013 970 -1 1013 1040 1010 -1 1017 1013 987 -1 1013 1017 1041 -1 1017 1042 1041 -1 1013 1041 1043 -1 1016 1033 1017 -1 1026 1044 982 -1 1039 1045 1031 -1 1046 1039 1037 -1 1047 982 1044 -1 1048 1049 1039 -1 1046 1048 1039 -1 1050 1049 1048 -1 1012 1035 985 -1 999 1051 1037 -1 1046 1037 1051 -1 1046 1051 1052 -1 1005 1030 1053 -1 1007 1032 1054 -1 1035 1055 1033 -1 1033 1055 1056 -1 1057 1046 1052 -1 1052 1058 1059 -1 1035 1012 1055 -1 1034 1060 1032 -1 1055 1061 1056 -1 1034 1062 1060 -1 1020 990 993 -1 1020 1025 1063 -1 1021 1015 986 -1 1033 1056 1017 -1 1017 1056 1042 -1 1028 1027 1064 -1 1056 1065 1042 -1 1021 1062 1034 -1 1000 1001 1027 -1 1066 1062 1021 -1 1064 1027 1029 -1 1022 1023 971 -1 1067 1029 1031 -1 1018 991 1019 -1 991 990 1020 -1 1021 1019 1068 -1 1019 1020 1069 -1 1070 1019 1069 -1 1071 998 1052 -1 1038 1052 998 -1 978 1072 1011 -1 1073 1026 1011 -1 1049 1045 1039 -1 1052 1051 1071 -1 1038 1058 1052 -1 1074 982 1047 -1 1057 1052 1059 -1 1012 982 1074 -1 1059 1058 1075 -1 1076 1012 1074 -1 1076 1055 1012 -1 1077 1028 1064 -1 1077 1064 1078 -1 1054 1032 1060 -1 1064 1079 1080 -1 993 992 1000 -1 993 1000 1024 -1 1025 1028 1063 -1 1081 1049 1050 -1 1040 1013 1043 -1 1060 1062 1082 -1 1038 1010 1040 -1 1064 1029 1079 -1 1067 1079 1029 -1 1031 1045 1067 -1 1083 1043 1084 -1 1066 1021 1068 -1 999 998 1071 -1 1051 999 1071 -1 1042 1065 1085 -1 1023 1022 1073 -1 1022 1086 1073 -1 1068 1019 1070 -1 1041 1042 1084 -1 1087 1084 1042 -1 1088 1058 1038 -1 1011 1023 1073 -1 1075 1058 1088 -1 1063 1069 1020 -1 1073 1086 1026 -1 1026 1086 1044 -1 1089 1044 1086 -1 1023 1011 1008 -1 1072 1008 1011 -1 1049 1081 1090 -1 1055 1076 1091 -1 1084 1043 1041 -1 1061 1055 1091 -1 1092 1069 1093 -1 1085 1087 1042 -1 1094 1070 1093 -1 1084 1095 1083 -1 1084 1087 1095 -1 1096 1053 1097 -1 1096 1097 1098 -1 1099 1095 1087 -1 1079 1067 1080 -1 1053 1030 1054 -1 1030 1007 1054 -1 1099 1065 1100 -1 1088 1038 1040 -1 1040 1043 1088 -1 1053 1054 1101 -1 1054 1060 1102 -1 1103 1075 1088 -1 1088 1043 1083 -1 1104 1082 1062 -1 1066 1104 1062 -1 1083 1103 1088 -1 1070 1069 1092 -1 1045 1049 1090 -1 1063 1093 1069 -1 1095 1099 1105 -1 1106 1050 1048 -1 1046 1106 1048 -1 1099 1100 1105 -1 1046 1057 1106 -1 1056 1107 1065 -1 1108 1050 1106 -1 1061 1109 1056 -1 1056 1109 1107 -1 1086 1110 1089 -1 1111 1109 1061 -1 1093 1063 1077 -1 1063 1028 1077 -1 1093 1077 1078 -1 1008 1072 978 -1 1047 1044 1089 -1 1094 1078 1112 -1 1080 1078 1064 -1 1113 1112 1078 -1 1080 1067 1090 -1 1080 1090 1078 -1 1082 1104 1114 -1 1047 1115 1074 -1 1078 1090 1113 -1 1090 1081 1116 -1 1117 1116 1081 -1 1113 1090 1118 -1 1090 1116 1118 -1 1066 1068 1119 -1 1119 1114 1104 -1 1081 1050 1120 -1 1104 1066 1119 -1 1050 1108 1120 -1 1119 1068 1121 -1 1045 1090 1067 -1 1120 1117 1081 -1 1122 1117 1120 -1 1092 1093 1070 -1 1075 1123 1059 -1 1106 1057 1108 -1 1057 1059 1108 -1 1068 1070 1121 -1 1101 1054 1102 -1 1078 1094 1093 -1 1094 1121 1070 -1 1082 1102 1060 -1 1121 1094 1124 -1 1112 1125 1094 -1 1125 1124 1094 -1 1085 1099 1087 -1 1085 1065 1099 -1 1126 1127 1128 -1 1129 1112 1113 -1 1127 1126 1097 -1 1130 1101 1131 -1 1082 1131 1102 -1 1131 1082 1114 -1 1132 1133 1105 -1 1132 1105 1134 -1 1135 1114 1124 -1 1114 1119 1124 -1 1129 1125 1112 -1 1083 1136 1103 -1 1137 1125 1129 -1 1119 1121 1124 -1 1103 1136 1133 -1 1123 1075 1103 -1 1138 1059 1123 -1 1137 1129 1139 -1 1123 1103 1133 -1 1130 1128 1127 -1 1130 1127 1097 -1 1113 1118 1129 -1 1123 1133 1138 -1 1140 1139 1129 -1 1124 1125 1141 -1 1083 1095 1136 -1 1095 1105 1136 -1 1130 1142 1128 -1 1137 1141 1125 -1 1136 1105 1133 -1 1053 1101 1097 -1 1102 1131 1101 -1 1097 1101 1130 -1 1117 1118 1116 -1 1143 1111 1061 -1 1111 1143 1144 -1 1130 1131 1142 -1 1135 1142 1131 -1 1114 1135 1131 -1 1145 1120 1108 -1 1107 1146 1065 -1 1065 1146 1100 -1 1107 1109 1147 -1 1059 1145 1108 -1 1107 1147 1146 -1 1120 1145 1122 -1 1134 1105 1100 -1 1148 1146 1147 -1 1122 1149 1117 -1 1129 1118 1140 -1 1150 1135 1124 -1 1141 1137 1151 -1 1141 1150 1124 -1 1151 1137 1152 -1 1150 1141 1153 -1 1154 1153 1141 -1 1155 1147 1109 -1 1134 1100 1146 -1 1146 1148 1156 -1 1138 1145 1059 -1 1145 1138 1122 -1 1135 1150 1157 -1 1122 1138 1158 -1 1149 1118 1117 -1 1140 1118 1149 -1 1140 1149 1159 -1 1140 1160 1139 -1 1160 1140 1161 -1 1139 1160 1162 -1 1163 1164 1165 -1 1109 1111 1155 -1 1164 1157 1165 -1 1147 1155 1148 -1 1155 1166 1148 -1 1139 1152 1137 -1 1146 1167 1168 -1 1153 1157 1150 -1 1139 1169 1152 -1 1156 1148 1170 -1 1134 1146 1168 -1 1170 1167 1156 -1 1154 1141 1151 -1 1138 1133 1158 -1 1151 1171 1154 -1 1172 1162 1160 -1 1149 1122 1158 -1 1160 1161 1173 -1 1174 1159 1149 -1 1159 1174 1175 -1 1140 1159 1161 -1 1176 1164 1163 -1 1133 1132 1177 -1 1133 1177 1158 -1 1157 1164 1135 -1 1132 1168 1177 -1 1134 1168 1132 -1 1178 1177 1168 -1 1174 1179 1180 -1 1111 1166 1155 -1 1144 1166 1111 -1 1181 1148 1166 -1 1165 1157 1182 -1 1182 1157 1183 -1 1144 1143 1184 -1 1169 1139 1185 -1 1139 1162 1185 -1 1156 1167 1146 -1 1186 1148 1181 -1 1170 1148 1186 -1 1187 1154 1171 -1 1171 1151 1188 -1 1167 1170 1189 -1 1176 1135 1164 -1 1149 1158 1174 -1 1180 1190 1174 -1 1191 1158 1177 -1 1177 1178 1191 -1 1158 1179 1174 -1 1158 1191 1179 -1 1143 1061 1091 -1 1190 1175 1174 -1 1178 1168 1167 -1 1173 1172 1160 -1 1179 1192 1193 -1 1175 1194 1159 -1 1173 1161 1195 -1 1161 1159 1196 -1 1194 1196 1159 -1 1180 1179 1197 -1 1197 1179 1193 -1 1178 1198 1191 -1 1166 1144 1199 -1 1192 1191 1198 -1 1200 1178 1189 -1 1163 1165 1201 -1 1178 1200 1198 -1 1178 1167 1189 -1 1183 1157 1153 -1 1091 1076 1202 -1 1203 1153 1204 -1 1154 1204 1153 -1 1189 1170 1186 -1 1205 1204 1154 -1 1205 1154 1187 -1 1151 1152 1206 -1 1207 1208 1152 -1 1169 1207 1152 -1 1192 1179 1191 -1 1162 1172 1209 -1 1210 1153 1203 -1 1175 1190 1211 -1 1205 1203 1204 -1 1203 1205 1212 -1 1205 1187 1213 -1 1214 1173 1195 -1 1213 1187 1171 -1 1171 1215 1213 -1 1201 1165 1216 -1 1216 1165 1182 -1 1183 1210 1182 -1 1217 1143 1091 -1 1210 1183 1153 -1 1184 1143 1217 -1 1188 1151 1206 -1 1189 1218 1200 -1 1207 1169 1219 -1 1162 1209 1185 -1 1185 1209 1220 -1 1208 1221 1222 -1 1223 1222 1221 -1 1221 1219 1224 -1 1182 1210 1225 -1 1219 1226 1224 -1 1227 1228 1229 -1 1166 1199 1181 -1 1186 1181 1218 -1 1186 1218 1189 -1 1208 1207 1221 -1 1217 1091 1202 -1 1194 1175 1230 -1 1211 1230 1175 -1 1222 1223 1231 -1 1211 1190 1232 -1 1220 1226 1219 -1 1188 1206 1208 -1 1190 1180 1232 -1 1180 1233 1232 -1 1224 1223 1221 -1 1225 1216 1182 -1 1180 1197 1233 -1 1152 1208 1206 -1 1233 1197 1234 -1 1207 1219 1221 -1 1198 1235 1192 -1 1169 1220 1219 -1 1220 1169 1185 -1 1210 1203 1236 -1 1192 1235 1237 -1 1226 1238 1224 -1 1209 1172 1226 -1 1212 1236 1203 -1 1173 1239 1172 -1 1226 1172 1239 -1 1226 1239 1227 -1 1227 1239 1228 -1 1229 1228 1240 -1 1239 1173 1241 -1 1197 1193 1234 -1 1229 1240 1242 -1 1214 1241 1173 -1 1205 1213 1212 -1 1228 1214 1240 -1 1195 1161 1196 -1 1188 1215 1171 -1 1194 1243 1196 -1 1244 1243 1194 -1 1215 1188 1222 -1 1195 1196 1214 -1 1188 1208 1222 -1 1245 1243 1244 -1 1243 1245 1196 -1 1184 1199 1144 -1 1246 1234 1193 -1 1237 1193 1192 -1 1193 1237 1247 -1 1248 1222 1231 -1 1194 1230 1244 -1 1244 1230 1249 -1 1226 1227 1238 -1 1228 1239 1241 -1 1233 1250 1232 -1 1226 1220 1209 -1 1214 1228 1241 -1 1242 1240 1251 -1 1252 1235 1198 -1 1214 1196 1251 -1 1245 1251 1196 -1 1214 1251 1240 -1 1244 1249 1245 -1 1237 1235 1253 -1 1245 1249 1254 -1 1255 1256 1225 -1 1255 1225 1236 -1 1199 1184 1257 -1 1253 1235 1252 -1 1210 1236 1225 -1 1212 1213 1258 -1 1215 1258 1213 -1 1222 1259 1215 -1 1260 1261 1236 -1 1250 1262 1232 -1 1263 1262 1250 -1 1260 1236 1212 -1 1264 1260 1212 -1 1250 1233 1263 -1 1254 1249 1265 -1 1263 1234 1266 -1 1267 1265 1249 -1 1259 1222 1248 -1 1198 1200 1268 -1 1181 1199 1269 -1 1198 1268 1252 -1 1267 1262 1265 -1 1218 1181 1270 -1 1200 1218 1270 -1 1262 1263 1271 -1 1267 1249 1230 -1 1211 1267 1230 -1 1211 1232 1267 -1 1193 1247 1246 -1 1262 1267 1232 -1 1237 1253 1272 -1 1273 1231 1223 -1 1223 1224 1274 -1 1238 1274 1224 -1 1275 1238 1276 -1 1234 1263 1233 -1 1229 1277 1227 -1 1227 1277 1238 -1 1276 1238 1277 -1 1229 1242 1278 -1 1242 1251 1279 -1 1280 1242 1279 -1 1251 1245 1279 -1 1261 1255 1236 -1 1281 1245 1254 -1 1261 1260 1282 -1 1263 1266 1283 -1 1212 1258 1264 -1 1258 1215 1284 -1 1215 1259 1284 -1 1234 1246 1266 -1 1285 1261 1286 -1 1262 1271 1265 -1 1269 1199 1287 -1 1258 1284 1288 -1 1289 1271 1263 -1 1263 1283 1289 -1 1270 1290 1200 -1 1289 1283 1291 -1 1200 1290 1268 -1 1231 1292 1248 -1 1293 1252 1268 -1 1290 1293 1268 -1 1274 1273 1223 -1 1252 1294 1253 -1 1275 1274 1238 -1 1254 1265 1295 -1 1247 1237 1296 -1 1257 1184 1217 -1 1266 1247 1283 -1 1255 1297 1256 -1 1298 1256 1297 -1 1291 1283 1299 -1 1300 1283 1247 -1 1255 1261 1285 -1 1285 1297 1255 -1 1272 1296 1237 -1 1199 1257 1287 -1 1181 1269 1270 -1 1282 1286 1261 -1 1301 1231 1273 -1 1302 1252 1293 -1 1252 1302 1294 -1 1303 1294 1302 -1 1304 1282 1260 -1 1273 1274 1305 -1 1304 1264 1306 -1 1260 1264 1304 -1 1274 1275 1305 -1 1306 1264 1258 -1 1258 1288 1306 -1 1292 1231 1301 -1 1229 1307 1277 -1 1278 1307 1229 -1 1245 1281 1279 -1 1281 1254 1308 -1 1278 1242 1280 -1 1246 1247 1266 -1 1247 1309 1300 -1 1272 1253 1310 -1 1311 1271 1289 -1 1283 1300 1299 -1 1312 1248 1292 -1 1312 1292 1301 -1 1313 1314 1298 -1 1314 1313 1315 -1 1305 1301 1273 -1 1285 1286 1297 -1 1304 1316 1282 -1 1275 1276 1317 -1 1317 1276 1318 -1 1316 1304 1306 -1 1276 1307 1318 -1 1277 1307 1276 -1 1313 1297 1286 -1 1286 1282 1316 -1 1313 1286 1316 -1 1319 1253 1294 -1 1307 1278 1320 -1 1278 1280 1320 -1 1294 1303 1319 -1 1280 1279 1321 -1 1321 1322 1280 -1 1259 1312 1284 -1 1312 1259 1248 -1 1299 1300 1323 -1 1324 1305 1275 -1 1301 1305 1325 -1 1300 1326 1323 -1 1315 1327 1314 -1 1318 1307 1320 -1 1323 1326 1328 -1 1298 1297 1313 -1 1270 1329 1290 -1 1288 1284 1330 -1 1265 1331 1295 -1 1284 1312 1330 -1 1306 1288 1330 -1 1265 1271 1331 -1 1296 1272 1309 -1 1319 1310 1253 -1 1309 1247 1296 -1 1309 1272 1326 -1 1326 1300 1309 -1 1272 1310 1326 -1 1275 1317 1332 -1 1323 1333 1334 -1 1328 1333 1323 -1 1320 1280 1335 -1 1321 1279 1281 -1 1330 1312 1336 -1 1337 1293 1290 -1 1337 1338 1293 -1 1302 1293 1338 -1 1254 1295 1339 -1 1331 1339 1295 -1 1302 1340 1341 -1 1331 1271 1342 -1 1339 1331 1343 -1 1343 1344 1345 -1 1310 1319 1346 -1 1344 1343 1331 -1 1328 1326 1310 -1 1271 1311 1342 -1 1331 1342 1344 -1 1311 1289 1291 -1 1311 1291 1347 -1 1338 1340 1302 -1 1348 1339 1343 -1 1348 1343 1349 -1 1345 1349 1343 -1 1342 1311 1344 -1 1302 1350 1303 -1 1344 1311 1351 -1 1346 1319 1352 -1 1352 1353 1346 -1 1306 1330 1354 -1 1308 1254 1339 -1 1354 1316 1306 -1 1328 1346 1355 -1 1346 1353 1355 -1 1310 1346 1328 -1 1356 1323 1334 -1 1329 1270 1269 -1 1325 1312 1301 -1 1290 1329 1337 -1 1311 1347 1351 -1 1345 1351 1347 -1 1340 1338 1357 -1 1324 1275 1332 -1 1318 1320 1335 -1 1340 1358 1341 -1 1345 1344 1351 -1 1359 1303 1350 -1 1360 1291 1299 -1 1361 1360 1299 -1 1347 1291 1360 -1 1303 1352 1319 -1 1362 1308 1339 -1 1352 1303 1353 -1 1303 1359 1353 -1 1341 1350 1302 -1 1316 1354 1363 -1 1313 1316 1364 -1 1336 1354 1330 -1 1355 1353 1365 -1 1349 1345 1366 -1 1324 1325 1305 -1 1357 1338 1337 -1 1280 1322 1335 -1 1281 1322 1321 -1 1322 1281 1308 -1 1360 1361 1347 -1 1361 1299 1323 -1 1358 1340 1367 -1 1368 1347 1361 -1 1369 1368 1361 -1 1315 1313 1370 -1 1371 1317 1318 -1 1333 1328 1372 -1 1318 1335 1373 -1 1323 1356 1361 -1 1341 1359 1350 -1 1356 1334 1374 -1 1341 1358 1375 -1 1361 1356 1369 -1 1375 1359 1341 -1 1334 1333 1376 -1 1377 1353 1359 -1 1378 1339 1348 -1 1328 1355 1372 -1 1379 1348 1349 -1 1355 1365 1380 -1 1347 1368 1345 -1 1368 1369 1381 -1 1376 1374 1334 -1 1356 1374 1369 -1 1325 1324 1382 -1 1376 1333 1372 -1 1383 1363 1354 -1 1354 1336 1383 -1 1345 1368 1381 -1 1380 1372 1355 -1 1381 1369 1384 -1 1369 1385 1384 -1 1386 1339 1378 -1 1353 1377 1365 -1 1378 1348 1387 -1 1348 1379 1387 -1 1349 1388 1379 -1 1388 1349 1366 -1 1385 1374 1376 -1 1369 1374 1385 -1 1367 1340 1357 -1 1359 1375 1377 -1 1377 1375 1389 -1 1380 1365 1390 -1 1312 1325 1391 -1 1345 1381 1392 -1 1393 1391 1325 -1 1364 1316 1363 -1 1372 1380 1394 -1 1365 1377 1395 -1 1379 1388 1396 -1 1371 1318 1373 -1 1336 1397 1383 -1 1397 1336 1398 -1 1366 1345 1399 -1 1398 1336 1400 -1 1401 1379 1396 -1 1327 1315 1402 -1 1381 1403 1392 -1 1404 1403 1381 -1 1384 1404 1381 -1 1394 1376 1372 -1 1364 1370 1313 -1 1380 1390 1394 -1 1312 1391 1336 -1 1394 1390 1405 -1 1392 1399 1345 -1 1383 1397 1406 -1 1395 1377 1389 -1 1376 1384 1385 -1 1376 1394 1384 -1 1394 1405 1384 -1 1407 1382 1324 -1 1332 1407 1324 -1 1384 1405 1408 -1 1322 1409 1335 -1 1410 1409 1322 -1 1322 1308 1410 -1 1339 1386 1362 -1 1411 1362 1386 -1 1315 1370 1402 -1 1401 1387 1379 -1 1406 1397 1412 -1 1396 1388 1413 -1 1365 1395 1390 -1 1392 1403 1414 -1 1405 1415 1416 -1 1384 1408 1404 -1 1405 1416 1408 -1 1391 1393 1417 -1 1332 1317 1418 -1 1410 1308 1362 -1 1418 1317 1419 -1 1371 1419 1317 -1 1411 1386 1401 -1 1364 1363 1406 -1 1386 1378 1387 -1 1363 1383 1406 -1 1412 1397 1398 -1 1398 1400 1420 -1 1404 1421 1403 -1 1389 1375 1358 -1 1388 1366 1422 -1 1422 1413 1388 -1 1422 1399 1423 -1 1366 1399 1422 -1 1390 1415 1405 -1 1399 1392 1423 -1 1415 1390 1395 -1 1325 1382 1393 -1 1387 1401 1386 -1 1391 1424 1336 -1 1425 1404 1408 -1 1407 1393 1382 -1 1393 1407 1426 -1 1417 1393 1427 -1 1428 1410 1362 -1 1428 1362 1411 -1 1364 1406 1429 -1 1406 1412 1429 -1 1412 1398 1420 -1 1400 1336 1424 -1 1389 1430 1395 -1 1413 1431 1396 -1 1432 1415 1395 -1 1433 1431 1413 -1 1433 1413 1434 -1 1416 1415 1432 -1 1391 1417 1424 -1 1422 1423 1435 -1 1332 1418 1407 -1 1423 1392 1436 -1 1407 1418 1426 -1 1373 1335 1437 -1 1426 1427 1393 -1 1426 1418 1438 -1 1409 1439 1437 -1 1335 1409 1437 -1 1409 1410 1439 -1 1371 1373 1440 -1 1411 1401 1441 -1 1370 1364 1429 -1 1442 1389 1358 -1 1425 1421 1404 -1 1413 1422 1434 -1 1434 1422 1435 -1 1392 1414 1436 -1 1414 1403 1443 -1 1418 1419 1444 -1 1439 1410 1428 -1 1373 1437 1440 -1 1440 1445 1371 -1 1419 1371 1445 -1 1446 1401 1447 -1 1401 1396 1447 -1 1396 1431 1447 -1 1402 1370 1448 -1 1449 1431 1433 -1 1370 1429 1448 -1 1430 1389 1442 -1 1432 1395 1430 -1 1400 1424 1420 -1 1424 1450 1420 -1 1403 1421 1451 -1 1421 1425 1451 -1 1444 1419 1445 -1 1440 1437 1452 -1 1453 1411 1441 -1 1428 1411 1453 -1 1417 1454 1424 -1 1449 1447 1431 -1 1416 1455 1408 -1 1456 1423 1436 -1 1457 1408 1455 -1 1429 1412 1450 -1 1412 1420 1450 -1 1451 1425 1458 -1 1414 1443 1436 -1 1451 1443 1403 -1 1418 1444 1438 -1 1401 1446 1441 -1 1430 1442 1459 -1 1447 1449 1460 -1 1449 1433 1461 -1 1450 1424 1454 -1 1425 1408 1457 -1 1443 1451 1462 -1 1463 1436 1464 -1 1436 1443 1464 -1 1427 1465 1417 -1 1464 1443 1462 -1 1448 1429 1466 -1 1467 1429 1450 -1 1437 1439 1468 -1 1452 1437 1468 -1 1439 1428 1468 -1 1445 1440 1469 -1 1460 1449 1461 -1 1435 1423 1456 -1 1456 1436 1463 -1 1416 1432 1470 -1 1455 1416 1470 -1 1458 1425 1457 -1 1471 1458 1457 -1 1451 1458 1462 -1 1438 1472 1426 -1 1473 1462 1458 -1 1469 1440 1452 -1 1468 1428 1453 -1 1474 1475 1441 -1 1417 1465 1454 -1 1446 1447 1476 -1 1473 1464 1462 -1 1450 1454 1477 -1 1446 1474 1441 -1 1478 1476 1447 -1 1460 1478 1447 -1 1461 1433 1479 -1 1434 1479 1433 -1 1480 1456 1463 -1 1444 1445 1469 -1 1427 1426 1481 -1 1467 1450 1482 -1 1441 1483 1453 -1 1441 1475 1483 -1 1477 1454 1484 -1 1473 1458 1471 -1 1434 1435 1479 -1 1474 1483 1475 -1 1429 1467 1466 -1 1482 1450 1477 -1 1454 1465 1484 -1 1485 1446 1476 -1 1479 1435 1486 -1 1432 1430 1487 -1 1444 1469 1488 -1 1463 1464 1489 -1 1464 1490 1489 -1 1473 1490 1464 -1 1481 1426 1472 -1 1452 1468 1491 -1 1453 1483 1468 -1 1488 1452 1492 -1 1452 1488 1469 -1 1485 1474 1446 -1 1493 1485 1476 -1 1476 1478 1493 -1 1478 1460 1494 -1 1438 1444 1495 -1 1444 1488 1495 -1 1472 1438 1495 -1 1487 1430 1496 -1 1435 1456 1486 -1 1452 1491 1492 -1 1497 1471 1457 -1 1465 1498 1484 -1 1493 1478 1494 -1 1499 1491 1468 -1 1432 1500 1470 -1 1432 1487 1500 -1 1497 1457 1501 -1 1492 1502 1488 -1 1477 1484 1503 -1 1467 1482 1504 -1 1465 1505 1498 -1 1465 1427 1505 -1 1461 1494 1460 -1 1461 1479 1506 -1 1486 1456 1507 -1 1455 1470 1501 -1 1456 1480 1507 -1 1457 1455 1501 -1 1508 1491 1499 -1 1473 1471 1509 -1 1468 1483 1510 -1 1490 1473 1511 -1 1510 1483 1512 -1 1483 1474 1512 -1 1503 1484 1498 -1 1479 1486 1506 -1 1430 1459 1496 -1 1480 1463 1489 -1 1489 1490 1513 -1 1471 1497 1514 -1 1509 1511 1473 -1 1502 1515 1488 -1 1516 1492 1491 -1 1485 1512 1474 -1 1466 1467 1517 -1 1482 1477 1503 -1 1485 1493 1518 -1 1493 1494 1518 -1 1518 1494 1519 -1 1494 1461 1519 -1 1495 1488 1515 -1 1507 1520 1486 -1 1499 1468 1521 -1 1516 1491 1508 -1 1510 1521 1468 -1 1490 1511 1522 -1 1523 1502 1492 -1 1523 1492 1516 -1 1467 1504 1517 -1 1481 1505 1427 -1 1497 1501 1514 -1 1515 1472 1495 -1 1506 1486 1520 -1 1471 1514 1509 -1 1507 1480 1489 -1 1485 1524 1512 -1 1525 1482 1503 -1 1519 1461 1506 -1 1487 1496 1526 -1 1515 1527 1472 -1 1472 1528 1481 -1 1508 1499 1529 -1 1499 1521 1529 -1 1490 1522 1513 -1 1530 1516 1508 -1 1515 1502 1531 -1 1527 1515 1531 -1 1517 1504 1532 -1 1504 1482 1532 -1 1482 1525 1532 -1 1533 1498 1505 -1 1505 1481 1528 -1 1526 1500 1487 -1 1518 1519 1534 -1 1470 1500 1535 -1 1527 1528 1472 -1 1523 1531 1502 -1 1523 1516 1530 -1 1536 1533 1505 -1 1528 1536 1505 -1 1485 1518 1537 -1 1470 1535 1501 -1 1509 1538 1511 -1 1527 1531 1539 -1 1503 1498 1533 -1 1506 1520 1540 -1 1489 1513 1541 -1 1528 1527 1542 -1 1538 1509 1514 -1 1543 1531 1523 -1 1542 1527 1539 -1 1512 1544 1510 -1 1503 1533 1545 -1 1536 1545 1533 -1 1536 1528 1542 -1 1518 1546 1537 -1 1534 1519 1547 -1 1519 1506 1547 -1 1548 1508 1529 -1 1535 1500 1526 -1 1520 1507 1549 -1 1507 1489 1549 -1 1522 1511 1550 -1 1551 1521 1510 -1 1543 1523 1552 -1 1539 1531 1543 -1 1545 1525 1503 -1 1553 1514 1501 -1 1547 1506 1540 -1 1529 1551 1548 -1 1529 1521 1551 -1 1508 1548 1530 -1 1541 1549 1489 -1 1530 1552 1523 -1 1554 1539 1543 -1 1542 1539 1554 -1 1544 1512 1524 -1 1524 1485 1537 -1 1555 1517 1532 -1 1542 1556 1536 -1 1518 1534 1546 -1 1553 1501 1535 -1 1522 1550 1513 -1 1550 1511 1538 -1 1557 1525 1545 -1 1555 1532 1558 -1 1556 1542 1559 -1 1532 1525 1558 -1 1554 1559 1542 -1 1551 1560 1548 -1 1541 1513 1561 -1 1526 1562 1563 -1 1535 1526 1563 -1 1517 1555 1564 -1 1540 1520 1549 -1 1558 1525 1557 -1 1545 1536 1565 -1 1556 1565 1536 -1 1546 1566 1537 -1 1546 1534 1567 -1 1547 1567 1534 -1 1530 1548 1560 -1 1538 1514 1553 -1 1540 1549 1568 -1 1549 1541 1569 -1 1561 1513 1550 -1 1510 1544 1570 -1 1557 1545 1565 -1 1524 1537 1566 -1 1566 1546 1571 -1 1553 1535 1572 -1 1569 1568 1549 -1 1572 1535 1563 -1 1560 1551 1573 -1 1551 1510 1570 -1 1574 1544 1524 -1 1563 1562 1575 -1 1560 1552 1530 -1 1553 1576 1538 -1 1551 1570 1573 -1 1524 1566 1574 -1 1577 1555 1558 -1 1546 1567 1571 -1 1540 1578 1547 -1 1557 1565 1579 -1 1553 1572 1580 -1 1550 1538 1581 -1 1582 1554 1543 -1 1554 1582 1559 -1 1565 1556 1583 -1 1547 1578 1567 -1 1576 1553 1580 -1 1580 1572 1584 -1 1578 1540 1568 -1 1572 1563 1575 -1 1558 1557 1579 -1 1569 1541 1561 -1 1538 1576 1581 -1 1581 1561 1550 -1 1559 1582 1556 -1 1585 1560 1586 -1 1573 1586 1560 -1 1552 1560 1585 -1 1573 1570 1544 -1 1552 1587 1543 -1 1564 1555 1588 -1 1555 1577 1588 -1 1558 1579 1577 -1 1565 1583 1579 -1 1583 1556 1582 -1 1586 1589 1590 -1 1586 1573 1589 -1 1552 1585 1587 -1 1566 1571 1591 -1 1575 1592 1572 -1 1593 1572 1592 -1 1569 1561 1594 -1 1581 1594 1561 -1 1587 1582 1543 -1 1544 1574 1595 -1 1574 1566 1591 -1 1571 1567 1596 -1 1567 1578 1597 -1 1578 1568 1598 -1 1576 1580 1593 -1 1580 1584 1593 -1 1584 1572 1593 -1 1573 1544 1599 -1 1588 1577 1600 -1 1596 1567 1597 -1 1597 1578 1598 -1 1590 1585 1586 -1 1579 1583 1601 -1 1589 1602 1590 -1 1573 1599 1603 -1 1595 1599 1544 -1 1596 1591 1571 -1 1568 1569 1604 -1 1594 1604 1569 -1 1593 1605 1576 -1 1581 1576 1606 -1 1577 1579 1607 -1 1605 1606 1576 -1 1589 1573 1603 -1 1608 1588 1600 -1 1574 1609 1595 -1 1607 1600 1577 -1 1574 1591 1609 -1 1592 1575 1610 -1 1579 1601 1607 -1 1568 1604 1598 -1 1594 1581 1606 -1 1609 1591 1611 -1 1612 1611 1591 -1 1596 1612 1591 -1 1613 1596 1597 -1 1593 1592 1614 -1 1613 1597 1615 -1 1598 1615 1597 -1 1608 1600 1616 -1 1609 1599 1595 -1 1617 1612 1596 -1 1613 1618 1596 -1 1619 1620 1585 -1 1587 1585 1620 -1 1621 1605 1593 -1 1615 1598 1604 -1 1592 1610 1614 -1 1622 1587 1620 -1 1621 1593 1614 -1 1623 1583 1582 -1 1606 1624 1594 -1 1625 1606 1605 -1 1600 1607 1626 -1 1599 1609 1611 -1 1619 1590 1602 -1 1585 1590 1619 -1 1607 1627 1626 -1 1582 1587 1622 -1 1624 1615 1604 -1 1594 1624 1604 -1 1589 1603 1602 -1 1602 1603 1628 -1 1603 1599 1628 -1 1628 1599 1629 -1 1599 1611 1629 -1 1630 1629 1611 -1 1611 1612 1630 -1 1617 1596 1618 -1 1613 1615 1631 -1 1607 1601 1632 -1 1601 1583 1632 -1 1624 1606 1625 -1 1605 1633 1625 -1 1634 1602 1628 -1 1635 1616 1600 -1 1636 1617 1618 -1 1633 1621 1637 -1 1605 1621 1633 -1 1621 1614 1637 -1 1607 1632 1627 -1 1624 1638 1615 -1 1632 1583 1623 -1 1602 1634 1619 -1 1619 1634 1639 -1 1616 1635 1640 -1 1600 1626 1635 -1 1630 1612 1641 -1 1612 1617 1641 -1 1631 1615 1642 -1 1620 1643 1622 -1 1623 1622 1643 -1 1624 1625 1638 -1 1622 1623 1582 -1 1633 1644 1625 -1 1645 1634 1628 -1 1629 1645 1628 -1 1645 1629 1646 -1 1619 1639 1620 -1 1647 1627 1632 -1 1631 1618 1613 -1 1631 1642 1648 -1 1644 1633 1649 -1 1642 1615 1638 -1 1644 1650 1625 -1 1632 1623 1651 -1 1635 1626 1627 -1 1645 1652 1634 -1 1653 1652 1645 -1 1646 1653 1645 -1 1643 1620 1639 -1 1629 1630 1646 -1 1654 1655 1614 -1 1637 1614 1655 -1 1637 1649 1633 -1 1638 1625 1650 -1 1632 1651 1647 -1 1640 1635 1656 -1 1627 1656 1635 -1 1648 1618 1631 -1 1650 1657 1638 -1 1638 1657 1642 -1 1647 1656 1627 -1 1639 1634 1658 -1 1659 1646 1630 -1 1641 1617 1660 -1 1643 1639 1661 -1 1647 1651 1662 -1 1651 1623 1663 -1 1663 1623 1664 -1 1658 1634 1652 -1 1665 1651 1663 -1 1648 1636 1618 -1 1648 1642 1666 -1 1667 1640 1656 -1 1656 1647 1668 -1 1661 1664 1643 -1 1639 1658 1661 -1 1623 1643 1664 -1 1651 1665 1662 -1 1660 1617 1636 -1 1669 1648 1666 -1 1642 1657 1666 -1 1650 1644 1670 -1 1671 1670 1644 -1 1672 1658 1652 -1 1630 1641 1673 -1 1662 1668 1647 -1 1644 1649 1671 -1 1649 1637 1655 -1 1648 1669 1636 -1 1674 1657 1650 -1 1650 1670 1675 -1 1661 1658 1676 -1 1649 1655 1677 -1 1660 1636 1678 -1 1674 1666 1657 -1 1679 1661 1676 -1 1664 1661 1679 -1 1676 1658 1680 -1 1652 1653 1672 -1 1653 1646 1681 -1 1659 1681 1646 -1 1659 1630 1673 -1 1656 1668 1667 -1 1673 1641 1660 -1 1650 1682 1674 -1 1682 1650 1675 -1 1671 1683 1670 -1 1679 1684 1664 -1 1664 1685 1663 -1 1672 1680 1658 -1 1672 1653 1686 -1 1649 1677 1671 -1 1673 1660 1687 -1 1678 1636 1669 -1 1675 1670 1688 -1 1688 1670 1683 -1 1684 1685 1664 -1 1653 1681 1686 -1 1665 1663 1685 -1 1660 1678 1687 -1 1674 1682 1689 -1 1674 1690 1666 -1 1682 1675 1691 -1 1676 1692 1679 -1 1692 1676 1680 -1 1686 1681 1693 -1 1681 1659 1693 -1 1687 1659 1673 -1 1683 1671 1694 -1 1674 1689 1690 -1 1679 1692 1695 -1 1695 1684 1679 -1 1693 1659 1696 -1 1671 1677 1694 -1 1668 1662 1697 -1 1669 1666 1678 -1 1687 1678 1698 -1 1678 1666 1699 -1 1667 1668 1697 -1 1691 1689 1682 -1 1688 1700 1675 -1 1692 1680 1701 -1 1672 1686 1702 -1 1690 1699 1666 -1 1691 1675 1700 -1 1688 1683 1694 -1 1672 1702 1680 -1 1703 1702 1686 -1 1696 1659 1687 -1 1697 1662 1704 -1 1662 1665 1704 -1 1678 1699 1698 -1 1688 1694 1705 -1 1692 1706 1695 -1 1665 1685 1707 -1 1708 1665 1707 -1 1687 1698 1709 -1 1689 1691 1710 -1 1701 1680 1702 -1 1709 1696 1687 -1 1704 1665 1708 -1 1708 1711 1704 -1 1712 1689 1710 -1 1713 1710 1691 -1 1700 1713 1691 -1 1714 1700 1688 -1 1712 1699 1690 -1 1689 1712 1690 -1 1684 1695 1715 -1 1703 1686 1716 -1 1686 1693 1716 -1 1717 1696 1709 -1 1718 1709 1698 -1 1698 1699 1718 -1 1719 1718 1699 -1 1719 1699 1712 -1 1720 1721 1713 -1 1722 1723 1712 -1 1710 1722 1712 -1 1721 1722 1710 -1 1692 1724 1706 -1 1713 1721 1710 -1 1725 1702 1703 -1 1693 1696 1716 -1 1700 1714 1713 -1 1705 1714 1688 -1 1719 1712 1723 -1 1722 1726 1723 -1 1727 1695 1706 -1 1715 1695 1727 -1 1692 1701 1724 -1 1728 1684 1715 -1 1685 1684 1728 -1 1696 1729 1716 -1 1717 1729 1696 -1 1711 1708 1730 -1 1708 1707 1730 -1 1731 1718 1732 -1 1718 1719 1732 -1 1733 1723 1726 -1 1709 1731 1734 -1 1718 1731 1709 -1 1726 1722 1735 -1 1736 1685 1728 -1 1707 1685 1736 -1 1725 1701 1702 -1 1727 1706 1724 -1 1701 1737 1724 -1 1728 1715 1738 -1 1725 1737 1701 -1 1729 1739 1716 -1 1716 1739 1703 -1 1711 1740 1704 -1 1731 1732 1741 -1 1732 1719 1733 -1 1719 1723 1733 -1 1717 1709 1734 -1 1727 1738 1715 -1 1736 1742 1707 -1 1725 1703 1739 -1 1729 1717 1734 -1 1707 1742 1730 -1 1734 1731 1741 -1 1722 1721 1735 -1 1743 1744 1745 -1 1727 1724 1746 -1 1737 1747 1724 -1 1746 1724 1748 -1 1749 1750 1751 -1 1740 1711 1751 -1 1728 1738 1752 -1 1736 1728 1752 -1 1753 1754 1739 -1 1734 1755 1729 -1 1732 1733 1741 -1 1735 1721 1756 -1 1744 1743 1757 -1 1738 1758 1759 -1 1747 1748 1724 -1 1727 1758 1738 -1 1747 1760 1761 -1 1762 1763 1764 -1 1751 1765 1749 -1 1763 1766 1767 -1 1765 1751 1742 -1 1711 1742 1751 -1 1711 1730 1742 -1 1725 1739 1754 -1 1729 1753 1739 -1 1733 1768 1769 -1 1768 1733 1726 -1 1735 1768 1726 -1 1758 1745 1770 -1 1758 1727 1745 -1 1758 1770 1771 -1 1771 1759 1758 -1 1746 1743 1745 -1 1746 1745 1727 -1 1749 1772 1750 -1 1749 1765 1759 -1 1742 1773 1765 -1 1759 1752 1738 -1 1736 1773 1742 -1 1736 1752 1773 -1 1760 1754 1764 -1 1754 1760 1747 -1 1764 1754 1762 -1 1762 1754 1774 -1 1737 1725 1754 -1 1775 1762 1774 -1 1776 1777 1775 -1 1755 1753 1729 -1 1778 1779 1780 -1 1781 1780 1779 -1 1782 1781 1779 -1 1783 1782 1779 -1 1783 1779 1778 -1 1778 1755 1734 -1 1761 1784 1785 -1 1778 1734 1741 -1 1786 1746 1787 -1 1746 1786 1743 -1 1783 1778 1741 -1 1787 1746 1748 -1 1748 1761 1785 -1 1761 1748 1747 -1 1783 1741 1733 -1 1769 1783 1733 -1 1788 1789 1790 -1 1788 1785 1784 -1 1788 1784 1760 -1 1789 1788 1763 -1 1763 1767 1789 -1 1761 1760 1784 -1 1788 1760 1764 -1 1764 1763 1788 -1 1763 1762 1791 -1 1775 1791 1762 -1 1766 1763 1791 -1 1780 1777 1776 -1 1759 1771 1772 -1 1749 1759 1772 -1 1773 1759 1765 -1 1759 1773 1752 -1 1754 1747 1737 -1 1753 1774 1754 -1 1775 1774 1776 -1 1776 1774 1755 -1 1755 1774 1753 -1 1776 1755 1780 -1 1777 1791 1775 -1 1769 1782 1783 -1 1781 1777 1780 -1 1778 1780 1755 -1 1792 1793 1794 -1 1795 1793 1792 -1 1795 1796 1793 -1 1796 1797 1793 -1 1798 1799 1800 -1 1801 1802 1803 -1 1800 1799 1804 -1 1800 1804 1805 -1 1806 1801 1803 -1 1807 1808 1809 -1 1810 1811 1807 -1 1808 1807 1811 -1 1812 1813 1807 -1 1794 1793 1814 -1 1815 1816 1817 -1 1816 1813 1817 -1 1801 1818 1802 -1 1813 1812 1817 -1 1815 1817 1819 -1 1802 1820 1803 -1 1821 1792 1794 -1 1822 1799 1798 -1 1808 1811 1823 -1 1805 1809 1800 -1 1807 1824 1810 -1 1822 1794 1814 -1 1814 1793 1797 -1 1824 1816 1825 -1 1818 1826 1802 -1 1818 1796 1826 -1 1827 1816 1815 -1 1828 1822 1798 -1 1800 1829 1798 -1 1830 1831 1832 -1 1829 1800 1823 -1 1808 1823 1809 -1 1800 1809 1823 -1 1814 1799 1822 -1 1799 1814 1797 -1 1833 1823 1811 -1 1813 1816 1824 -1 1834 1810 1824 -1 1835 1820 1836 -1 1836 1820 1795 -1 1835 1836 1837 -1 1820 1802 1795 -1 1796 1795 1826 -1 1828 1821 1794 -1 1828 1794 1822 -1 1836 1795 1792 -1 1833 1829 1823 -1 1807 1813 1824 -1 1816 1827 1825 -1 1838 1839 1840 -1 1841 1827 1842 -1 1834 1843 1810 -1 1815 1844 1827 -1 1825 1834 1824 -1 1844 1815 1819 -1 1831 1844 1819 -1 1820 1845 1846 -1 1847 1820 1846 -1 1820 1847 1803 -1 1845 1820 1835 -1 1848 1849 1850 -1 1850 1849 1851 -1 1839 1852 1853 -1 1826 1795 1802 -1 1854 1803 1840 -1 1806 1803 1854 -1 1855 1856 1821 -1 1836 1792 1837 -1 1856 1792 1821 -1 1798 1829 1857 -1 1858 1857 1859 -1 1841 1825 1827 -1 1860 1857 1861 -1 1833 1861 1829 -1 1829 1861 1857 -1 1838 1862 1863 -1 1841 1842 1864 -1 1862 1838 1865 -1 1861 1833 1866 -1 1842 1827 1867 -1 1833 1811 1866 -1 1839 1838 1868 -1 1869 1830 1870 -1 1866 1811 1810 -1 1865 1847 1846 -1 1870 1830 1871 -1 1871 1830 1850 -1 1810 1843 1866 -1 1847 1865 1838 -1 1844 1867 1827 -1 1840 1839 1853 -1 1831 1867 1844 -1 1869 1867 1830 -1 1830 1867 1831 -1 1847 1838 1840 -1 1832 1848 1830 -1 1832 1849 1848 -1 1872 1835 1837 -1 1873 1855 1821 -1 1856 1837 1792 -1 1873 1821 1874 -1 1874 1821 1875 -1 1821 1828 1875 -1 1875 1828 1874 -1 1798 1874 1828 -1 1858 1798 1857 -1 1854 1840 1853 -1 1857 1860 1859 -1 1876 1873 1874 -1 1877 1873 1878 -1 1879 1873 1877 -1 1876 1874 1858 -1 1858 1874 1798 -1 1873 1880 1878 -1 1880 1873 1881 -1 1881 1873 1876 -1 1882 1859 1860 -1 1881 1876 1859 -1 1858 1859 1876 -1 1883 1884 1885 -1 1886 1887 1843 -1 1862 1883 1888 -1 1886 1843 1889 -1 1890 1869 1870 -1 1863 1862 1888 -1 1862 1891 1883 -1 1868 1838 1863 -1 1834 1889 1843 -1 1867 1869 1842 -1 1889 1834 1825 -1 1848 1850 1830 -1 1892 1845 1893 -1 1893 1845 1835 -1 1891 1845 1894 -1 1895 1896 1850 -1 1872 1897 1893 -1 1896 1871 1850 -1 1893 1835 1872 -1 1855 1872 1856 -1 1837 1856 1872 -1 1845 1891 1846 -1 1895 1850 1898 -1 1847 1840 1803 -1 1850 1851 1898 -1 1873 1879 1855 -1 1899 1892 1893 -1 1900 1901 1902 -1 1841 1900 1903 -1 1841 1903 1886 -1 1877 1904 1897 -1 1904 1893 1897 -1 1886 1889 1841 -1 1897 1879 1877 -1 1864 1900 1841 -1 1878 1905 1906 -1 1901 1900 1864 -1 1880 1905 1878 -1 1841 1889 1825 -1 1907 1880 1881 -1 1870 1908 1909 -1 1860 1861 1910 -1 1861 1911 1910 -1 1911 1861 1912 -1 1913 1911 1912 -1 1881 1859 1882 -1 1912 1861 1866 -1 1866 1843 1913 -1 1914 1887 1886 -1 1914 1886 1902 -1 1915 1885 1884 -1 1887 1913 1843 -1 1866 1913 1912 -1 1916 1884 1917 -1 1894 1884 1883 -1 1892 1899 1918 -1 1892 1894 1845 -1 1883 1891 1894 -1 1897 1872 1879 -1 1885 1888 1883 -1 1855 1879 1872 -1 1846 1891 1862 -1 1894 1892 1919 -1 1920 1918 1899 -1 1921 1899 1922 -1 1922 1899 1893 -1 1923 1908 1924 -1 1904 1925 1926 -1 1908 1927 1928 -1 1906 1925 1904 -1 1922 1893 1904 -1 1929 1902 1901 -1 1902 1903 1900 -1 1901 1909 1930 -1 1930 1909 1923 -1 1931 1905 1932 -1 1880 1932 1905 -1 1909 1901 1864 -1 1880 1907 1932 -1 1933 1934 1935 -1 1934 1933 1936 -1 1909 1908 1923 -1 1888 1885 1934 -1 1864 1890 1909 -1 1842 1890 1864 -1 1890 1842 1869 -1 1908 1870 1927 -1 1871 1927 1870 -1 1927 1871 1896 -1 1860 1937 1882 -1 1937 1860 1910 -1 1916 1915 1884 -1 1938 1910 1911 -1 1938 1911 1939 -1 1915 1934 1885 -1 1882 1907 1881 -1 1919 1917 1884 -1 1887 1939 1913 -1 1919 1918 1917 -1 1919 1884 1894 -1 1911 1913 1939 -1 1940 1887 1914 -1 1862 1865 1846 -1 1929 1914 1902 -1 1902 1886 1903 -1 1918 1919 1892 -1 1941 1921 1926 -1 1942 1943 1901 -1 1944 1901 1930 -1 1916 1945 1946 -1 1944 1930 1947 -1 1930 1923 1948 -1 1926 1921 1922 -1 1921 1920 1899 -1 1917 1945 1916 -1 1948 1923 1924 -1 1945 1917 1920 -1 1920 1917 1918 -1 1928 1924 1908 -1 1926 1922 1904 -1 1901 1943 1929 -1 1906 1904 1877 -1 1890 1870 1909 -1 1905 1931 1949 -1 1931 1932 1950 -1 1951 1896 1895 -1 1906 1877 1878 -1 1906 1905 1952 -1 1938 1953 1910 -1 1935 1934 1954 -1 1955 1914 1943 -1 1933 1935 1956 -1 1929 1943 1914 -1 1932 1907 1882 -1 1888 1934 1936 -1 1957 1937 1910 -1 1863 1888 1936 -1 1958 1938 1939 -1 1939 1887 1958 -1 1887 1940 1958 -1 1916 1946 1915 -1 1882 1937 1950 -1 1959 1960 1915 -1 1960 1961 1954 -1 1962 1946 1963 -1 1964 1963 1965 -1 1942 1955 1943 -1 1966 1926 1925 -1 1944 1942 1901 -1 1963 1946 1945 -1 1925 1906 1952 -1 1947 1930 1948 -1 1965 1920 1921 -1 1931 1967 1949 -1 1927 1896 1968 -1 1949 1952 1905 -1 1931 1969 1967 -1 1970 1910 1953 -1 1970 1953 1971 -1 1915 1960 1934 -1 1953 1938 1958 -1 1953 1958 1940 -1 1953 1940 1971 -1 1955 1971 1914 -1 1914 1971 1940 -1 1931 1950 1972 -1 1957 1972 1937 -1 1950 1937 1972 -1 1932 1882 1950 -1 1973 1954 1974 -1 1975 1976 1955 -1 1977 1967 1978 -1 1955 1942 1975 -1 1967 1977 1979 -1 1980 1975 1944 -1 1975 1942 1944 -1 1978 1967 1969 -1 1954 1961 1974 -1 1941 1926 1981 -1 1961 1960 1959 -1 1980 1944 1947 -1 1965 1982 1964 -1 1981 1926 1966 -1 1952 1966 1925 -1 1983 1966 1952 -1 1964 1962 1963 -1 1962 1984 1946 -1 1946 1959 1915 -1 1963 1945 1965 -1 1983 1952 1949 -1 1920 1965 1945 -1 1949 1967 1985 -1 1910 1986 1957 -1 1986 1910 1970 -1 1987 1955 1976 -1 1972 1969 1931 -1 1988 1972 1957 -1 1960 1954 1934 -1 1989 1986 1970 -1 1970 1971 1990 -1 1971 1955 1990 -1 1987 1990 1955 -1 1969 1972 1988 -1 1974 1961 1984 -1 1959 1984 1961 -1 1947 1948 1991 -1 1982 1992 1964 -1 1968 1896 1951 -1 1993 1965 1921 -1 1994 1993 1941 -1 1941 1993 1921 -1 1995 1966 1979 -1 1985 1966 1983 -1 1985 1979 1966 -1 1985 1967 1979 -1 1949 1985 1983 -1 1988 1978 1969 -1 1957 1986 1988 -1 1987 1976 1996 -1 1989 1970 1987 -1 1987 1970 1990 -1 1989 1987 1997 -1 1995 1998 1981 -1 1995 1981 1966 -1 1974 1999 2000 -1 1995 2001 1998 -1 2002 1975 2003 -1 1975 2002 1976 -1 2004 1973 1974 -1 2003 1975 1980 -1 2005 1977 2006 -1 1954 2007 1935 -1 2006 1977 1978 -1 1941 2008 1994 -1 1924 2009 1948 -1 2009 1924 1928 -1 1984 1999 1974 -1 1928 1927 1968 -1 2008 1941 1981 -1 1984 1959 1946 -1 1964 1992 2010 -1 1964 2010 1962 -1 2011 1986 2012 -1 1986 1989 2012 -1 2013 1992 1982 -1 1982 1965 1993 -1 1988 1986 2014 -1 2006 1978 1988 -1 2006 1988 2014 -1 2015 1935 2007 -1 2016 2011 2012 -1 1956 1935 2015 -1 2017 1989 2018 -1 2017 2012 1989 -1 2011 2006 2014 -1 2014 1986 2011 -1 1974 2000 2004 -1 2019 1994 2008 -1 1997 1987 1996 -1 1999 1984 1962 -1 1973 2004 2020 -1 2021 1973 2020 -1 2002 1997 1976 -1 1996 1976 1997 -1 1997 2002 2022 -1 2023 2007 2021 -1 2021 2007 1973 -1 1954 1973 2007 -1 1979 2024 1995 -1 2025 2005 2011 -1 2024 2005 2001 -1 2010 1992 2026 -1 1992 2027 2026 -1 2001 1995 2024 -1 1979 1977 2024 -1 2013 2027 1992 -1 2005 2024 1977 -1 2027 2013 2028 -1 1991 1948 2009 -1 2006 2011 2005 -1 2013 1982 1993 -1 2013 1993 1994 -1 2018 2029 2017 -1 2015 2007 2030 -1 2028 2031 2032 -1 2033 2008 1981 -1 2019 2008 2034 -1 2019 2028 1994 -1 2019 2034 2031 -1 2028 2019 2031 -1 1980 1947 2003 -1 1991 2009 2035 -1 2036 2037 2000 -1 2009 1928 2038 -1 1928 1968 2039 -1 2000 2040 2004 -1 2041 1968 1951 -1 2042 2005 2025 -1 2043 2042 2044 -1 2044 2042 2025 -1 2045 2000 2026 -1 2023 2021 2020 -1 2032 2027 2028 -1 2032 2026 2027 -1 2028 2013 1994 -1 2046 2016 2012 -1 2047 2018 2048 -1 2018 1989 2049 -1 2050 2015 2030 -1 1989 1997 2049 -1 1997 2022 2049 -1 2030 2051 2052 -1 2051 2030 2023 -1 2051 2023 2020 -1 1998 2053 2054 -1 2003 1947 1991 -1 2034 2008 2033 -1 2023 2030 2007 -1 1928 2039 2038 -1 2054 1981 1998 -1 2032 2031 2055 -1 2042 2056 2005 -1 2057 2031 2058 -1 2037 2040 2000 -1 2025 2011 2016 -1 1998 2001 2056 -1 2000 2045 2036 -1 2005 2056 2001 -1 2059 2045 2032 -1 2032 2045 2026 -1 2000 2010 2026 -1 1999 2010 2000 -1 2010 1999 1962 -1 2044 2025 2046 -1 2017 2060 2012 -1 2016 2046 2025 -1 2018 2047 2029 -1 2018 2049 2048 -1 2048 2049 2022 -1 2017 2029 2060 -1 2047 2061 2029 -1 2002 2003 2062 -1 2040 2052 2051 -1 2040 2051 2004 -1 2053 1998 2063 -1 2056 2063 1998 -1 1968 2041 2039 -1 2004 2051 2020 -1 2033 1981 2054 -1 2042 2063 2056 -1 2042 2043 2064 -1 2045 2065 2036 -1 2065 2045 2059 -1 2065 2059 2066 -1 2059 2032 2055 -1 2057 2055 2031 -1 2031 2034 2058 -1 2058 2034 2033 -1 2048 2022 2067 -1 2022 2002 2068 -1 2003 1991 2069 -1 2060 2029 2070 -1 2047 2071 2061 -1 2047 2072 2071 -1 2072 2047 2048 -1 2033 2054 2073 -1 2030 2074 2050 -1 2064 2043 2075 -1 2043 2044 2076 -1 2060 2046 2012 -1 2057 2066 2055 -1 2059 2055 2066 -1 2068 2002 2062 -1 2069 2062 2003 -1 2069 1991 2035 -1 2035 2009 2038 -1 2075 2043 2076 -1 2040 2037 2077 -1 2029 2061 2070 -1 2030 2052 2078 -1 2030 2078 2074 -1 2073 2079 2033 -1 2080 2063 2064 -1 2042 2064 2063 -1 2057 2058 2079 -1 2063 2080 2053 -1 2080 2064 2075 -1 2033 2079 2058 -1 2081 2077 2037 -1 2046 2076 2044 -1 2076 2046 2060 -1 2048 2067 2072 -1 2070 2076 2060 -1 2082 2054 2053 -1 2054 2082 2073 -1 2074 2078 2083 -1 2022 2068 2067 -1 2081 2037 2036 -1 2065 2084 2036 -1 2065 2066 2085 -1 2085 2057 2086 -1 2057 2085 2066 -1 2035 2038 2087 -1 2057 2079 2086 -1 2061 2071 2088 -1 2071 2072 2089 -1 2078 2052 2090 -1 2087 2038 2091 -1 2073 2086 2079 -1 2038 2039 2092 -1 2093 2039 2041 -1 2094 2086 2073 -1 2077 2081 2095 -1 2080 2096 2053 -1 2040 2077 2052 -1 2096 2080 2075 -1 2081 2036 2084 -1 2065 2085 2084 -1 2087 2069 2035 -1 2039 2093 2092 -1 2075 2076 2097 -1 2097 2076 2070 -1 2070 2061 2098 -1 2072 2067 2099 -1 2094 2073 2082 -1 2082 2053 2096 -1 2062 2069 2100 -1 2069 2087 2101 -1 2092 2091 2038 -1 2092 2093 2102 -1 2098 2061 2088 -1 2088 2071 2089 -1 2090 2052 2077 -1 2103 2085 2086 -1 2091 2092 2102 -1 2097 2070 2098 -1 2089 2072 2099 -1 2077 2104 2090 -1 2077 2095 2104 -1 2099 2067 2105 -1 2084 2085 2106 -1 2062 2107 2068 -1 2069 2101 2100 -1 2086 2094 2103 -1 2101 2087 2108 -1 2087 2091 2108 -1 2091 2102 2108 -1 2083 2078 2109 -1 2078 2090 2109 -1 2068 2107 2067 -1 2107 2062 2100 -1 2103 2106 2085 -1 2096 2075 2110 -1 2107 2100 2111 -1 2101 2108 2112 -1 2113 2108 2102 -1 2084 2114 2081 -1 2084 2115 2114 -1 2115 2084 2106 -1 2098 2088 2116 -1 2116 2088 2089 -1 2105 2117 2099 -1 2067 2107 2105 -1 2111 2101 2112 -1 2100 2101 2111 -1 2112 2108 2113 -1 2109 2090 2118 -1 2096 2110 2119 -1 2075 2097 2110 -1 2097 2098 2120 -1 2089 2099 2117 -1 2096 2119 2082 -1 2105 2107 2121 -1 2122 2113 2102 -1 2104 2123 2090 -1 2114 2124 2081 -1 2081 2124 2095 -1 2115 2106 2125 -1 2126 2106 2103 -1 2126 2103 2127 -1 2103 2094 2127 -1 2116 2089 2128 -1 2117 2105 2129 -1 2095 2123 2104 -1 2082 2119 2130 -1 2121 2107 2131 -1 2132 2115 2125 -1 2111 2112 2131 -1 2119 2110 2133 -1 2120 2098 2134 -1 2133 2097 2120 -1 2097 2133 2110 -1 2123 2095 2124 -1 2117 2129 2135 -1 2136 2094 2082 -1 2090 2123 2118 -1 2107 2111 2131 -1 2131 2112 2137 -1 2137 2112 2113 -1 2134 2098 2116 -1 2128 2089 2138 -1 2138 2117 2135 -1 2136 2082 2130 -1 2105 2121 2129 -1 2125 2106 2126 -1 2137 2139 2131 -1 2114 2115 2132 -1 2122 2140 2113 -1 2089 2117 2138 -1 2109 2118 2141 -1 2127 2142 2126 -1 2137 2113 2143 -1 2132 2144 2114 -1 2114 2145 2124 -1 2146 2142 2127 -1 2118 2123 2147 -1 2123 2124 2147 -1 2118 2148 2141 -1 2127 2094 2146 -1 2146 2094 2136 -1 2129 2149 2135 -1 2129 2121 2150 -1 2139 2137 2143 -1 2151 2126 2142 -1 2134 2116 2152 -1 2128 2138 2153 -1 2138 2135 2149 -1 2149 2129 2150 -1 2126 2151 2154 -1 2154 2132 2125 -1 2125 2126 2154 -1 2148 2118 2147 -1 2139 2121 2131 -1 2145 2114 2144 -1 2147 2124 2145 -1 2143 2113 2155 -1 2155 2113 2156 -1 2130 2119 2157 -1 2116 2128 2152 -1 2152 2128 2153 -1 2138 2149 2158 -1 2146 2136 2130 -1 2139 2159 2121 -1 2159 2139 2143 -1 2154 2160 2132 -1 2145 2144 2160 -1 2144 2132 2160 -1 2113 2140 2156 -1 2157 2119 2133 -1 2161 2134 2152 -1 2158 2149 2162 -1 2121 2159 2150 -1 2159 2143 2163 -1 2156 2140 2164 -1 2151 2142 2165 -1 2166 2146 2167 -1 2168 2130 2157 -1 2133 2169 2157 -1 2170 2120 2161 -1 2120 2134 2161 -1 2158 2171 2138 -1 2145 2172 2147 -1 2149 2150 2162 -1 2141 2148 2173 -1 2174 2173 2148 -1 2154 2151 2175 -1 2175 2151 2165 -1 2160 2154 2175 -1 2165 2142 2146 -1 2176 2120 2170 -1 2133 2120 2176 -1 2152 2177 2161 -1 2152 2153 2177 -1 2153 2138 2171 -1 2172 2174 2148 -1 2172 2148 2147 -1 2146 2130 2167 -1 2167 2130 2168 -1 2162 2150 2178 -1 2150 2159 2178 -1 2163 2179 2159 -1 2143 2155 2180 -1 2156 2181 2155 -1 2181 2156 2164 -1 2145 2160 2182 -1 2168 2157 2169 -1 2177 2153 2183 -1 2183 2153 2171 -1 2171 2158 2162 -1 2184 2173 2174 -1 2178 2185 2162 -1 2174 2186 2184 -1 2179 2178 2159 -1 2163 2143 2180 -1 2166 2165 2146 -1 2187 2181 2164 -1 2187 2164 2188 -1 2169 2133 2176 -1 2174 2172 2186 -1 2172 2145 2189 -1 2189 2145 2182 -1 2173 2184 2190 -1 2190 2191 2173 -1 2171 2162 2185 -1 2175 2165 2192 -1 2155 2181 2180 -1 2180 2181 2187 -1 2193 2187 2188 -1 2171 2194 2183 -1 2171 2185 2194 -1 2195 2178 2179 -1 2196 2195 2179 -1 2166 2167 2197 -1 2196 2179 2163 -1 2196 2163 2180 -1 2198 2170 2161 -1 2199 2170 2198 -1 2182 2200 2189 -1 2172 2189 2201 -1 2177 2198 2161 -1 2190 2184 2202 -1 2194 2203 2183 -1 2204 2203 2194 -1 2186 2202 2184 -1 2194 2185 2205 -1 2185 2178 2195 -1 2160 2175 2192 -1 2168 2169 2206 -1 2169 2207 2206 -1 2176 2208 2169 -1 2169 2208 2207 -1 2180 2209 2196 -1 2170 2199 2208 -1 2208 2176 2170 -1 2201 2186 2172 -1 2209 2180 2187 -1 2209 2187 2193 -1 2177 2203 2198 -1 2183 2203 2177 -1 2168 2197 2167 -1 2205 2210 2194 -1 2209 2211 2196 -1 2160 2192 2212 -1 2213 2209 2193 -1 2200 2201 2189 -1 2214 2198 2204 -1 2204 2198 2203 -1 2195 2205 2185 -1 2215 2195 2196 -1 2215 2196 2211 -1 2182 2216 2200 -1 2182 2160 2212 -1 2165 2217 2192 -1 2211 2209 2213 -1 2213 2193 2218 -1 2166 2219 2165 -1 2208 2199 2220 -1 2200 2221 2201 -1 2190 2202 2222 -1 2212 2216 2182 -1 2219 2217 2165 -1 2219 2166 2197 -1 2197 2168 2206 -1 2207 2208 2220 -1 2223 2204 2210 -1 2194 2210 2204 -1 2221 2200 2216 -1 2224 2190 2222 -1 2205 2195 2225 -1 2225 2195 2215 -1 2217 2226 2192 -1 2212 2192 2226 -1 2211 2213 2227 -1 2215 2211 2227 -1 2220 2199 2228 -1 2199 2229 2228 -1 2198 2214 2229 -1 2198 2229 2199 -1 2204 2230 2214 -1 2202 2186 2231 -1 2231 2186 2201 -1 2225 2210 2205 -1 2206 2207 2232 -1 2229 2214 2230 -1 2204 2223 2230 -1 2233 2231 2201 -1 2233 2201 2221 -1 2234 2210 2235 -1 2235 2210 2225 -1 2226 2217 2219 -1 2197 2206 2236 -1 2207 2220 2232 -1 2230 2223 2237 -1 2210 2234 2237 -1 2221 2216 2238 -1 2223 2210 2237 -1 2238 2216 2212 -1 2239 2219 2197 -1 2236 2206 2232 -1 2239 2197 2236 -1 2240 2229 2230 -1 2233 2221 2241 -1 2202 2231 2222 -1 2235 2225 2242 -1 2243 2225 2215 -1 2215 2227 2243 -1 2227 2213 2244 -1 2245 2244 2213 -1 2218 2245 2213 -1 2228 2246 2220 -1 2220 2246 2232 -1 2228 2229 2240 -1 2221 2238 2247 -1 2221 2247 2241 -1 2231 2248 2222 -1 2249 2224 2222 -1 2243 2242 2225 -1 2224 2249 2250 -1 2212 2226 2238 -1 2239 2226 2219 -1 2236 2232 2251 -1 2228 2240 2252 -1 2237 2253 2230 -1 2233 2241 2254 -1 2238 2226 2255 -1 2243 2227 2244 -1 2239 2236 2256 -1 2257 2232 2246 -1 2253 2240 2230 -1 2248 2231 2254 -1 2233 2254 2231 -1 2249 2222 2248 -1 2239 2258 2226 -1 2256 2236 2251 -1 2251 2232 2257 -1 2257 2246 2259 -1 2259 2246 2260 -1 2246 2228 2260 -1 2228 2252 2260 -1 2247 2238 2261 -1 2237 2262 2253 -1 2243 2244 2263 -1 2255 2226 2258 -1 2252 2240 2253 -1 2234 2235 2264 -1 2237 2234 2262 -1 2256 2251 2265 -1 2261 2238 2255 -1 2258 2239 2266 -1 2267 2266 2239 -1 2235 2242 2264 -1 2254 2268 2248 -1 2242 2243 2263 -1 2267 2239 2256 -1 2269 2270 2254 -1 2252 2271 2260 -1 2252 2253 2272 -1 2272 2253 2262 -1 2262 2234 2264 -1 2269 2241 2247 -1 2273 2263 2244 -1 2254 2241 2269 -1 2273 2244 2274 -1 2244 2245 2274 -1 2249 2248 2275 -1 2274 2245 2276 -1 2268 2254 2270 -1 2248 2268 2277 -1 2267 2256 2278 -1 2256 2265 2278 -1 2275 2248 2277 -1 2264 2279 2262 -1 2269 2247 2280 -1 2281 2264 2263 -1 2242 2263 2264 -1 2250 2249 2282 -1 2255 2258 2283 -1 2284 2258 2266 -1 2266 2267 2284 -1 2257 2259 2285 -1 2286 2260 2287 -1 2259 2260 2286 -1 2271 2252 2272 -1 2272 2262 2279 -1 2247 2261 2280 -1 2270 2269 2288 -1 2261 2255 2283 -1 2265 2251 2289 -1 2280 2261 2290 -1 2279 2264 2281 -1 2269 2280 2288 -1 2282 2249 2275 -1 2261 2283 2290 -1 2284 2283 2258 -1 2257 2289 2251 -1 2285 2259 2291 -1 2267 2292 2284 -1 2283 2284 2293 -1 2289 2257 2285 -1 2286 2291 2259 -1 2279 2294 2272 -1 2278 2265 2295 -1 2277 2268 2296 -1 2288 2280 2297 -1 2297 2280 2290 -1 2282 2275 2298 -1 2271 2272 2299 -1 2272 2294 2299 -1 2267 2278 2292 -1 2295 2265 2289 -1 2263 2300 2281 -1 2298 2275 2301 -1 2298 2302 2282 -1 2303 2286 2287 -1 2260 2271 2287 -1 2304 2271 2299 -1 2292 2278 2295 -1 2279 2281 2305 -1 2273 2274 2306 -1 2277 2301 2275 -1 2284 2292 2293 -1 2289 2285 2307 -1 2307 2285 2291 -1 2308 2268 2270 -1 2296 2268 2308 -1 2270 2288 2309 -1 2297 2309 2288 -1 2300 2263 2273 -1 2306 2300 2273 -1 2301 2277 2296 -1 2274 2276 2310 -1 2271 2304 2287 -1 2281 2300 2311 -1 2296 2312 2301 -1 2313 2306 2274 -1 2274 2310 2313 -1 2295 2289 2307 -1 2314 2304 2299 -1 2294 2279 2315 -1 2308 2270 2309 -1 2279 2305 2315 -1 2298 2301 2312 -1 2291 2286 2316 -1 2317 2290 2283 -1 2305 2281 2311 -1 2318 2293 2319 -1 2286 2303 2316 -1 2290 2317 2297 -1 2287 2304 2303 -1 2312 2320 2298 -1 2292 2295 2321 -1 2315 2322 2294 -1 2317 2283 2318 -1 2283 2293 2318 -1 2293 2292 2321 -1 2312 2296 2323 -1 2296 2308 2323 -1 2297 2324 2309 -1 2297 2317 2324 -1 2325 2307 2291 -1 2316 2303 2326 -1 2321 2295 2327 -1 2311 2300 2328 -1 2293 2321 2319 -1 2306 2328 2300 -1 2306 2313 2329 -1 2320 2302 2298 -1 2305 2311 2330 -1 2308 2309 2324 -1 2325 2291 2316 -1 2329 2313 2331 -1 2323 2308 2332 -1 2324 2317 2333 -1 2295 2307 2334 -1 2299 2294 2314 -1 2335 2306 2329 -1 2317 2336 2333 -1 2324 2337 2308 -1 2332 2308 2337 -1 2333 2337 2324 -1 2320 2312 2338 -1 2307 2325 2334 -1 2334 2327 2295 -1 2326 2339 2316 -1 2303 2304 2340 -1 2340 2304 2314 -1 2317 2318 2336 -1 2319 2321 2341 -1 2305 2330 2342 -1 2328 2306 2335 -1 2325 2316 2339 -1 2334 2325 2343 -1 2323 2338 2312 -1 2344 2339 2326 -1 2314 2294 2322 -1 2328 2345 2311 -1 2323 2332 2346 -1 2336 2318 2347 -1 2318 2319 2347 -1 2321 2327 2341 -1 2326 2303 2340 -1 2315 2305 2342 -1 2311 2345 2330 -1 2343 2325 2339 -1 2302 2320 2338 -1 2322 2348 2314 -1 2348 2340 2314 -1 2347 2319 2349 -1 2322 2315 2342 -1 2335 2329 2350 -1 2323 2351 2338 -1 2327 2334 2352 -1 2344 2326 2353 -1 2349 2354 2347 -1 2341 2349 2319 -1 2330 2345 2355 -1 2350 2329 2331 -1 2333 2356 2337 -1 2337 2356 2332 -1 2351 2323 2346 -1 2352 2334 2343 -1 2347 2354 2336 -1 2340 2357 2326 -1 2356 2333 2358 -1 2322 2359 2348 -1 2341 2327 2360 -1 2361 2346 2332 -1 2351 2346 2361 -1 2333 2336 2362 -1 2341 2360 2363 -1 2339 2344 2364 -1 2340 2348 2365 -1 2366 2359 2322 -1 2322 2342 2366 -1 2332 2356 2361 -1 2356 2358 2361 -1 2338 2351 2367 -1 2351 2368 2369 -1 2351 2361 2368 -1 2360 2327 2352 -1 2343 2339 2364 -1 2352 2343 2364 -1 2353 2364 2344 -1 2326 2357 2353 -1 2357 2340 2365 -1 2362 2336 2354 -1 2370 2354 2349 -1 2358 2333 2362 -1 2358 2362 2371 -1 2361 2358 2372 -1 2361 2373 2368 -1 2342 2330 2374 -1 2342 2374 2366 -1 2328 2335 2345 -1 2373 2369 2368 -1 2362 2354 2371 -1 2372 2358 2371 -1 2361 2372 2375 -1 2363 2349 2341 -1 2373 2361 2375 -1 2352 2364 2376 -1 2377 2367 2351 -1 2338 2367 2378 -1 2351 2369 2377 -1 2360 2352 2379 -1 2376 2379 2352 -1 2376 2364 2353 -1 2330 2355 2374 -1 2374 2355 2380 -1 2381 2382 2383 -1 2354 2384 2371 -1 2385 2371 2384 -1 2360 2379 2386 -1 2385 2372 2371 -1 2385 2375 2372 -1 2387 2376 2353 -1 2360 2386 2363 -1 2369 2373 2388 -1 2373 2375 2389 -1 2390 2381 2391 -1 2392 2391 2393 -1 2384 2354 2370 -1 2394 2389 2375 -1 2387 2353 2357 -1 2348 2359 2365 -1 2359 2366 2395 -1 2396 2366 2374 -1 2355 2345 2380 -1 2393 2391 2381 -1 2377 2369 2397 -1 2369 2388 2397 -1 2398 2392 2393 -1 2399 2387 2357 -1 2387 2399 2400 -1 2396 2401 2366 -1 2375 2385 2394 -1 2345 2335 2380 -1 2389 2402 2373 -1 2373 2402 2388 -1 2376 2387 2400 -1 2403 2393 2404 -1 2395 2366 2401 -1 2381 2383 2393 -1 2397 2388 2404 -1 2403 2388 2402 -1 2405 2380 2335 -1 2335 2350 2405 -1 2393 2403 2402 -1 2398 2393 2402 -1 2406 2384 2370 -1 2370 2349 2407 -1 2407 2349 2363 -1 2391 2392 2408 -1 2363 2386 2407 -1 2409 2384 2406 -1 2409 2394 2384 -1 2394 2385 2384 -1 2379 2410 2386 -1 2410 2379 2411 -1 2379 2376 2411 -1 2388 2403 2404 -1 2404 2393 2383 -1 2404 2383 2412 -1 2413 2367 2377 -1 2414 2415 2390 -1 2399 2357 2416 -1 2402 2389 2417 -1 2397 2413 2377 -1 2418 2392 2398 -1 2408 2414 2391 -1 2390 2391 2414 -1 2370 2407 2406 -1 2419 2386 2410 -1 2386 2419 2407 -1 2409 2420 2394 -1 2411 2376 2400 -1 2389 2394 2420 -1 2357 2365 2416 -1 2413 2397 2421 -1 2421 2422 2413 -1 2365 2359 2395 -1 2396 2374 2423 -1 2374 2380 2423 -1 2407 2424 2406 -1 2409 2406 2424 -1 2425 2419 2410 -1 2389 2426 2417 -1 2417 2398 2402 -1 2408 2392 2418 -1 2397 2404 2421 -1 2412 2421 2404 -1 2412 2422 2421 -1 2416 2365 2427 -1 2389 2420 2426 -1 2418 2398 2417 -1 2428 2410 2411 -1 2419 2424 2407 -1 2420 2409 2429 -1 2430 2426 2420 -1 2431 2426 2430 -1 2425 2410 2428 -1 2432 2426 2431 -1 2432 2417 2426 -1 2408 2418 2433 -1 2414 2408 2433 -1 2414 2434 2415 -1 2435 2399 2416 -1 2427 2365 2395 -1 2423 2380 2436 -1 2409 2424 2429 -1 2429 2430 2420 -1 2400 2428 2411 -1 2437 2428 2400 -1 2414 2438 2434 -1 2435 2439 2399 -1 2416 2440 2435 -1 2441 2435 2440 -1 2418 2417 2432 -1 2433 2418 2432 -1 2433 2438 2414 -1 2427 2395 2440 -1 2427 2440 2416 -1 2441 2439 2435 -1 2442 2440 2395 -1 2439 2441 2443 -1 2401 2442 2395 -1 2405 2436 2380 -1 2444 2436 2405 -1 2445 2419 2425 -1 2399 2439 2437 -1 2424 2419 2445 -1 2446 2432 2431 -1 2447 2433 2432 -1 2448 2441 2440 -1 2449 2443 2441 -1 2450 2442 2401 -1 2396 2450 2401 -1 2437 2400 2399 -1 2431 2430 2451 -1 2448 2440 2442 -1 2448 2449 2441 -1 2448 2442 2450 -1 2449 2448 2450 -1 2452 2396 2423 -1 2425 2428 2453 -1 2428 2437 2454 -1 2455 2429 2424 -1 2445 2455 2424 -1 2451 2430 2429 -1 2447 2432 2446 -1 2438 2433 2456 -1 2434 2438 2457 -1 2396 2452 2450 -1 2423 2458 2452 -1 2436 2459 2423 -1 2425 2455 2445 -1 2425 2460 2455 -1 2460 2425 2453 -1 2454 2453 2428 -1 2446 2431 2451 -1 2439 2443 2461 -1 2462 2443 2449 -1 2463 2462 2449 -1 2463 2449 2464 -1 2449 2450 2464 -1 2452 2464 2450 -1 2423 2459 2458 -1 2437 2439 2461 -1 2461 2443 2465 -1 2465 2443 2462 -1 2451 2466 2446 -1 2465 2462 2467 -1 2447 2446 2466 -1 2456 2433 2447 -1 2438 2456 2457 -1 2468 2464 2469 -1 2464 2452 2469 -1 2469 2452 2458 -1 2436 2444 2470 -1 2471 2429 2455 -1 2451 2429 2471 -1 2455 2472 2471 -1 2453 2473 2460 -1 2460 2472 2455 -1 2460 2473 2472 -1 2473 2453 2474 -1 2475 2473 2474 -1 2447 2476 2456 -1 2477 2476 2447 -1 2478 2456 2476 -1 2476 2477 2479 -1 2437 2461 2480 -1 2471 2466 2451 -1 2481 2466 2471 -1 2482 2483 2484 -1 2482 2485 2486 -1 2457 2456 2487 -1 2488 2457 2489 -1 2470 2459 2436 -1 2468 2469 2490 -1 2491 2472 2473 -1 2492 2468 2493 -1 2493 2468 2494 -1 2473 2475 2495 -1 2472 2481 2471 -1 2496 2477 2466 -1 2447 2466 2477 -1 2487 2456 2497 -1 2456 2478 2497 -1 2496 2498 2477 -1 2479 2477 2498 -1 2499 2476 2479 -1 2478 2476 2499 -1 2500 2483 2479 -1 2475 2501 2502 -1 2462 2503 2467 -1 2463 2503 2462 -1 2463 2464 2492 -1 2492 2464 2468 -1 2503 2463 2492 -1 2504 2503 2492 -1 2505 2502 2506 -1 2507 2502 2508 -1 2508 2502 2505 -1 2505 2506 2509 -1 2510 2511 2512 -1 2512 2511 2483 -1 2513 2514 2511 -1 2511 2514 2484 -1 2515 2483 2516 -1 2484 2483 2511 -1 2482 2516 2483 -1 2508 2514 2513 -1 2517 2518 2519 -1 2514 2508 2520 -1 2514 2520 2521 -1 2489 2457 2487 -1 2522 2482 2484 -1 2521 2523 2484 -1 2482 2522 2485 -1 2469 2458 2524 -1 2490 2469 2524 -1 2459 2524 2458 -1 2525 2526 2527 -1 2526 2525 2528 -1 2526 2528 2529 -1 2529 2528 2530 -1 2437 2480 2454 -1 2454 2474 2453 -1 2461 2531 2480 -1 2480 2531 2474 -1 2532 2533 2525 -1 2533 2532 2534 -1 2491 2473 2495 -1 2533 2528 2525 -1 2475 2474 2501 -1 2532 2535 2536 -1 2532 2536 2534 -1 2534 2537 2533 -1 2466 2481 2496 -1 2534 2536 2537 -1 2481 2472 2491 -1 2496 2481 2491 -1 2538 2530 2533 -1 2496 2491 2498 -1 2539 2498 2491 -1 2500 2540 2541 -1 2479 2498 2540 -1 2499 2479 2515 -1 2515 2479 2483 -1 2500 2512 2483 -1 2461 2465 2542 -1 2531 2461 2542 -1 2467 2542 2465 -1 2507 2495 2475 -1 2467 2543 2544 -1 2501 2544 2502 -1 2502 2507 2475 -1 2467 2503 2543 -1 2502 2544 2506 -1 2520 2508 2505 -1 2492 2493 2504 -1 2545 2500 2541 -1 2494 2468 2490 -1 2493 2494 2546 -1 2509 2493 2547 -1 2505 2509 2547 -1 2547 2493 2546 -1 2505 2548 2520 -1 2548 2505 2518 -1 2505 2547 2518 -1 2518 2547 2546 -1 2549 2518 2546 -1 2489 2487 2526 -1 2525 2499 2532 -1 2524 2459 2550 -1 2550 2459 2470 -1 2535 2551 2536 -1 2528 2533 2530 -1 2537 2536 2516 -1 2516 2552 2537 -1 2480 2474 2454 -1 2501 2474 2531 -1 2486 2553 2516 -1 2498 2539 2540 -1 2553 2552 2516 -1 2541 2539 2495 -1 2541 2495 2554 -1 2545 2541 2554 -1 2555 2486 2556 -1 2540 2539 2541 -1 2553 2486 2555 -1 2515 2551 2499 -1 2532 2499 2535 -1 2479 2540 2500 -1 2499 2551 2535 -1 2501 2531 2542 -1 2544 2542 2467 -1 2501 2542 2544 -1 2494 2490 2557 -1 2558 2494 2557 -1 2558 2557 2559 -1 2543 2503 2504 -1 2544 2543 2506 -1 2560 2506 2543 -1 2509 2504 2493 -1 2560 2509 2506 -1 2554 2510 2545 -1 2500 2545 2512 -1 2558 2561 2494 -1 2512 2545 2510 -1 2510 2554 2513 -1 2513 2507 2508 -1 2511 2510 2513 -1 2549 2546 2561 -1 2516 2551 2515 -1 2562 2563 2564 -1 2564 2563 2548 -1 2551 2516 2536 -1 2518 2517 2548 -1 2516 2482 2486 -1 2514 2521 2484 -1 2522 2484 2523 -1 2520 2523 2521 -1 2520 2563 2523 -1 2562 2522 2523 -1 2563 2562 2523 -1 2562 2564 2522 -1 2486 2485 2556 -1 2527 2487 2497 -1 2527 2526 2487 -1 2527 2497 2478 -1 2499 2527 2478 -1 2527 2499 2525 -1 2490 2524 2550 -1 2559 2490 2550 -1 2557 2490 2559 -1 2495 2539 2491 -1 2546 2494 2561 -1 2495 2507 2554 -1 2507 2513 2554 -1 2543 2504 2560 -1 2509 2560 2504 -1 2563 2520 2548 -1 2548 2517 2565 -1 2565 2517 2519 -1 2566 2567 2568 -1 2569 2570 2571 -1 2570 2572 2573 -1 2571 2570 2574 -1 2575 2574 2570 -1 2570 2573 2575 -1 2575 2573 2576 -1 2577 2578 2579 -1 2566 2580 2567 -1 2581 2582 2583 -1 2567 2584 2568 -1 2568 2584 2585 -1 2582 2586 2583 -1 2583 2586 2587 -1 2588 2568 2585 -1 2589 2568 2588 -1 2566 2587 2586 -1 2590 2570 2569 -1 2591 2583 2587 -1 2587 2592 2591 -1 2572 2593 2573 -1 2577 2579 2593 -1 2579 2576 2593 -1 2573 2593 2576 -1 2579 2578 2594 -1 2580 2595 2567 -1 2596 2597 2598 -1 2599 2597 2600 -1 2572 2570 2601 -1 2583 2602 2581 -1 2566 2586 2580 -1 2568 2589 2566 -1 2569 2571 2584 -1 2589 2587 2566 -1 2591 2602 2583 -1 2602 2591 2603 -1 2585 2571 2574 -1 2604 2595 2580 -1 2596 2598 2604 -1 2587 2589 2592 -1 2593 2572 2605 -1 2598 2606 2604 -1 2606 2595 2604 -1 2577 2593 2605 -1 2579 2594 2576 -1 2577 2607 2608 -1 2577 2608 2578 -1 2609 2610 2611 -1 2597 2596 2612 -1 2613 2610 2614 -1 2615 2596 2604 -1 2616 2604 2617 -1 2580 2617 2604 -1 2613 2578 2608 -1 2618 2619 2586 -1 2586 2617 2580 -1 2595 2606 2620 -1 2567 2595 2620 -1 2621 2569 2620 -1 2567 2620 2584 -1 2584 2620 2569 -1 2622 2582 2581 -1 2597 2599 2598 -1 2581 2602 2623 -1 2582 2618 2586 -1 2606 2598 2621 -1 2590 2569 2621 -1 2590 2621 2570 -1 2621 2601 2570 -1 2601 2599 2572 -1 2572 2599 2624 -1 2584 2571 2585 -1 2600 2625 2626 -1 2599 2600 2627 -1 2600 2626 2627 -1 2599 2627 2624 -1 2611 2626 2625 -1 2626 2611 2610 -1 2627 2607 2624 -1 2605 2607 2577 -1 2608 2607 2627 -1 2613 2608 2626 -1 2628 2629 2630 -1 2610 2613 2626 -1 2596 2631 2612 -1 2630 2632 2616 -1 2610 2609 2633 -1 2597 2612 2634 -1 2610 2633 2614 -1 2635 2600 2636 -1 2625 2600 2635 -1 2615 2637 2596 -1 2615 2604 2638 -1 2621 2620 2606 -1 2600 2597 2634 -1 2599 2601 2598 -1 2601 2621 2598 -1 2639 2640 2628 -1 2572 2624 2605 -1 2628 2630 2641 -1 2626 2608 2627 -1 2641 2639 2628 -1 2607 2605 2624 -1 2639 2641 2618 -1 2582 2622 2642 -1 2630 2616 2641 -1 2616 2632 2638 -1 2604 2616 2638 -1 2619 2618 2641 -1 2616 2619 2641 -1 2616 2617 2619 -1 2586 2619 2617 -1 2622 2643 2644 -1 2643 2622 2581 -1 2645 2646 2631 -1 2647 2630 2629 -1 2648 2645 2649 -1 2631 2637 2649 -1 2631 2649 2645 -1 2637 2631 2596 -1 2645 2648 2647 -1 2612 2631 2650 -1 2647 2648 2630 -1 2630 2648 2632 -1 2651 2652 2653 -1 2651 2629 2652 -1 2650 2654 2612 -1 2654 2655 2612 -1 2634 2612 2656 -1 2600 2634 2636 -1 2657 2625 2635 -1 2658 2625 2657 -1 2625 2658 2611 -1 2629 2628 2640 -1 2644 2640 2642 -1 2640 2639 2642 -1 2642 2622 2644 -1 2639 2582 2642 -1 2618 2582 2639 -1 2647 2659 2660 -1 2659 2647 2661 -1 2661 2647 2629 -1 2645 2647 2660 -1 2655 2656 2612 -1 2662 2646 2645 -1 2636 2656 2663 -1 2649 2664 2648 -1 2663 2665 2657 -1 2666 2653 2652 -1 2652 2629 2667 -1 2667 2629 2640 -1 2666 2652 2668 -1 2667 2640 2644 -1 2667 2644 2643 -1 2632 2669 2638 -1 2632 2664 2669 -1 2670 2659 2671 -1 2671 2659 2661 -1 2651 2661 2629 -1 2656 2636 2634 -1 2660 2672 2662 -1 2660 2662 2645 -1 2635 2636 2663 -1 2635 2663 2657 -1 2632 2648 2664 -1 2657 2665 2658 -1 2673 2674 2653 -1 2651 2653 2674 -1 2666 2673 2653 -1 2658 2675 2611 -1 2668 2652 2667 -1 2676 2677 2609 -1 2633 2609 2677 -1 2655 2678 2656 -1 2662 2679 2646 -1 2649 2637 2664 -1 2680 2654 2650 -1 2663 2656 2678 -1 2663 2681 2665 -1 2675 2665 2681 -1 2675 2658 2665 -1 2661 2651 2674 -1 2682 2615 2638 -1 2659 2683 2660 -1 2646 2679 2631 -1 2654 2684 2655 -1 2684 2678 2655 -1 2674 2673 2685 -1 2684 2686 2687 -1 2688 2654 2680 -1 2689 2675 2690 -1 2661 2674 2691 -1 2609 2611 2692 -1 2672 2693 2662 -1 2637 2615 2694 -1 2682 2694 2615 -1 2695 2676 2609 -1 2696 2697 2698 -1 2698 2697 2679 -1 2697 2686 2699 -1 2693 2679 2662 -1 2631 2699 2650 -1 2679 2699 2631 -1 2650 2688 2680 -1 2700 2701 2687 -1 2684 2654 2688 -1 2684 2687 2678 -1 2678 2687 2702 -1 2703 2687 2701 -1 2687 2703 2702 -1 2704 2702 2703 -1 2703 2701 2705 -1 2705 2704 2703 -1 2706 2704 2705 -1 2704 2706 2663 -1 2681 2663 2706 -1 2678 2704 2663 -1 2681 2690 2675 -1 2692 2611 2675 -1 2695 2609 2692 -1 2664 2637 2694 -1 2696 2707 2697 -1 2686 2697 2707 -1 2708 2671 2691 -1 2697 2699 2679 -1 2707 2700 2686 -1 2671 2661 2691 -1 2698 2679 2693 -1 2659 2670 2683 -1 2660 2683 2709 -1 2709 2710 2660 -1 2688 2650 2699 -1 2711 2712 2713 -1 2696 2712 2707 -1 2686 2700 2687 -1 2672 2660 2710 -1 2683 2670 2714 -1 2715 2716 2717 -1 2686 2688 2699 -1 2716 2718 2717 -1 2717 2719 2707 -1 2700 2720 2721 -1 2698 2712 2696 -1 2721 2722 2700 -1 2713 2672 2711 -1 2713 2712 2693 -1 2672 2713 2693 -1 2684 2688 2686 -1 2712 2698 2693 -1 2700 2722 2701 -1 2722 2723 2701 -1 2701 2723 2724 -1 2724 2705 2701 -1 2704 2678 2702 -1 2681 2706 2705 -1 2690 2681 2705 -1 2692 2675 2689 -1 2694 2669 2664 -1 2670 2671 2725 -1 2719 2720 2707 -1 2715 2717 2707 -1 2726 2723 2722 -1 2672 2710 2711 -1 2720 2700 2707 -1 2707 2711 2715 -1 2711 2707 2712 -1 2727 2716 2715 -1 2690 2705 2724 -1 2728 2717 2718 -1 2729 2676 2695 -1 2720 2719 2730 -1 2731 2720 2730 -1 2731 2732 2720 -1 2721 2720 2732 -1 2670 2733 2714 -1 2734 2726 2722 -1 2734 2722 2721 -1 2691 2674 2735 -1 2735 2674 2685 -1 2715 2736 2737 -1 2715 2711 2709 -1 2733 2736 2738 -1 2733 2738 2714 -1 2738 2683 2714 -1 2738 2709 2683 -1 2739 2723 2726 -1 2727 2740 2716 -1 2725 2671 2708 -1 2724 2723 2741 -1 2718 2716 2740 -1 2691 2735 2708 -1 2728 2718 2742 -1 2728 2719 2717 -1 2737 2727 2715 -1 2690 2743 2689 -1 2744 2729 2695 -1 2736 2715 2709 -1 2745 2737 2733 -1 2737 2736 2733 -1 2694 2682 2669 -1 2638 2669 2682 -1 2738 2736 2709 -1 2710 2709 2711 -1 2725 2733 2670 -1 2746 2731 2747 -1 2746 2732 2731 -1 2739 2741 2723 -1 2748 2749 2728 -1 2719 2728 2749 -1 2750 2735 2685 -1 2751 2692 2689 -1 2692 2751 2695 -1 2744 2695 2751 -1 2725 2708 2752 -1 2721 2732 2734 -1 2753 2745 2725 -1 2733 2725 2745 -1 2754 2708 2735 -1 2746 2755 2732 -1 2732 2755 2756 -1 2753 2725 2752 -1 2757 2748 2742 -1 2752 2708 2758 -1 2742 2748 2728 -1 2758 2708 2754 -1 2718 2740 2742 -1 2754 2735 2750 -1 2690 2724 2743 -1 2748 2759 2749 -1 2760 2747 2761 -1 2760 2762 2747 -1 2762 2746 2747 -1 2730 2749 2763 -1 2719 2749 2730 -1 2731 2763 2747 -1 2730 2763 2731 -1 2762 2755 2746 -1 2727 2737 2764 -1 2740 2727 2765 -1 2745 2753 2766 -1 2766 2753 2752 -1 2765 2767 2740 -1 2732 2756 2734 -1 2768 2758 2754 -1 2734 2756 2726 -1 2769 2757 2767 -1 2757 2742 2767 -1 2757 2770 2748 -1 2689 2771 2751 -1 2767 2742 2740 -1 2759 2748 2772 -1 2759 2763 2749 -1 2759 2761 2747 -1 2763 2759 2747 -1 2743 2724 2773 -1 2745 2774 2737 -1 2770 2772 2748 -1 2771 2775 2751 -1 2765 2727 2764 -1 2776 2762 2760 -1 2756 2777 2726 -1 2739 2726 2777 -1 2741 2778 2724 -1 2769 2779 2757 -1 2774 2745 2766 -1 2779 2770 2757 -1 2770 2780 2772 -1 2774 2764 2737 -1 2744 2751 2781 -1 2761 2772 2780 -1 2772 2761 2759 -1 2755 2762 2776 -1 2780 2782 2783 -1 2779 2782 2770 -1 2782 2780 2770 -1 2765 2784 2767 -1 2764 2785 2765 -1 2765 2785 2784 -1 2769 2767 2784 -1 2780 2786 2787 -1 2788 2780 2787 -1 2761 2780 2788 -1 2789 2758 2768 -1 2788 2787 2760 -1 2788 2760 2761 -1 2776 2760 2787 -1 2787 2790 2776 -1 2790 2791 2776 -1 2766 2752 2792 -1 2741 2739 2793 -1 2778 2741 2793 -1 2724 2778 2773 -1 2689 2743 2794 -1 2689 2794 2771 -1 2751 2775 2781 -1 2795 2780 2783 -1 2795 2786 2780 -1 2790 2787 2796 -1 2776 2791 2755 -1 2764 2774 2797 -1 2787 2786 2796 -1 2796 2798 2790 -1 2785 2764 2797 -1 2755 2799 2756 -1 2800 2777 2756 -1 2778 2793 2801 -1 2802 2771 2794 -1 2774 2766 2803 -1 2783 2804 2795 -1 2779 2805 2782 -1 2795 2806 2786 -1 2786 2807 2798 -1 2779 2769 2784 -1 2798 2796 2786 -1 2785 2797 2808 -1 2791 2799 2755 -1 2739 2777 2800 -1 2773 2778 2809 -1 2773 2794 2743 -1 2771 2802 2775 -1 2766 2792 2810 -1 2783 2782 2805 -1 2804 2806 2795 -1 2774 2803 2797 -1 2806 2807 2786 -1 2790 2798 2811 -1 2779 2784 2812 -1 2791 2790 2811 -1 2799 2800 2756 -1 2801 2809 2778 -1 2809 2794 2773 -1 2794 2809 2813 -1 2758 2814 2752 -1 2792 2752 2814 -1 2766 2810 2803 -1 2804 2783 2805 -1 2803 2808 2797 -1 2815 2779 2812 -1 2758 2789 2816 -1 2800 2793 2739 -1 2794 2813 2802 -1 2814 2758 2816 -1 2810 2817 2803 -1 2798 2807 2818 -1 2779 2815 2805 -1 2818 2819 2798 -1 2811 2798 2819 -1 2820 2785 2808 -1 2784 2785 2820 -1 2816 2789 2821 -1 2822 2813 2809 -1 2823 2810 2792 -1 2806 2804 2824 -1 2804 2805 2824 -1 2784 2820 2812 -1 2822 2809 2801 -1 2822 2802 2813 -1 2814 2823 2792 -1 2810 2823 2817 -1 2823 2814 2825 -1 2808 2803 2826 -1 2826 2803 2817 -1 2827 2812 2820 -1 2811 2799 2791 -1 2815 2812 2827 -1 2793 2800 2828 -1 2814 2816 2821 -1 2824 2805 2829 -1 2824 2807 2806 -1 2805 2815 2829 -1 2826 2817 2830 -1 2821 2825 2814 -1 2823 2831 2817 -1 2832 2808 2826 -1 2807 2833 2818 -1 2815 2827 2834 -1 2835 2820 2832 -1 2820 2808 2832 -1 2799 2811 2836 -1 2800 2799 2836 -1 2793 2828 2801 -1 2822 2801 2837 -1 2829 2815 2834 -1 2827 2820 2835 -1 2800 2836 2828 -1 2802 2838 2775 -1 2825 2831 2823 -1 2824 2829 2839 -1 2807 2824 2839 -1 2819 2836 2811 -1 2827 2835 2834 -1 2837 2801 2828 -1 2822 2837 2840 -1 2841 2822 2840 -1 2802 2822 2841 -1 2842 2802 2841 -1 2838 2802 2842 -1 2833 2807 2843 -1 2821 2844 2825 -1 2817 2831 2845 -1 2830 2817 2845 -1 2831 2825 2846 -1 2835 2832 2847 -1 2807 2839 2843 -1 2839 2829 2848 -1 2826 2830 2849 -1 2834 2850 2851 -1 2834 2835 2850 -1 2847 2850 2835 -1 2846 2825 2852 -1 2819 2818 2833 -1 2853 2836 2854 -1 2819 2854 2836 -1 2828 2836 2853 -1 2834 2855 2829 -1 2856 2838 2842 -1 2848 2829 2857 -1 2830 2858 2849 -1 2831 2846 2845 -1 2830 2845 2858 -1 2819 2833 2854 -1 2828 2853 2859 -1 2829 2855 2857 -1 2851 2860 2861 -1 2850 2860 2851 -1 2860 2847 2862 -1 2863 2839 2848 -1 2860 2850 2847 -1 2843 2839 2863 -1 2833 2843 2864 -1 2825 2844 2852 -1 2855 2851 2865 -1 2834 2851 2855 -1 2840 2837 2866 -1 2842 2841 2867 -1 2856 2868 2838 -1 2832 2826 2862 -1 2865 2851 2861 -1 2858 2845 2846 -1 2864 2843 2863 -1 2847 2832 2862 -1 2854 2833 2864 -1 2853 2854 2869 -1 2852 2844 2870 -1 2837 2828 2871 -1 2841 2840 2866 -1 2826 2849 2862 -1 2863 2848 2872 -1 2864 2863 2873 -1 2828 2859 2871 -1 2874 2855 2865 -1 2864 2873 2875 -1 2864 2869 2854 -1 2846 2852 2876 -1 2860 2877 2861 -1 2878 2877 2862 -1 2878 2862 2849 -1 2877 2860 2862 -1 2873 2863 2872 -1 2857 2855 2874 -1 2869 2864 2875 -1 2879 2848 2857 -1 2848 2879 2872 -1 2880 2853 2869 -1 2881 2853 2880 -1 2859 2853 2881 -1 2882 2877 2878 -1 2837 2871 2883 -1 2866 2837 2883 -1 2866 2867 2841 -1 2865 2861 2884 -1 2852 2870 2876 -1 2857 2874 2885 -1 2879 2886 2872 -1 2861 2877 2887 -1 2887 2877 2882 -1 2872 2886 2873 -1 2888 2858 2889 -1 2875 2873 2890 -1 2882 2878 2891 -1 2878 2849 2891 -1 2892 2859 2881 -1 2867 2893 2842 -1 2893 2856 2842 -1 2874 2865 2894 -1 2895 2876 2896 -1 2846 2876 2895 -1 2861 2887 2884 -1 2886 2890 2873 -1 2849 2858 2891 -1 2858 2888 2891 -1 2858 2846 2889 -1 2859 2892 2871 -1 2884 2894 2865 -1 2885 2897 2857 -1 2894 2885 2874 -1 2846 2895 2898 -1 2898 2889 2846 -1 2875 2890 2899 -1 2879 2857 2897 -1 2879 2897 2900 -1 2871 2892 2901 -1 2902 2866 2883 -1 2898 2903 2889 -1 2889 2903 2888 -1 2904 2886 2900 -1 2886 2904 2890 -1 2875 2880 2869 -1 2886 2879 2900 -1 2905 2866 2902 -1 2880 2906 2881 -1 2887 2882 2907 -1 2901 2883 2871 -1 2882 2891 2908 -1 2867 2866 2905 -1 2899 2880 2875 -1 2882 2908 2907 -1 2909 2901 2892 -1 2910 2891 2888 -1 2901 2911 2883 -1 2912 2890 2904 -1 2899 2890 2912 -1 2856 2913 2868 -1 2895 2896 2914 -1 2908 2891 2910 -1 2905 2902 2915 -1 2916 2867 2905 -1 2888 2903 2917 -1 2893 2867 2916 -1 2903 2898 2918 -1 2897 2885 2919 -1 2909 2892 2881 -1 2884 2887 2920 -1 2901 2909 2921 -1 2917 2910 2888 -1 2903 2918 2917 -1 2884 2920 2922 -1 2894 2884 2922 -1 2919 2885 2894 -1 2856 2893 2913 -1 2923 2897 2919 -1 2924 2900 2897 -1 2895 2925 2898 -1 2902 2883 2911 -1 2907 2908 2926 -1 2927 2893 2916 -1 2924 2897 2923 -1 2904 2900 2912 -1 2906 2880 2899 -1 2881 2928 2909 -1 2898 2925 2918 -1 2901 2921 2911 -1 2902 2911 2929 -1 2915 2902 2929 -1 2887 2930 2920 -1 2913 2893 2927 -1 2919 2894 2922 -1 2881 2906 2928 -1 2895 2931 2925 -1 2929 2911 2932 -1 2895 2914 2931 -1 2920 2930 2933 -1 2916 2905 2934 -1 2928 2906 2899 -1 2921 2932 2911 -1 2925 2917 2918 -1 2905 2915 2935 -1 2887 2907 2936 -1 2916 2934 2927 -1 2930 2887 2936 -1 2937 2912 2900 -1 2917 2925 2938 -1 2936 2907 2939 -1 2930 2936 2933 -1 2910 2917 2940 -1 2907 2926 2941 -1 2941 2939 2907 -1 2942 2919 2922 -1 2923 2919 2942 -1 2924 2923 2942 -1 2899 2912 2943 -1 2944 2900 2924 -1 2937 2900 2944 -1 2945 2909 2928 -1 2945 2946 2909 -1 2921 2909 2946 -1 2921 2946 2932 -1 2905 2935 2934 -1 2934 2947 2927 -1 2908 2910 2948 -1 2926 2908 2948 -1 2928 2899 2949 -1 2938 2940 2917 -1 2931 2914 2950 -1 2938 2925 2931 -1 2951 2934 2935 -1 2936 2939 2933 -1 2910 2940 2948 -1 2920 2933 2952 -1 2920 2953 2922 -1 2942 2922 2953 -1 2954 2942 2953 -1 2949 2899 2943 -1 2924 2942 2944 -1 2955 2932 2946 -1 2929 2932 2956 -1 2915 2929 2957 -1 2948 2940 2958 -1 2952 2953 2920 -1 2912 2937 2959 -1 2954 2944 2942 -1 2928 2949 2945 -1 2938 2931 2960 -1 2950 2960 2931 -1 2915 2957 2935 -1 2947 2934 2951 -1 2912 2959 2943 -1 2944 2961 2937 -1 2958 2938 2962 -1 2940 2938 2958 -1 2945 2963 2946 -1 2955 2946 2963 -1 2964 2952 2933 -1 2933 2939 2964 -1 2956 2932 2955 -1 2957 2929 2956 -1 2961 2959 2937 -1 2947 2965 2927 -1 2954 2966 2944 -1 2949 2943 2967 -1 2938 2960 2962 -1 2967 2968 2969 -1 2945 2949 2969 -1 2970 2945 2969 -1 2960 2950 2971 -1 2945 2970 2963 -1 2958 2972 2948 -1 2955 2963 2973 -1 2959 2961 2974 -1 2974 2967 2959 -1 2953 2952 2975 -1 2957 2956 2976 -1 2954 2953 2975 -1 2967 2943 2959 -1 2944 2966 2977 -1 2978 2965 2979 -1 2968 2967 2974 -1 2974 2980 2968 -1 2949 2967 2969 -1 2941 2926 2981 -1 2977 2974 2961 -1 2974 2977 2980 -1 2954 2975 2982 -1 2966 2954 2983 -1 2977 2966 2984 -1 2977 2961 2944 -1 2935 2985 2951 -1 2947 2979 2965 -1 2962 2960 2986 -1 2964 2975 2952 -1 2972 2958 2987 -1 2973 2963 2988 -1 2955 2973 2989 -1 2926 2972 2981 -1 2956 2955 2989 -1 2956 2989 2976 -1 2990 2939 2941 -1 2957 2985 2935 -1 2964 2939 2990 -1 2951 2979 2947 -1 2980 2977 2991 -1 2982 2983 2954 -1 2968 2980 2992 -1 2966 2983 2993 -1 2993 2984 2966 -1 2968 2992 2994 -1 2984 2991 2977 -1 2995 2969 2968 -1 2995 2996 2969 -1 2969 2996 2970 -1 2989 2973 2988 -1 2926 2948 2972 -1 2941 2981 2997 -1 2990 2941 2997 -1 2986 2960 2971 -1 2980 2991 2992 -1 2991 2984 2998 -1 2998 2992 2991 -1 2964 2990 2999 -1 2985 3000 2951 -1 3001 3002 3000 -1 2982 2975 2999 -1 2979 2951 3000 -1 2968 2994 2995 -1 3003 2984 2993 -1 2995 3004 2996 -1 2958 2962 3005 -1 2970 2996 3006 -1 2963 2970 3006 -1 3007 2972 2987 -1 2981 2972 3007 -1 2964 2999 2975 -1 3000 2985 3008 -1 3008 3001 3000 -1 2983 2982 3009 -1 3003 2998 2984 -1 2994 2992 3010 -1 2995 2994 3011 -1 3010 3011 2994 -1 2995 3011 3004 -1 2958 3005 2987 -1 2988 2963 3006 -1 2981 3012 2997 -1 3012 3013 2997 -1 2990 2997 3013 -1 2985 2957 3014 -1 2999 2990 3013 -1 3008 2985 3014 -1 2982 2999 3015 -1 2983 3009 3016 -1 3016 2993 2983 -1 3000 3002 3017 -1 2979 3000 3017 -1 3018 3010 3019 -1 3020 2996 3004 -1 3005 2962 3021 -1 3021 2986 3022 -1 2962 2986 3021 -1 2976 2989 3023 -1 3024 2989 2988 -1 2981 3007 3012 -1 2986 2971 3025 -1 2957 2976 3014 -1 2992 3019 3010 -1 2998 3019 2992 -1 3011 3010 3004 -1 3024 2988 3006 -1 3026 2989 3024 -1 3023 2989 3026 -1 3010 3018 3004 -1 3004 3018 3027 -1 3020 3006 2996 -1 2976 3023 3026 -1 3026 3014 2976 -1 3013 3015 2999 -1 3015 3028 2982 -1 3029 3014 3030 -1 3009 2982 3028 -1 3008 3014 3029 -1 3030 3031 3032 -1 3006 3020 3033 -1 3006 3033 3024 -1 3005 3021 3034 -1 3035 3014 3026 -1 2993 3016 3036 -1 2998 3003 3037 -1 3037 3019 2998 -1 3014 3035 3030 -1 3013 3038 3015 -1 3027 3020 3004 -1 3033 3020 3039 -1 2987 3040 3007 -1 3026 3024 3033 -1 3016 3009 3036 -1 3036 3003 2993 -1 3038 3012 3041 -1 3013 3012 3038 -1 3028 3015 3038 -1 3012 3007 3042 -1 3035 3031 3030 -1 3027 3018 3043 -1 3027 3039 3020 -1 2986 3025 3022 -1 3042 3007 3040 -1 3041 3012 3042 -1 3035 3033 3044 -1 3026 3033 3035 -1 3003 3036 3037 -1 3019 3043 3018 -1 3039 3027 3045 -1 3005 3046 2987 -1 3031 3035 3047 -1 3046 3005 3034 -1 3047 3048 3031 -1 3040 2987 3046 -1 3049 3037 3036 -1 3037 3049 3019 -1 3039 3045 3050 -1 3039 3044 3033 -1 3035 3044 3047 -1 3021 3022 3051 -1 3009 3028 3052 -1 3045 3027 3043 -1 3043 3019 3053 -1 3047 3044 3054 -1 3049 3055 3019 -1 3038 3041 3056 -1 3021 3051 3034 -1 3028 3038 3056 -1 3036 3009 3057 -1 3055 3049 3058 -1 3059 3045 3043 -1 3059 3050 3045 -1 3044 3039 3050 -1 3042 3056 3041 -1 3052 3028 3060 -1 3057 3049 3036 -1 3061 3048 3062 -1 3062 3048 3047 -1 3046 3034 3063 -1 3052 3057 3009 -1 3040 3046 3063 -1 3064 3061 3062 -1 3019 3055 3053 -1 3065 3022 3025 -1 3047 3054 3062 -1 3060 3028 3056 -1 3051 3063 3034 -1 3042 3040 3066 -1 3056 3042 3066 -1 3057 3052 3060 -1 3050 3059 3067 -1 3050 3054 3044 -1 3066 3040 3068 -1 3069 3049 3057 -1 3069 3058 3049 -1 3043 3053 3059 -1 3068 3040 3063 -1 3070 3050 3067 -1 3054 3050 3070 -1 3055 3071 3053 -1 3054 3070 3062 -1 3071 3059 3053 -1 3072 3062 3070 -1 3064 3062 3072 -1 3059 3073 3067 -1 3074 3067 3075 -1 3070 3067 3076 -1 3022 3065 3077 -1 3078 3068 3063 -1 3067 3074 3076 -1 3076 3072 3070 -1 3059 3071 3073 -1 3075 3067 3073 -1 3051 3022 3077 -1 3079 3073 3071 -1 3075 3079 3080 -1 3073 3079 3075 -1 3081 3082 3083 -1 3083 3084 3081 -1 3083 3085 3084 -1 3085 3086 3084 -1 3056 3066 3087 -1 3087 3066 3082 -1 3088 3086 3085 -1 3082 3081 3087 -1 3088 3089 3086 -1 3089 3090 3086 -1 3090 3089 3091 -1 3092 3088 3085 -1 3088 3092 3093 -1 3094 3075 3080 -1 3082 3095 3083 -1 3083 3095 3096 -1 3068 3097 3066 -1 3083 3096 3085 -1 3072 3098 3064 -1 3057 3060 3099 -1 3099 3100 3057 -1 3097 3068 3101 -1 3102 3103 3090 -1 3103 3102 3104 -1 3066 3097 3082 -1 3078 3051 3105 -1 3063 3051 3078 -1 3101 3095 3097 -1 3068 3078 3101 -1 3095 3082 3097 -1 3071 3104 3079 -1 3056 3087 3099 -1 3056 3099 3060 -1 3085 3096 3106 -1 3106 3092 3085 -1 3090 3091 3102 -1 3102 3091 3107 -1 3104 3102 3107 -1 3079 3108 3080 -1 3109 3075 3094 -1 3074 3075 3109 -1 3110 3081 3084 -1 3084 3103 3110 -1 3103 3084 3086 -1 3103 3086 3090 -1 3069 3057 3100 -1 3055 3058 3111 -1 3112 3110 3103 -1 3103 3104 3112 -1 3104 3071 3111 -1 3051 3077 3105 -1 3113 3078 3105 -1 3071 3055 3111 -1 3078 3113 3101 -1 3087 3081 3099 -1 3099 3081 3110 -1 3106 3096 3114 -1 3115 3106 3114 -1 3115 3116 3106 -1 3092 3106 3116 -1 3117 3089 3088 -1 3117 3088 3093 -1 3118 3080 3119 -1 3118 3094 3080 -1 3079 3104 3108 -1 3120 3116 3115 -1 3121 3092 3116 -1 3072 3076 3122 -1 3098 3072 3122 -1 3123 3089 3117 -1 3091 3089 3123 -1 3124 3096 3095 -1 3093 3092 3121 -1 3109 3125 3074 -1 3091 3126 3107 -1 3099 3110 3127 -1 3119 3080 3108 -1 3111 3058 3069 -1 3111 3112 3104 -1 3128 3105 3077 -1 3129 3108 3104 -1 3126 3091 3123 -1 3130 3124 3101 -1 3126 3129 3107 -1 3107 3129 3104 -1 3095 3101 3124 -1 3076 3074 3125 -1 3099 3127 3100 -1 3100 3127 3069 -1 3112 3127 3110 -1 3069 3112 3111 -1 3109 3094 3118 -1 3101 3113 3130 -1 3124 3131 3096 -1 3112 3069 3127 -1 3121 3116 3132 -1 3117 3093 3121 -1 3125 3109 3133 -1 3129 3126 3134 -1 3076 3125 3122 -1 3105 3135 3113 -1 3128 3135 3105 -1 3130 3135 3136 -1 3113 3135 3130 -1 3108 3129 3137 -1 3130 3131 3124 -1 3130 3136 3138 -1 3139 3096 3131 -1 3108 3140 3119 -1 3132 3116 3141 -1 3135 3128 3142 -1 3134 3126 3123 -1 3118 3133 3109 -1 3143 3121 3132 -1 3142 3136 3135 -1 3138 3131 3130 -1 3131 3138 3139 -1 3140 3108 3137 -1 3123 3117 3144 -1 3117 3121 3144 -1 3120 3141 3116 -1 3129 3134 3137 -1 3122 3125 3145 -1 3144 3146 3123 -1 3144 3121 3143 -1 3147 3118 3119 -1 3118 3148 3133 -1 3143 3132 3149 -1 3149 3132 3141 -1 3141 3120 3150 -1 3151 3137 3134 -1 3134 3123 3146 -1 3119 3140 3147 -1 3148 3118 3147 -1 3145 3125 3152 -1 3144 3143 3146 -1 3152 3125 3133 -1 3153 3148 3147 -1 3149 3141 3154 -1 3141 3150 3154 -1 3134 3146 3151 -1 3155 3156 3157 -1 3147 3158 3153 -1 3153 3159 3148 -1 3140 3137 3160 -1 3149 3161 3143 -1 3146 3143 3161 -1 3140 3160 3162 -1 3158 3140 3162 -1 3147 3140 3158 -1 3155 3157 3158 -1 3153 3158 3157 -1 3133 3148 3159 -1 3159 3152 3133 -1 3157 3159 3153 -1 3160 3137 3151 -1 3154 3161 3149 -1 3151 3146 3163 -1 3163 3146 3161 -1 3150 3164 3154 -1 3158 3162 3155 -1 3165 3166 3167 -1 3167 3155 3165 -1 3160 3151 3166 -1 3160 3166 3165 -1 3165 3162 3160 -1 3155 3162 3165 -1 3168 3169 3167 -1 3169 3168 3170 -1 3171 3172 3170 -1 3172 3171 3173 -1 3174 3167 3169 -1 3155 3167 3174 -1 3163 3175 3176 -1 3161 3175 3163 -1 3175 3161 3154 -1 3177 3154 3164 -1 3178 3173 3171 -1 3179 3180 3181 -1 3179 3178 3180 -1 3180 3182 3181 -1 3180 3183 3182 -1 3183 3180 3171 -1 3171 3180 3178 -1 3163 3166 3151 -1 3166 3163 3176 -1 3168 3176 3183 -1 3167 3176 3168 -1 3166 3176 3167 -1 3170 3168 3183 -1 3170 3183 3171 -1 3176 3175 3182 -1 3182 3183 3176 -1 3181 3154 3177 -1 3175 3154 3181 -1 3182 3175 3181 -1 3181 3177 3179 -1 3184 3178 3179 -1 3184 3185 3178 -1 3186 3187 3188 -1 3189 3187 3190 -1 3190 3191 3189 -1 3191 3190 3192 -1 3193 3194 3195 -1 3195 3194 3196 -1 3197 3198 3199 -1 3200 3198 3197 -1 3201 3192 3190 -1 3188 3198 3200 -1 3200 3202 3188 -1 3198 3187 3203 -1 3188 3187 3198 -1 3204 3201 3205 -1 3204 3205 3206 -1 3195 3207 3193 -1 3195 3208 3207 -1 3195 3196 3209 -1 3195 3209 3208 -1 3210 3211 3199 -1 3199 3211 3197 -1 3202 3200 3212 -1 3186 3213 3187 -1 3214 3207 3208 -1 3213 3190 3187 -1 3203 3199 3198 -1 3203 3187 3189 -1 3215 3190 3213 -1 3216 3214 3208 -1 3203 3189 3217 -1 3190 3218 3201 -1 3219 3214 3216 -1 3214 3219 3220 -1 3221 3220 3222 -1 3223 3215 3224 -1 3205 3201 3218 -1 3218 3223 3205 -1 3193 3206 3205 -1 3194 3223 3224 -1 3223 3194 3205 -1 3205 3194 3193 -1 3225 3206 3193 -1 3192 3201 3204 -1 3226 3227 3228 -1 3226 3228 3229 -1 3204 3230 3231 -1 3232 3225 3233 -1 3206 3230 3204 -1 3225 3193 3233 -1 3207 3233 3193 -1 3234 3235 3236 -1 3237 3211 3210 -1 3199 3238 3210 -1 3197 3212 3200 -1 3212 3239 3202 -1 3190 3215 3218 -1 3223 3218 3215 -1 3238 3199 3240 -1 3199 3203 3240 -1 3241 3214 3242 -1 3207 3214 3241 -1 3220 3243 3222 -1 3189 3191 3217 -1 3244 3245 3191 -1 3242 3221 3246 -1 3220 3221 3242 -1 3221 3222 3228 -1 3228 3222 3229 -1 3222 3247 3229 -1 3248 3230 3249 -1 3246 3221 3228 -1 3238 3250 3210 -1 3251 3246 3228 -1 3230 3206 3252 -1 3252 3206 3253 -1 3254 3255 3232 -1 3251 3228 3256 -1 3257 3244 3258 -1 3245 3244 3257 -1 3256 3227 3259 -1 3254 3232 3260 -1 3256 3259 3261 -1 3240 3203 3217 -1 3217 3245 3240 -1 3245 3217 3191 -1 3259 3227 3262 -1 3262 3263 3259 -1 3258 3244 3264 -1 3265 3264 3244 -1 3191 3265 3244 -1 3226 3266 3227 -1 3265 3267 3268 -1 3269 3237 3210 -1 3233 3207 3270 -1 3227 3266 3262 -1 3241 3270 3207 -1 3231 3265 3191 -1 3271 3272 3273 -1 3246 3271 3241 -1 3214 3220 3242 -1 3191 3192 3204 -1 3204 3231 3191 -1 3265 3231 3230 -1 3241 3242 3246 -1 3234 3274 3275 -1 3265 3230 3267 -1 3230 3248 3267 -1 3222 3243 3247 -1 3252 3249 3230 -1 3225 3253 3206 -1 3276 3250 3238 -1 3277 3251 3256 -1 3225 3232 3253 -1 3238 3240 3278 -1 3257 3240 3245 -1 3255 3252 3253 -1 3228 3227 3256 -1 3253 3232 3255 -1 3277 3256 3279 -1 3240 3257 3278 -1 3261 3279 3256 -1 3280 3281 3277 -1 3261 3259 3282 -1 3263 3282 3259 -1 3263 3283 3282 -1 3260 3284 3285 -1 3265 3268 3264 -1 3285 3284 3286 -1 3286 3287 3285 -1 3233 3288 3232 -1 3273 3288 3233 -1 3289 3248 3290 -1 3289 3267 3248 -1 3291 3292 3293 -1 3270 3273 3233 -1 3293 3292 3275 -1 3294 3282 3283 -1 3273 3270 3271 -1 3274 3293 3275 -1 3270 3241 3271 -1 3288 3273 3272 -1 3288 3272 3284 -1 3272 3271 3295 -1 3246 3295 3271 -1 3286 3284 3296 -1 3284 3272 3296 -1 3272 3295 3297 -1 3295 3246 3251 -1 3298 3234 3236 -1 3236 3235 3239 -1 3250 3299 3269 -1 3210 3250 3269 -1 3239 3212 3300 -1 3211 3212 3197 -1 3264 3268 3301 -1 3301 3267 3302 -1 3296 3272 3297 -1 3301 3268 3267 -1 3303 3304 3286 -1 3303 3286 3296 -1 3302 3289 3305 -1 3289 3302 3267 -1 3303 3296 3297 -1 3303 3306 3307 -1 3297 3277 3303 -1 3306 3303 3281 -1 3297 3295 3277 -1 3277 3295 3251 -1 3303 3277 3281 -1 3290 3249 3255 -1 3306 3281 3308 -1 3277 3279 3280 -1 3308 3281 3280 -1 3248 3249 3290 -1 3249 3252 3255 -1 3309 3308 3280 -1 3280 3310 3309 -1 3255 3311 3290 -1 3310 3280 3279 -1 3254 3311 3255 -1 3311 3254 3312 -1 3279 3261 3310 -1 3232 3288 3260 -1 3285 3313 3260 -1 3294 3310 3261 -1 3310 3294 3314 -1 3237 3269 3315 -1 3261 3282 3294 -1 3211 3237 3316 -1 3260 3288 3284 -1 3287 3317 3285 -1 3212 3316 3300 -1 3211 3316 3212 -1 3299 3250 3318 -1 3319 3292 3291 -1 3320 3258 3264 -1 3278 3276 3238 -1 3257 3258 3278 -1 3264 3301 3321 -1 3301 3302 3321 -1 3322 3302 3305 -1 3306 3308 3323 -1 3305 3289 3324 -1 3308 3325 3326 -1 3326 3325 3327 -1 3309 3325 3308 -1 3328 3289 3290 -1 3329 3325 3309 -1 3329 3309 3310 -1 3299 3330 3269 -1 3298 3236 3300 -1 3331 3328 3311 -1 3328 3290 3311 -1 3311 3312 3331 -1 3300 3236 3239 -1 3312 3254 3313 -1 3291 3293 3332 -1 3313 3254 3260 -1 3313 3317 3333 -1 3276 3258 3334 -1 3313 3285 3317 -1 3335 3333 3336 -1 3317 3336 3333 -1 3320 3264 3322 -1 3337 3338 3322 -1 3338 3320 3322 -1 3322 3264 3321 -1 3304 3303 3307 -1 3276 3278 3258 -1 3312 3335 3339 -1 3327 3325 3340 -1 3335 3312 3313 -1 3325 3329 3340 -1 3335 3313 3333 -1 3316 3237 3341 -1 3314 3342 3310 -1 3343 3335 3336 -1 3344 3345 3336 -1 3334 3318 3250 -1 3250 3276 3334 -1 3336 3317 3344 -1 3317 3287 3344 -1 3258 3320 3334 -1 3304 3287 3286 -1 3344 3346 3345 -1 3338 3337 3347 -1 3344 3304 3346 -1 3348 3337 3322 -1 3346 3349 3345 -1 3307 3346 3304 -1 3322 3321 3302 -1 3346 3307 3350 -1 3323 3350 3307 -1 3305 3348 3322 -1 3323 3307 3306 -1 3323 3308 3326 -1 3324 3351 3305 -1 3324 3331 3351 -1 3289 3328 3324 -1 3328 3331 3324 -1 3291 3352 3353 -1 3332 3352 3291 -1 3354 3331 3312 -1 3355 3326 3327 -1 3332 3293 3274 -1 3354 3312 3339 -1 3356 3339 3335 -1 3357 3358 3359 -1 3298 3274 3234 -1 3358 3357 3326 -1 3326 3355 3358 -1 3358 3360 3361 -1 3315 3341 3237 -1 3299 3318 3362 -1 3362 3363 3299 -1 3364 3360 3327 -1 3365 3318 3366 -1 3356 3335 3343 -1 3310 3342 3329 -1 3329 3367 3340 -1 3318 3334 3368 -1 3334 3320 3368 -1 3336 3345 3343 -1 3343 3345 3369 -1 3360 3364 3370 -1 3369 3345 3349 -1 3370 3371 3360 -1 3364 3367 3372 -1 3348 3373 3337 -1 3344 3287 3304 -1 3372 3370 3364 -1 3374 3342 3314 -1 3357 3375 3376 -1 3367 3342 3374 -1 3351 3348 3305 -1 3377 3332 3274 -1 3378 3351 3331 -1 3348 3351 3378 -1 3350 3357 3379 -1 3323 3357 3350 -1 3378 3331 3380 -1 3380 3331 3381 -1 3357 3323 3326 -1 3339 3382 3381 -1 3354 3381 3331 -1 3383 3315 3330 -1 3330 3299 3363 -1 3330 3315 3269 -1 3382 3339 3356 -1 3355 3327 3360 -1 3382 3356 3384 -1 3384 3356 3385 -1 3327 3340 3364 -1 3340 3367 3364 -1 3342 3367 3329 -1 3343 3385 3356 -1 3300 3386 3298 -1 3385 3343 3369 -1 3371 3370 3387 -1 3341 3315 3388 -1 3370 3372 3389 -1 3368 3320 3390 -1 3320 3338 3390 -1 3379 3376 3369 -1 3379 3369 3349 -1 3347 3373 3391 -1 3337 3373 3347 -1 3352 3392 3353 -1 3393 3391 3373 -1 3373 3348 3394 -1 3376 3379 3357 -1 3393 3373 3394 -1 3380 3393 3394 -1 3394 3378 3380 -1 3350 3349 3346 -1 3348 3378 3394 -1 3350 3379 3349 -1 3393 3380 3395 -1 3375 3357 3396 -1 3357 3359 3396 -1 3397 3380 3398 -1 3380 3381 3398 -1 3363 3383 3330 -1 3339 3381 3354 -1 3360 3358 3355 -1 3360 3399 3361 -1 3399 3360 3371 -1 3382 3384 3400 -1 3377 3274 3298 -1 3377 3298 3386 -1 3401 3402 3403 -1 3399 3371 3404 -1 3384 3385 3402 -1 3371 3387 3404 -1 3300 3341 3386 -1 3389 3387 3370 -1 3403 3385 3369 -1 3300 3316 3341 -1 3389 3372 3405 -1 3406 3403 3369 -1 3365 3366 3407 -1 3318 3368 3366 -1 3407 3366 3368 -1 3376 3406 3369 -1 3393 3408 3391 -1 3352 3332 3377 -1 3409 3375 3410 -1 3375 3411 3410 -1 3395 3380 3397 -1 3412 3395 3397 -1 3413 3414 3411 -1 3413 3396 3359 -1 3398 3381 3382 -1 3359 3358 3361 -1 3413 3359 3361 -1 3413 3361 3414 -1 3398 3382 3400 -1 3414 3361 3399 -1 3414 3399 3415 -1 3416 3414 3415 -1 3383 3388 3315 -1 3399 3404 3417 -1 3385 3403 3402 -1 3418 3363 3362 -1 3386 3419 3377 -1 3418 3362 3365 -1 3405 3420 3389 -1 3406 3409 3421 -1 3318 3365 3362 -1 3422 3406 3376 -1 3406 3422 3409 -1 3338 3347 3390 -1 3409 3422 3375 -1 3422 3376 3375 -1 3423 3409 3424 -1 3424 3409 3425 -1 3410 3425 3409 -1 3375 3396 3411 -1 3396 3413 3411 -1 3398 3412 3397 -1 3411 3426 3410 -1 3412 3398 3400 -1 3411 3414 3427 -1 3414 3416 3427 -1 3417 3415 3399 -1 3428 3384 3402 -1 3401 3428 3402 -1 3404 3387 3429 -1 3401 3403 3430 -1 3403 3421 3430 -1 3430 3421 3431 -1 3431 3432 3430 -1 3421 3409 3431 -1 3431 3409 3423 -1 3403 3406 3421 -1 3407 3368 3390 -1 3420 3387 3389 -1 3424 3433 3423 -1 3395 3408 3393 -1 3433 3424 3425 -1 3347 3391 3434 -1 3426 3425 3410 -1 3425 3426 3435 -1 3411 3436 3426 -1 3437 3438 3395 -1 3427 3436 3411 -1 3395 3412 3439 -1 3440 3388 3383 -1 3441 3401 3430 -1 3341 3419 3386 -1 3431 3423 3432 -1 3432 3423 3442 -1 3442 3423 3443 -1 3423 3433 3443 -1 3395 3438 3408 -1 3433 3425 3435 -1 3436 3435 3426 -1 3437 3395 3439 -1 3427 3416 3444 -1 3412 3400 3439 -1 3400 3445 3439 -1 3392 3352 3446 -1 3439 3445 3447 -1 3404 3429 3417 -1 3445 3400 3428 -1 3384 3428 3400 -1 3448 3418 3449 -1 3450 3451 3432 -1 3383 3363 3452 -1 3448 3363 3418 -1 3419 3341 3453 -1 3365 3449 3418 -1 3365 3407 3454 -1 3454 3407 3455 -1 3456 3433 3457 -1 3433 3435 3457 -1 3436 3457 3435 -1 3455 3407 3390 -1 3458 3459 3408 -1 3391 3408 3459 -1 3460 3352 3377 -1 3377 3419 3461 -1 3437 3462 3438 -1 3437 3447 3463 -1 3447 3437 3439 -1 3445 3464 3447 -1 3445 3465 3464 -1 3428 3465 3445 -1 3466 3458 3408 -1 3408 3438 3466 -1 3434 3391 3459 -1 3462 3437 3463 -1 3467 3462 3463 -1 3464 3465 3468 -1 3465 3401 3468 -1 3465 3428 3401 -1 3446 3352 3460 -1 3452 3440 3383 -1 3440 3469 3388 -1 3441 3470 3471 -1 3441 3472 3470 -1 3473 3474 3449 -1 3474 3448 3449 -1 3468 3401 3441 -1 3451 3441 3430 -1 3448 3452 3363 -1 3432 3451 3430 -1 3419 3453 3469 -1 3442 3450 3432 -1 3341 3388 3453 -1 3475 3442 3443 -1 3443 3433 3456 -1 3454 3449 3365 -1 3390 3476 3455 -1 3390 3347 3476 -1 3438 3477 3466 -1 3471 3468 3441 -1 3441 3451 3472 -1 3478 3450 3442 -1 3478 3442 3479 -1 3462 3477 3438 -1 3479 3442 3475 -1 3475 3443 3456 -1 3480 3467 3447 -1 3447 3467 3463 -1 3480 3447 3464 -1 3471 3464 3468 -1 3452 3481 3440 -1 3452 3448 3474 -1 3453 3388 3469 -1 3449 3454 3482 -1 3455 3483 3454 -1 3347 3434 3476 -1 3484 3392 3485 -1 3485 3392 3446 -1 3467 3486 3462 -1 3480 3486 3467 -1 3464 3487 3480 -1 3471 3470 3487 -1 3488 3478 3479 -1 3472 3450 3478 -1 3451 3450 3472 -1 3456 3457 3489 -1 3461 3419 3490 -1 3491 3419 3469 -1 3449 3482 3473 -1 3482 3454 3492 -1 3492 3454 3483 -1 3476 3483 3455 -1 3434 3458 3493 -1 3458 3434 3459 -1 3477 3494 3466 -1 3478 3495 3472 -1 3488 3495 3478 -1 3477 3462 3486 -1 3464 3471 3487 -1 3479 3475 3496 -1 3470 3472 3497 -1 3495 3497 3472 -1 3474 3498 3499 -1 3473 3498 3474 -1 3491 3490 3419 -1 3479 3496 3488 -1 3500 3469 3440 -1 3501 3452 3474 -1 3456 3496 3475 -1 3496 3456 3489 -1 3481 3452 3502 -1 3377 3461 3460 -1 3503 3498 3482 -1 3498 3473 3482 -1 3476 3493 3483 -1 3493 3476 3434 -1 3493 3458 3504 -1 3494 3504 3466 -1 3504 3458 3466 -1 3505 3494 3477 -1 3495 3488 3506 -1 3446 3460 3507 -1 3486 3480 3508 -1 3497 3487 3470 -1 3487 3497 3509 -1 3496 3506 3488 -1 3506 3496 3510 -1 3496 3489 3510 -1 3491 3469 3500 -1 3510 3489 3511 -1 3499 3501 3474 -1 3502 3452 3501 -1 3492 3503 3482 -1 3494 3505 3512 -1 3513 3497 3495 -1 3514 3484 3485 -1 3446 3507 3485 -1 3501 3499 3515 -1 3504 3494 3516 -1 3512 3516 3494 -1 3483 3493 3517 -1 3518 3512 3505 -1 3505 3477 3519 -1 3519 3477 3486 -1 3480 3487 3508 -1 3520 3491 3500 -1 3514 3485 3521 -1 3461 3522 3460 -1 3490 3522 3461 -1 3523 3515 3499 -1 3517 3492 3483 -1 3504 3517 3493 -1 3517 3504 3516 -1 3524 3513 3495 -1 3518 3505 3519 -1 3524 3495 3506 -1 3524 3506 3525 -1 3525 3526 3524 -1 3525 3506 3527 -1 3527 3506 3510 -1 3508 3487 3509 -1 3485 3507 3521 -1 3528 3529 3530 -1 3529 3528 3531 -1 3440 3481 3532 -1 3481 3502 3532 -1 3532 3500 3440 -1 3509 3497 3533 -1 3528 3533 3531 -1 3533 3497 3513 -1 3534 3529 3531 -1 3491 3520 3490 -1 3532 3502 3535 -1 3502 3501 3535 -1 3501 3515 3535 -1 3498 3503 3536 -1 3503 3492 3537 -1 3538 3492 3516 -1 3486 3539 3519 -1 3516 3492 3517 -1 3486 3540 3539 -1 3529 3541 3530 -1 3522 3507 3460 -1 3528 3509 3533 -1 3513 3531 3533 -1 3537 3492 3538 -1 3516 3542 3538 -1 3542 3516 3512 -1 3523 3499 3543 -1 3499 3498 3536 -1 3537 3536 3503 -1 3524 3526 3544 -1 3540 3486 3508 -1 3545 3540 3508 -1 3528 3530 3546 -1 3535 3547 3532 -1 3500 3532 3547 -1 3512 3518 3548 -1 3535 3515 3547 -1 3499 3536 3543 -1 3549 3530 3550 -1 3551 3534 3531 -1 3513 3551 3531 -1 3552 3514 3521 -1 3551 3524 3544 -1 3513 3524 3551 -1 3553 3545 3508 -1 3546 3530 3545 -1 3509 3553 3508 -1 3528 3553 3509 -1 3546 3553 3528 -1 3542 3512 3548 -1 3515 3523 3554 -1 3523 3543 3555 -1 3554 3547 3515 -1 3556 3543 3536 -1 3549 3545 3530 -1 3557 3521 3558 -1 3530 3541 3550 -1 3553 3546 3545 -1 3541 3529 3559 -1 3529 3534 3560 -1 3561 3547 3554 -1 3536 3537 3556 -1 3562 3534 3563 -1 3549 3540 3545 -1 3564 3550 3541 -1 3552 3521 3557 -1 3560 3559 3529 -1 3560 3534 3562 -1 3547 3561 3500 -1 3520 3500 3565 -1 3565 3500 3561 -1 3523 3555 3554 -1 3537 3538 3566 -1 3561 3554 3567 -1 3567 3554 3568 -1 3556 3537 3569 -1 3518 3519 3539 -1 3563 3534 3551 -1 3540 3549 3570 -1 3550 3570 3549 -1 3507 3522 3571 -1 3569 3537 3566 -1 3490 3520 3572 -1 3566 3538 3542 -1 3555 3543 3573 -1 3551 3544 3574 -1 3522 3490 3575 -1 3550 3576 3570 -1 3577 3541 3559 -1 3560 3577 3559 -1 3560 3562 3578 -1 3490 3572 3575 -1 3565 3572 3520 -1 3556 3573 3543 -1 3554 3555 3568 -1 3539 3579 3518 -1 3577 3564 3541 -1 3565 3561 3580 -1 3581 3566 3542 -1 3582 3557 3558 -1 3580 3561 3567 -1 3558 3521 3507 -1 3583 3573 3556 -1 3569 3583 3556 -1 3584 3568 3585 -1 3568 3584 3567 -1 3581 3542 3548 -1 3522 3575 3571 -1 3584 3580 3567 -1 3586 3587 3562 -1 3562 3563 3586 -1 3540 3588 3539 -1 3570 3588 3540 -1 3565 3580 3572 -1 3566 3589 3569 -1 3590 3585 3568 -1 3590 3568 3555 -1 3548 3518 3579 -1 3551 3574 3591 -1 3588 3570 3576 -1 3550 3592 3576 -1 3577 3560 3578 -1 3578 3562 3587 -1 3580 3593 3572 -1 3590 3555 3573 -1 3572 3593 3575 -1 3580 3584 3593 -1 3590 3573 3594 -1 3595 3583 3596 -1 3569 3589 3583 -1 3573 3583 3595 -1 3585 3593 3584 -1 3566 3581 3597 -1 3551 3591 3563 -1 3550 3564 3592 -1 3598 3577 3578 -1 3593 3599 3575 -1 3589 3596 3583 -1 3594 3585 3590 -1 3597 3581 3600 -1 3566 3597 3589 -1 3594 3573 3595 -1 3576 3601 3588 -1 3576 3592 3602 -1 3602 3601 3576 -1 3598 3578 3587 -1 3588 3579 3539 -1 3558 3507 3603 -1 3593 3585 3604 -1 3507 3571 3603 -1 3599 3593 3604 -1 3594 3605 3585 -1 3587 3586 3606 -1 3607 3586 3563 -1 3581 3548 3608 -1 3608 3548 3579 -1 3609 3592 3564 -1 3598 3610 3577 -1 3611 3582 3558 -1 3605 3604 3585 -1 3599 3604 3612 -1 3606 3586 3607 -1 3581 3608 3600 -1 3604 3613 3612 -1 3614 3596 3589 -1 3597 3614 3589 -1 3615 3608 3616 -1 3582 3611 3617 -1 3600 3608 3615 -1 3607 3563 3591 -1 3603 3571 3618 -1 3571 3575 3619 -1 3575 3599 3619 -1 3620 3588 3601 -1 3564 3577 3610 -1 3610 3598 3587 -1 3613 3604 3605 -1 3600 3614 3597 -1 3617 3611 3621 -1 3616 3608 3579 -1 3609 3564 3610 -1 3622 3620 3601 -1 3623 3624 3587 -1 3625 3602 3592 -1 3610 3587 3624 -1 3626 3599 3612 -1 3627 3605 3594 -1 3614 3600 3628 -1 3621 3611 3629 -1 3571 3619 3618 -1 3620 3579 3588 -1 3601 3602 3622 -1 3629 3611 3630 -1 3611 3558 3630 -1 3558 3603 3630 -1 3595 3627 3594 -1 3606 3623 3587 -1 3627 3595 3596 -1 3579 3631 3616 -1 3599 3626 3619 -1 3625 3622 3602 -1 3592 3609 3625 -1 3628 3600 3615 -1 3605 3627 3632 -1 3633 3619 3626 -1 3579 3620 3631 -1 3624 3609 3610 -1 3621 3629 3634 -1 3596 3614 3635 -1 3620 3622 3636 -1 3624 3623 3637 -1 3635 3614 3638 -1 3614 3628 3638 -1 3615 3616 3639 -1 3628 3615 3640 -1 3641 3618 3619 -1 3636 3631 3620 -1 3642 3634 3629 -1 3622 3625 3636 -1 3629 3630 3643 -1 3613 3605 3644 -1 3632 3627 3645 -1 3605 3632 3646 -1 3596 3635 3627 -1 3606 3647 3623 -1 3630 3603 3648 -1 3603 3618 3648 -1 3646 3632 3649 -1 3626 3612 3644 -1 3645 3649 3632 -1 3612 3613 3644 -1 3640 3615 3639 -1 3650 3625 3609 -1 3650 3609 3624 -1 3651 3635 3652 -1 3627 3635 3645 -1 3635 3638 3652 -1 3653 3638 3628 -1 3616 3631 3654 -1 3650 3624 3637 -1 3645 3635 3651 -1 3655 3653 3628 -1 3628 3640 3655 -1 3631 3636 3656 -1 3636 3625 3657 -1 3658 3626 3644 -1 3605 3646 3644 -1 3630 3648 3643 -1 3623 3647 3637 -1 3656 3636 3657 -1 3657 3625 3650 -1 3646 3649 3659 -1 3649 3645 3660 -1 3639 3616 3661 -1 3661 3662 3639 -1 3642 3629 3663 -1 3618 3664 3648 -1 3626 3658 3665 -1 3641 3619 3633 -1 3637 3647 3666 -1 3667 3660 3645 -1 3639 3668 3640 -1 3631 3656 3669 -1 3642 3663 3670 -1 3616 3654 3661 -1 3656 3657 3671 -1 3657 3672 3671 -1 3657 3650 3672 -1 3633 3626 3665 -1 3618 3641 3664 -1 3659 3649 3660 -1 3658 3644 3646 -1 3645 3651 3667 -1 3652 3673 3651 -1 3652 3638 3653 -1 3655 3640 3668 -1 3662 3668 3639 -1 3654 3631 3669 -1 3663 3629 3643 -1 3662 3661 3674 -1 3651 3675 3667 -1 3655 3676 3653 -1 3652 3653 3673 -1 3677 3663 3643 -1 3678 3650 3637 -1 3678 3637 3666 -1 3675 3651 3673 -1 3673 3653 3679 -1 3670 3663 3680 -1 3668 3662 3674 -1 3672 3650 3678 -1 3659 3681 3646 -1 3682 3633 3665 -1 3646 3681 3658 -1 3660 3683 3659 -1 3680 3663 3677 -1 3655 3668 3684 -1 3674 3684 3668 -1 3685 3669 3656 -1 3656 3671 3685 -1 3674 3661 3686 -1 3654 3687 3661 -1 3671 3672 3678 -1 3658 3681 3665 -1 3675 3688 3667 -1 3653 3676 3679 -1 3654 3669 3689 -1 3660 3667 3683 -1 3675 3673 3690 -1 3643 3648 3691 -1 3661 3687 3686 -1 3692 3671 3678 -1 3678 3666 3692 -1 3690 3673 3693 -1 3693 3673 3679 -1 3676 3655 3684 -1 3677 3643 3691 -1 3684 3674 3694 -1 3654 3689 3687 -1 3664 3641 3695 -1 3659 3696 3681 -1 3659 3683 3697 -1 3676 3684 3698 -1 3648 3664 3691 -1 3692 3666 3699 -1 3697 3683 3700 -1 3667 3688 3683 -1 3641 3633 3695 -1 3669 3685 3689 -1 3686 3694 3674 -1 3665 3681 3701 -1 3696 3659 3697 -1 3679 3676 3698 -1 3664 3695 3702 -1 3671 3692 3703 -1 3692 3699 3704 -1 3682 3695 3633 -1 3671 3705 3685 -1 3690 3688 3675 -1 3700 3683 3688 -1 3706 3679 3698 -1 3707 3686 3687 -1 3677 3691 3708 -1 3709 3687 3689 -1 3709 3689 3710 -1 3705 3689 3685 -1 3691 3664 3711 -1 3681 3696 3701 -1 3693 3679 3712 -1 3679 3706 3712 -1 3711 3664 3702 -1 3710 3689 3705 -1 3684 3694 3698 -1 3687 3709 3707 -1 3708 3691 3711 -1 3703 3705 3671 -1 3696 3697 3700 -1 3713 3690 3693 -1 3686 3707 3714 -1 3665 3701 3682 -1 3715 3700 3716 -1 3700 3688 3717 -1 3690 3713 3688 -1 3680 3677 3718 -1 3677 3708 3718 -1 3694 3686 3714 -1 3702 3695 3719 -1 3700 3715 3696 -1 3713 3693 3720 -1 3720 3693 3712 -1 3698 3694 3721 -1 3696 3715 3701 -1 3716 3700 3717 -1 3722 3706 3698 -1 3694 3714 3721 -1 3707 3723 3714 -1 3695 3682 3719 -1 3717 3688 3713 -1 3718 3708 3724 -1 3724 3708 3725 -1 3711 3725 3708 -1 3707 3709 3723 -1 3703 3692 3704 -1 3706 3726 3712 -1 3714 3723 3727 -1 3723 3709 3728 -1 3711 3702 3725 -1 3729 3710 3705 -1 3729 3705 3703 -1 3719 3682 3730 -1 3682 3701 3730 -1 3731 3701 3715 -1 3732 3715 3716 -1 3706 3722 3726 -1 3722 3698 3721 -1 3718 3733 3734 -1 3709 3710 3728 -1 3715 3732 3731 -1 3713 3720 3735 -1 3718 3724 3733 -1 3702 3736 3725 -1 3731 3730 3701 -1 3717 3713 3737 -1 3738 3734 3733 -1 3733 3724 3739 -1 3740 3710 3729 -1 3736 3702 3741 -1 3719 3741 3702 -1 3712 3726 3742 -1 3725 3739 3724 -1 3703 3704 3743 -1 3737 3713 3735 -1 3720 3712 3742 -1 3722 3721 3744 -1 3721 3714 3744 -1 3744 3714 3727 -1 3729 3703 3743 -1 3736 3741 3745 -1 3746 3730 3731 -1 3742 3735 3720 -1 3747 3723 3728 -1 3719 3730 3746 -1 3726 3722 3748 -1 3749 3740 3729 -1 3729 3743 3749 -1 3719 3746 3741 -1 3732 3750 3731 -1 3742 3726 3748 -1 3722 3744 3748 -1 3738 3733 3751 -1 3739 3725 3736 -1 3745 3741 3752 -1 3746 3752 3741 -1 3735 3742 3753 -1 3744 3727 3754 -1 3740 3728 3710 -1 3751 3733 3739 -1 3739 3736 3755 -1 3746 3756 3752 -1 3757 3746 3731 -1 3750 3757 3731 -1 3748 3753 3742 -1 3727 3723 3754 -1 3758 3744 3754 -1 3749 3743 3759 -1 3751 3739 3755 -1 3760 3750 3732 -1 3754 3723 3747 -1 3750 3760 3757 -1 3716 3717 3761 -1 3762 3757 3760 -1 3763 3738 3764 -1 3765 3737 3735 -1 3756 3766 3752 -1 3757 3756 3746 -1 3748 3744 3767 -1 3744 3758 3767 -1 3768 3728 3740 -1 3740 3749 3768 -1 3769 3768 3749 -1 3762 3760 3770 -1 3760 3732 3770 -1 3732 3716 3761 -1 3761 3717 3737 -1 3735 3753 3771 -1 3736 3745 3755 -1 3757 3762 3756 -1 3768 3747 3728 -1 3772 3738 3751 -1 3769 3749 3773 -1 3772 3751 3755 -1 3749 3759 3773 -1 3766 3774 3752 -1 3765 3775 3737 -1 3761 3737 3775 -1 3735 3771 3765 -1 3753 3748 3776 -1 3738 3772 3764 -1 3774 3745 3752 -1 3756 3762 3777 -1 3777 3762 3778 -1 3732 3761 3770 -1 3747 3768 3779 -1 3766 3756 3780 -1 3781 3775 3765 -1 3771 3753 3776 -1 3767 3776 3748 -1 3754 3747 3779 -1 3782 3779 3768 -1 3782 3768 3769 -1 3772 3755 3774 -1 3745 3774 3755 -1 3756 3777 3780 -1 3762 3770 3778 -1 3783 3770 3761 -1 3775 3783 3761 -1 3771 3776 3784 -1 3776 3767 3785 -1 3786 3767 3758 -1 3758 3754 3786 -1 3773 3787 3769 -1 3783 3775 3781 -1 3765 3771 3788 -1 3779 3789 3754 -1 3790 3772 3774 -1 3782 3769 3787 -1 3774 3766 3790 -1 3780 3777 3791 -1 3770 3783 3778 -1 3788 3771 3784 -1 3776 3785 3784 -1 3763 3764 3792 -1 3790 3766 3780 -1 3793 3783 3781 -1 3781 3765 3788 -1 3785 3767 3786 -1 3786 3754 3789 -1 3779 3782 3789 -1 3764 3772 3794 -1 3772 3790 3794 -1 3795 3763 3792 -1 3792 3764 3796 -1 3780 3797 3790 -1 3791 3797 3780 -1 3793 3778 3783 -1 3796 3764 3794 -1 3798 3793 3781 -1 3798 3781 3788 -1 3777 3778 3791 -1 3788 3784 3799 -1 3800 3785 3786 -1 3786 3789 3800 -1 3782 3801 3789 -1 3801 3782 3787 -1 3802 3801 3787 -1 3792 3803 3795 -1 3792 3796 3804 -1 3805 3778 3793 -1 3798 3788 3806 -1 3806 3788 3799 -1 3790 3797 3794 -1 3789 3801 3807 -1 3807 3801 3802 -1 3804 3808 3792 -1 3805 3793 3809 -1 3785 3810 3784 -1 3811 3800 3789 -1 3812 3811 3789 -1 3812 3789 3807 -1 3802 3813 3807 -1 3814 3815 3816 -1 3817 3815 3814 -1 3803 3792 3808 -1 3778 3805 3791 -1 3784 3810 3799 -1 3798 3806 3818 -1 3785 3800 3810 -1 3807 3819 3812 -1 3813 3820 3807 -1 3815 3820 3813 -1 3821 3815 3817 -1 3822 3817 3814 -1 3823 3797 3791 -1 3793 3798 3824 -1 3824 3798 3818 -1 3818 3806 3799 -1 3825 3810 3800 -1 3800 3811 3825 -1 3811 3812 3826 -1 3827 3819 3807 -1 3827 3807 3820 -1 3828 3827 3820 -1 3815 3829 3820 -1 3830 3821 3817 -1 3831 3808 3804 -1 3804 3796 3832 -1 3805 3809 3791 -1 3794 3797 3823 -1 3793 3824 3833 -1 3834 3819 3827 -1 3791 3835 3823 -1 3809 3835 3791 -1 3809 3793 3833 -1 3836 3824 3818 -1 3829 3828 3820 -1 3821 3829 3815 -1 3822 3830 3817 -1 3837 3836 3838 -1 3839 3840 3841 -1 3803 3808 3842 -1 3842 3808 3843 -1 3831 3843 3808 -1 3804 3832 3831 -1 3823 3832 3796 -1 3796 3794 3823 -1 3819 3826 3812 -1 3844 3845 3846 -1 3847 3848 3844 -1 3849 3850 3851 -1 3845 3844 3848 -1 3852 3833 3824 -1 3852 3824 3836 -1 3818 3853 3836 -1 3799 3810 3818 -1 3818 3810 3825 -1 3825 3811 3826 -1 3854 3855 3851 -1 3838 3856 3837 -1 3839 3838 3840 -1 3857 3840 3858 -1 3838 3858 3840 -1 3859 3839 3841 -1 3860 3861 3862 -1 3857 3841 3840 -1 3821 3863 3829 -1 3864 3863 3821 -1 3821 3830 3864 -1 3847 3844 3865 -1 3866 3867 3868 -1 3865 3844 3846 -1 3869 3870 3827 -1 3869 3827 3828 -1 3843 3871 3842 -1 3847 3872 3848 -1 3872 3847 3850 -1 3849 3872 3850 -1 3832 3823 3831 -1 3823 3873 3831 -1 3872 3874 3848 -1 3874 3875 3848 -1 3874 3872 3849 -1 3809 3876 3877 -1 3878 3877 3876 -1 3845 3879 3846 -1 3809 3833 3876 -1 3879 3845 3880 -1 3877 3873 3835 -1 3873 3877 3881 -1 3833 3852 3876 -1 3873 3823 3835 -1 3877 3835 3809 -1 3853 3818 3825 -1 3882 3825 3826 -1 3850 3877 3878 -1 3878 3883 3850 -1 3851 3850 3883 -1 3851 3883 3854 -1 3852 3883 3878 -1 3852 3836 3883 -1 3883 3856 3854 -1 3854 3884 3855 -1 3837 3856 3883 -1 3884 3854 3856 -1 3855 3874 3849 -1 3855 3849 3851 -1 3874 3860 3875 -1 3855 3860 3874 -1 3884 3861 3855 -1 3860 3855 3861 -1 3861 3884 3859 -1 3836 3837 3883 -1 3856 3838 3839 -1 3858 3838 3836 -1 3858 3836 3853 -1 3859 3856 3839 -1 3859 3862 3861 -1 3841 3862 3859 -1 3885 3843 3886 -1 3887 3885 3886 -1 3886 3888 3887 -1 3862 3841 3889 -1 3890 3862 3889 -1 3889 3891 3890 -1 3841 3857 3889 -1 3892 3893 3894 -1 3894 3893 3867 -1 3892 3889 3857 -1 3894 3889 3892 -1 3895 3889 3894 -1 3891 3889 3895 -1 3895 3894 3867 -1 3834 3827 3870 -1 3863 3828 3829 -1 3831 3896 3843 -1 3878 3876 3852 -1 3831 3873 3896 -1 3853 3825 3882 -1 3873 3881 3896 -1 3856 3859 3884 -1 3846 3879 3897 -1 3896 3865 3846 -1 3885 3871 3843 -1 3881 3865 3896 -1 3865 3881 3847 -1 3896 3886 3843 -1 3847 3881 3850 -1 3850 3881 3877 -1 3886 3896 3888 -1 3896 3846 3888 -1 3858 3853 3892 -1 3857 3858 3892 -1 3846 3898 3888 -1 3892 3853 3882 -1 3846 3897 3898 -1 3882 3893 3892 -1 3834 3882 3826 -1 3893 3882 3834 -1 3834 3868 3893 -1 3834 3826 3819 -1 3893 3868 3867 -1 3899 3900 3901 -1 3902 3903 3904 -1 3905 3906 3899 -1 3906 3907 3899 -1 3905 3899 3901 -1 3908 3903 3902 -1 3902 3905 3908 -1 3901 3909 3910 -1 3911 3912 3903 -1 3913 3903 3912 -1 3913 3904 3903 -1 3902 3904 3914 -1 3905 3902 3914 -1 3905 3915 3908 -1 3915 3905 3910 -1 3901 3910 3905 -1 3910 3909 3916 -1 3911 3917 3918 -1 3911 3919 3920 -1 3921 3911 3903 -1 3905 3914 3906 -1 3917 3922 3918 -1 3917 3911 3920 -1 3921 3919 3911 -1 3908 3921 3903 -1 3921 3908 3923 -1 3923 3908 3915 -1 3910 3923 3915 -1 3923 3910 3924 -1 3916 3924 3910 -1 3916 3925 3924 -1 3926 3917 3920 -1 3923 3919 3921 -1 3919 3923 3927 -1 3924 3928 3923 -1 3924 3925 3928 -1 3929 3925 3916 -1 3929 3930 3925 -1 3930 3931 3932 -1 3922 3917 3933 -1 3920 3919 3927 -1 3923 3928 3927 -1 3930 3934 3925 -1 3934 3930 3935 -1 3935 3930 3932 -1 3936 3932 3931 -1 3937 3936 3931 -1 3937 3931 3938 -1 3939 3922 3933 -1 3920 3927 3926 -1 3925 3934 3928 -1 3940 3939 3933 -1 3941 3932 3942 -1 3936 3942 3932 -1 3936 3937 3943 -1 3927 3928 3944 -1 3928 3934 3945 -1 3943 3946 3942 -1 3942 3936 3943 -1 3943 3947 3946 -1 3933 3948 3940 -1 3937 3949 3943 -1 3917 3950 3933 -1 3950 3917 3926 -1 3938 3949 3937 -1 3949 3938 3951 -1 3952 3926 3927 -1 3949 3951 3953 -1 3934 3935 3954 -1 3955 3949 3956 -1 3949 3953 3957 -1 3957 3956 3949 -1 3926 3952 3950 -1 3944 3928 3945 -1 3945 3934 3954 -1 3935 3932 3958 -1 3958 3941 3935 -1 3941 3958 3932 -1 3946 3941 3942 -1 3941 3946 3947 -1 3947 3959 3941 -1 3959 3960 3941 -1 3947 3943 3949 -1 3947 3949 3955 -1 3960 3959 3961 -1 3941 3960 3935 -1 3948 3962 3963 -1 3959 3947 3955 -1 3956 3957 3964 -1 3965 3948 3933 -1 3933 3950 3965 -1 3966 3952 3944 -1 3952 3927 3944 -1 3967 3968 3969 -1 3968 3970 3969 -1 3960 3954 3935 -1 3971 3969 3970 -1 3961 3959 3972 -1 3959 3955 3973 -1 3948 3974 3962 -1 3973 3955 3956 -1 3966 3944 3975 -1 3944 3945 3975 -1 3960 3961 3976 -1 3967 3969 3977 -1 3971 3970 3978 -1 3974 3948 3979 -1 3965 3979 3948 -1 3980 3981 3973 -1 3982 3981 3980 -1 3965 3950 3983 -1 3966 3984 3952 -1 3954 3960 3985 -1 3985 3960 3976 -1 3977 3969 3971 -1 3977 3971 3986 -1 3978 3986 3971 -1 3973 3956 3964 -1 3980 3973 3964 -1 3970 3963 3978 -1 3963 3962 3978 -1 3974 3978 3962 -1 3984 3983 3950 -1 3952 3984 3950 -1 3966 3975 3987 -1 3986 3988 3977 -1 3972 3959 3973 -1 3972 3973 3989 -1 3984 3966 3987 -1 3990 3967 3991 -1 3977 3991 3967 -1 3991 3977 3988 -1 3989 3973 3981 -1 3992 3979 3965 -1 3965 3983 3992 -1 3945 3954 3985 -1 3976 3961 3993 -1 3986 3978 3994 -1 3961 3972 3995 -1 3972 3989 3995 -1 3994 3978 3974 -1 3996 3992 3983 -1 3996 3983 3997 -1 3983 3984 3997 -1 3990 3991 3998 -1 3975 3945 3999 -1 3985 3999 3945 -1 3988 3986 4000 -1 3993 3961 3995 -1 3995 3989 4001 -1 3974 3979 4002 -1 4002 3979 3996 -1 3992 3996 3979 -1 3997 3984 3987 -1 4003 3987 3975 -1 4003 3975 3999 -1 3998 3991 4004 -1 3991 3988 4004 -1 4005 3999 3985 -1 3993 4005 3985 -1 3986 3994 4006 -1 3976 3993 3985 -1 3989 3981 4001 -1 3974 4002 3994 -1 3996 4007 4002 -1 3997 4007 3996 -1 4008 4009 3997 -1 3987 4010 3997 -1 3997 4010 4008 -1 4010 3987 4003 -1 4008 4010 4003 -1 3999 4011 4003 -1 4012 3998 4004 -1 4000 4004 3988 -1 3993 3995 4013 -1 3986 4006 4000 -1 4014 4006 3994 -1 4001 3981 4015 -1 3982 4015 3981 -1 4016 4014 3994 -1 3994 4002 4016 -1 4016 4002 4007 -1 4009 4007 3997 -1 4017 4015 3982 -1 4009 4008 4018 -1 4008 4003 4018 -1 3998 4012 4019 -1 4000 4020 4004 -1 4006 4014 4021 -1 4021 4014 4022 -1 4014 4016 4022 -1 4007 4009 4023 -1 4024 4022 4016 -1 4007 4024 4016 -1 4023 4024 4007 -1 4012 4004 4025 -1 4026 4005 3993 -1 3993 4013 4026 -1 4006 4027 4000 -1 4021 4027 4006 -1 4028 4021 4022 -1 4001 4015 4029 -1 4023 4009 4030 -1 4030 4009 4018 -1 4018 4003 4011 -1 3999 4031 4011 -1 4004 4020 4025 -1 4027 4021 4032 -1 4028 4032 4021 -1 4029 4015 4033 -1 4028 4022 4034 -1 4024 4023 4035 -1 4033 4015 4017 -1 4018 4011 4036 -1 4011 4031 4036 -1 3999 4005 4031 -1 4020 4000 4037 -1 4027 4032 4038 -1 4001 4029 4039 -1 4040 4034 4022 -1 4024 4040 4022 -1 4035 4023 4030 -1 4035 4030 4041 -1 4042 4031 4005 -1 4036 4031 4042 -1 4019 4012 4043 -1 4001 4044 3995 -1 4000 4027 4037 -1 4032 4028 4045 -1 4033 4017 4046 -1 4030 4018 4047 -1 4048 4025 4020 -1 4037 4027 4038 -1 4001 4039 4044 -1 4045 4028 4034 -1 4024 4035 4040 -1 4041 4030 4047 -1 4040 4035 4049 -1 4049 4035 4041 -1 4042 4005 4050 -1 4005 4026 4050 -1 4026 4013 4051 -1 4013 3995 4052 -1 4017 4053 4046 -1 4054 4043 4055 -1 4012 4025 4043 -1 4056 4041 4047 -1 4047 4018 4057 -1 4057 4018 4036 -1 4036 4042 4058 -1 4042 4050 4058 -1 4013 4052 4051 -1 4020 4037 4048 -1 4038 4032 4059 -1 4032 4045 4059 -1 4060 4033 4046 -1 4049 4041 4056 -1 4050 4026 4051 -1 3995 4044 4052 -1 4043 4025 4055 -1 4061 4025 4048 -1 4034 4062 4045 -1 4057 4036 4058 -1 4058 4050 4063 -1 4055 4025 4061 -1 4044 4039 4064 -1 4037 4065 4048 -1 4051 4052 4066 -1 4044 4066 4052 -1 4044 4064 4066 -1 4064 4039 4067 -1 4067 4039 4029 -1 4059 4068 4038 -1 4069 4059 4045 -1 4070 4046 4053 -1 4040 4062 4034 -1 4049 4062 4040 -1 4056 4047 4071 -1 4047 4072 4071 -1 4072 4047 4057 -1 4073 4063 4050 -1 4050 4051 4073 -1 4033 4067 4029 -1 4037 4038 4068 -1 4049 4074 4062 -1 4033 4060 4067 -1 4070 4060 4046 -1 4069 4045 4075 -1 4075 4045 4062 -1 4049 4056 4076 -1 4077 4071 4072 -1 4057 4077 4072 -1 4078 4054 4055 -1 4063 4073 4079 -1 4078 4055 4080 -1 4073 4051 4079 -1 4066 4079 4051 -1 4081 4048 4065 -1 4037 4068 4065 -1 4075 4062 4074 -1 4074 4049 4076 -1 4071 4076 4056 -1 4061 4080 4055 -1 4068 4059 4082 -1 4057 4058 4083 -1 4058 4063 4083 -1 4048 4081 4061 -1 4079 4066 4084 -1 4084 4066 4085 -1 4064 4085 4066 -1 4064 4086 4087 -1 4068 4082 4065 -1 4064 4067 4086 -1 4060 4070 4088 -1 4089 4074 4090 -1 4074 4076 4090 -1 4071 4077 4091 -1 4087 4085 4064 -1 4067 4060 4088 -1 4088 4070 4092 -1 4082 4059 4093 -1 4059 4069 4093 -1 4093 4069 4094 -1 4069 4075 4094 -1 4076 4071 4095 -1 4095 4071 4091 -1 4077 4057 4083 -1 4079 4083 4063 -1 4089 4096 4074 -1 4076 4095 4090 -1 4081 4065 4082 -1 4086 4067 4097 -1 4075 4074 4096 -1 4070 4098 4092 -1 4095 4099 4090 -1 4091 4077 4100 -1 4083 4079 4101 -1 4079 4084 4102 -1 4103 4078 4080 -1 4080 4061 4104 -1 4097 4067 4088 -1 4093 4105 4082 -1 4094 4106 4093 -1 4094 4075 4096 -1 4107 4089 4090 -1 4107 4090 4099 -1 4108 4099 4095 -1 4100 4077 4083 -1 4109 4083 4101 -1 4110 4080 4104 -1 4104 4061 4111 -1 4101 4079 4102 -1 4082 4105 4112 -1 4093 4106 4105 -1 4095 4091 4108 -1 4113 4100 4083 -1 4087 4114 4084 -1 4084 4085 4087 -1 4061 4081 4111 -1 4088 4092 4115 -1 4096 4089 4116 -1 4089 4107 4117 -1 4108 4107 4099 -1 4108 4091 4118 -1 4113 4083 4109 -1 4097 4088 4119 -1 4120 4115 4092 -1 4106 4094 4121 -1 4098 4122 4092 -1 4096 4116 4121 -1 4117 4116 4089 -1 4091 4100 4118 -1 4113 4123 4100 -1 4109 4101 4124 -1 4080 4110 4103 -1 4102 4084 4114 -1 4119 4088 4115 -1 4092 4122 4120 -1 4121 4094 4096 -1 4117 4107 4125 -1 4107 4108 4125 -1 4108 4118 4125 -1 4101 4126 4124 -1 4101 4102 4126 -1 4087 4086 4127 -1 4112 4105 4128 -1 4123 4113 4129 -1 4113 4109 4129 -1 4114 4087 4130 -1 4102 4114 4126 -1 4127 4130 4087 -1 4127 4086 4131 -1 4086 4097 4131 -1 4097 4119 4131 -1 4119 4115 4120 -1 4132 4105 4106 -1 4100 4133 4118 -1 4133 4100 4123 -1 4129 4109 4124 -1 4110 4104 4134 -1 4081 4135 4111 -1 4132 4128 4105 -1 4125 4118 4136 -1 4124 4126 4137 -1 4104 4111 4138 -1 4135 4138 4111 -1 4082 4139 4081 -1 4112 4140 4082 -1 4118 4133 4141 -1 4081 4139 4135 -1 4131 4119 4142 -1 4119 4120 4143 -1 4120 4122 4144 -1 4098 4145 4122 -1 4146 4106 4121 -1 4136 4118 4141 -1 4147 4141 4133 -1 4129 4148 4123 -1 4126 4114 4149 -1 4134 4104 4138 -1 4139 4082 4140 -1 4112 4128 4140 -1 4150 4128 4132 -1 4116 4146 4121 -1 4151 4146 4116 -1 4116 4117 4151 -1 4117 4125 4152 -1 4125 4136 4152 -1 4129 4124 4153 -1 4142 4119 4143 -1 4150 4140 4128 -1 4143 4120 4144 -1 4146 4132 4106 -1 4154 4122 4145 -1 4152 4151 4117 -1 4155 4141 4147 -1 4148 4133 4123 -1 4153 4148 4129 -1 4153 4124 4137 -1 4130 4149 4114 -1 4156 4130 4127 -1 4127 4131 4157 -1 4157 4131 4142 -1 4144 4122 4158 -1 4132 4146 4159 -1 4160 4146 4151 -1 4147 4133 4148 -1 4161 4110 4134 -1 4137 4126 4149 -1 4157 4156 4127 -1 4143 4144 4162 -1 4139 4140 4163 -1 4158 4122 4154 -1 4159 4164 4132 -1 4152 4136 4155 -1 4136 4141 4155 -1 4147 4148 4165 -1 4166 4148 4153 -1 4153 4137 4167 -1 4149 4130 4168 -1 4162 4144 4158 -1 4132 4164 4150 -1 4169 4151 4152 -1 4166 4165 4148 -1 4130 4170 4168 -1 4130 4156 4170 -1 4156 4157 4171 -1 4150 4172 4140 -1 4162 4158 4173 -1 4174 4158 4154 -1 4164 4159 4175 -1 4160 4175 4159 -1 4146 4160 4159 -1 4176 4154 4145 -1 4177 4147 4165 -1 4166 4153 4167 -1 4135 4178 4138 -1 4179 4135 4139 -1 4172 4163 4140 -1 4173 4158 4174 -1 4172 4150 4164 -1 4180 4154 4176 -1 4155 4181 4152 -1 4177 4155 4147 -1 4182 4168 4170 -1 4164 4175 4183 -1 4171 4157 4184 -1 4142 4184 4157 -1 4160 4151 4185 -1 4151 4169 4185 -1 4186 4169 4152 -1 4152 4181 4186 -1 4187 4149 4168 -1 4182 4170 4156 -1 4142 4143 4188 -1 4139 4163 4179 -1 4166 4167 4189 -1 4167 4137 4190 -1 4137 4149 4190 -1 4149 4187 4190 -1 4164 4183 4191 -1 4154 4180 4192 -1 4165 4166 4189 -1 4190 4187 4193 -1 4187 4168 4182 -1 4162 4188 4143 -1 4172 4164 4191 -1 4185 4175 4160 -1 4161 4134 4194 -1 4187 4182 4195 -1 4182 4156 4195 -1 4195 4156 4171 -1 4196 4184 4142 -1 4197 4192 4180 -1 4169 4198 4185 -1 4181 4199 4186 -1 4181 4155 4200 -1 4177 4200 4155 -1 4165 4189 4177 -1 4138 4201 4134 -1 4201 4138 4178 -1 4184 4196 4171 -1 4202 4163 4172 -1 4175 4203 4183 -1 4188 4196 4142 -1 4162 4173 4204 -1 4174 4154 4192 -1 4169 4205 4198 -1 4169 4186 4199 -1 4199 4181 4200 -1 4134 4201 4194 -1 4135 4179 4178 -1 4187 4195 4206 -1 4171 4196 4207 -1 4202 4208 4163 -1 4173 4174 4204 -1 4175 4185 4203 -1 4177 4209 4200 -1 4210 4190 4193 -1 4206 4193 4187 -1 4179 4163 4208 -1 4172 4211 4202 -1 4191 4183 4212 -1 4183 4203 4212 -1 4204 4174 4192 -1 4199 4205 4169 -1 4167 4213 4189 -1 4213 4167 4210 -1 4167 4190 4210 -1 4195 4171 4214 -1 4208 4202 4215 -1 4188 4162 4204 -1 4205 4199 4216 -1 4217 4161 4194 -1 4177 4189 4218 -1 4202 4211 4215 -1 4210 4206 4219 -1 4206 4210 4193 -1 4206 4195 4214 -1 4203 4185 4220 -1 4214 4171 4207 -1 4198 4220 4185 -1 4198 4205 4216 -1 4192 4197 4221 -1 4209 4177 4222 -1 4222 4177 4218 -1 4213 4218 4189 -1 4223 4210 4219 -1 4219 4206 4214 -1 4224 4196 4225 -1 4196 4188 4225 -1 4172 4191 4211 -1 4197 4226 4221 -1 4199 4200 4216 -1 4216 4200 4227 -1 4200 4209 4227 -1 4222 4218 4213 -1 4207 4196 4224 -1 4188 4204 4225 -1 4204 4228 4225 -1 4191 4212 4211 -1 4221 4204 4192 -1 4212 4203 4220 -1 4229 4220 4198 -1 4198 4216 4230 -1 4223 4213 4210 -1 4178 4231 4201 -1 4179 4232 4178 -1 4204 4221 4228 -1 4212 4233 4211 -1 4220 4229 4234 -1 4229 4198 4230 -1 4230 4216 4235 -1 4235 4216 4236 -1 4227 4236 4216 -1 4222 4227 4209 -1 4237 4217 4194 -1 4208 4232 4179 -1 4215 4238 4208 -1 4220 4233 4212 -1 4222 4213 4239 -1 4240 4219 4214 -1 4241 4237 4194 -1 4214 4207 4242 -1 4194 4201 4241 -1 4224 4242 4207 -1 4224 4225 4243 -1 4232 4231 4178 -1 4233 4244 4211 -1 4238 4232 4208 -1 4215 4211 4245 -1 4230 4235 4246 -1 4235 4236 4246 -1 4227 4222 4247 -1 4247 4236 4227 -1 4240 4223 4219 -1 4214 4248 4240 -1 4248 4214 4242 -1 4201 4231 4241 -1 4243 4242 4224 -1 4221 4226 4249 -1 4245 4211 4244 -1 4244 4233 4250 -1 4246 4236 4251 -1 4247 4222 4239 -1 4225 4228 4243 -1 4245 4252 4215 -1 4223 4239 4213 -1 4239 4223 4253 -1 4237 4241 4254 -1 4243 4255 4242 -1 4221 4256 4228 -1 4238 4215 4252 -1 4245 4244 4257 -1 4250 4233 4258 -1 4258 4233 4234 -1 4233 4220 4234 -1 4229 4230 4246 -1 4236 4247 4259 -1 4253 4223 4240 -1 4243 4260 4255 -1 4261 4259 4247 -1 4240 4248 4262 -1 4248 4242 4263 -1 4256 4243 4228 -1 4243 4256 4260 -1 4231 4264 4241 -1 4238 4265 4232 -1 4246 4266 4229 -1 4246 4251 4266 -1 4247 4239 4261 -1 4253 4240 4262 -1 4262 4248 4263 -1 4254 4241 4267 -1 4256 4221 4249 -1 4232 4264 4231 -1 4252 4245 4257 -1 4257 4244 4250 -1 4258 4234 4268 -1 4266 4234 4229 -1 4261 4239 4253 -1 4242 4255 4263 -1 4264 4267 4241 -1 4269 4265 4238 -1 4238 4252 4269 -1 4267 4270 4254 -1 4266 4251 4271 -1 4251 4259 4271 -1 4251 4236 4259 -1 4259 4261 4272 -1 4273 4260 4256 -1 4269 4252 4274 -1 4257 4274 4252 -1 4268 4275 4258 -1 4276 4255 4260 -1 4264 4232 4277 -1 4265 4278 4232 -1 4257 4250 4274 -1 4250 4258 4275 -1 4271 4259 4279 -1 4259 4272 4279 -1 4263 4255 4280 -1 4281 4282 4283 -1 4268 4234 4266 -1 4270 4267 4284 -1 4285 4266 4271 -1 4286 4284 4267 -1 4264 4286 4267 -1 4261 4253 4272 -1 4268 4266 4285 -1 4287 4270 4284 -1 4288 4279 4289 -1 4279 4272 4289 -1 4272 4253 4290 -1 4291 4286 4264 -1 4291 4264 4277 -1 4232 4278 4277 -1 4280 4255 4276 -1 4276 4260 4292 -1 4292 4260 4273 -1 4275 4274 4250 -1 4273 4256 4293 -1 4256 4249 4293 -1 4285 4294 4295 -1 4288 4294 4285 -1 4288 4285 4271 -1 4271 4279 4288 -1 4296 4289 4272 -1 4297 4272 4290 -1 4253 4262 4290 -1 4262 4263 4290 -1 4263 4280 4298 -1 4299 4278 4265 -1 4300 4275 4268 -1 4272 4297 4296 -1 4286 4291 4301 -1 4277 4302 4291 -1 4278 4302 4277 -1 4269 4299 4265 -1 4292 4303 4276 -1 4295 4300 4268 -1 4285 4295 4268 -1 4294 4288 4304 -1 4304 4288 4305 -1 4288 4289 4305 -1 4296 4305 4289 -1 4306 4305 4296 -1 4284 4286 4307 -1 4308 4309 4310 -1 4311 4306 4296 -1 4308 4312 4313 -1 4314 4296 4297 -1 4315 4308 4313 -1 4316 4290 4263 -1 4317 4278 4299 -1 4274 4318 4269 -1 4300 4318 4274 -1 4274 4275 4300 -1 4295 4294 4319 -1 4319 4294 4304 -1 4304 4305 4320 -1 4305 4306 4320 -1 4284 4307 4287 -1 4286 4301 4307 -1 4301 4291 4321 -1 4302 4321 4291 -1 4322 4273 4293 -1 4278 4317 4302 -1 4282 4293 4249 -1 4299 4269 4323 -1 4319 4300 4295 -1 4319 4304 4324 -1 4312 4325 4326 -1 4320 4327 4328 -1 4320 4306 4327 -1 4329 4308 4310 -1 4308 4315 4309 -1 4330 4306 4311 -1 4316 4314 4297 -1 4290 4316 4297 -1 4263 4298 4316 -1 4313 4312 4326 -1 4315 4313 4331 -1 4292 4332 4303 -1 4323 4317 4299 -1 4281 4293 4282 -1 4318 4323 4269 -1 4307 4333 4287 -1 4334 4318 4300 -1 4335 4318 4334 -1 4334 4324 4335 -1 4300 4319 4334 -1 4324 4334 4319 -1 4304 4336 4324 -1 4320 4336 4304 -1 4336 4328 4337 -1 4325 4312 4338 -1 4328 4336 4320 -1 4325 4333 4307 -1 4301 4325 4307 -1 4327 4306 4330 -1 4314 4311 4296 -1 4308 4329 4312 -1 4325 4301 4326 -1 4339 4303 4340 -1 4276 4303 4339 -1 4315 4331 4341 -1 4326 4342 4313 -1 4343 4314 4316 -1 4298 4343 4316 -1 4339 4280 4276 -1 4273 4322 4292 -1 4335 4344 4345 -1 4324 4344 4335 -1 4324 4336 4344 -1 4281 4283 4346 -1 4327 4330 4347 -1 4301 4348 4326 -1 4338 4333 4325 -1 4329 4310 4349 -1 4309 4315 4341 -1 4326 4350 4342 -1 4313 4342 4331 -1 4298 4351 4343 -1 4352 4323 4318 -1 4332 4340 4303 -1 4353 4337 4328 -1 4354 4322 4293 -1 4355 4354 4293 -1 4328 4327 4353 -1 4293 4281 4355 -1 4356 4357 4358 -1 4330 4359 4347 -1 4359 4330 4311 -1 4311 4314 4359 -1 4314 4343 4360 -1 4310 4309 4361 -1 4350 4331 4342 -1 4350 4326 4348 -1 4348 4301 4321 -1 4362 4321 4302 -1 4362 4302 4317 -1 4323 4352 4363 -1 4364 4365 4366 -1 4367 4366 4365 -1 4368 4367 4365 -1 4369 4365 4364 -1 4370 4371 4372 -1 4362 4373 4321 -1 4349 4310 4361 -1 4374 4350 4375 -1 4347 4359 4376 -1 4374 4377 4350 -1 4309 4378 4361 -1 4374 4375 4379 -1 4341 4378 4309 -1 4380 4381 4375 -1 4360 4359 4314 -1 4381 4382 4383 -1 4384 4341 4331 -1 4373 4362 4317 -1 4385 4384 4331 -1 4386 4387 4388 -1 4389 4323 4363 -1 4387 4361 4388 -1 4351 4298 4339 -1 4298 4280 4339 -1 4390 4388 4361 -1 4292 4391 4332 -1 4392 4393 4394 -1 4395 4396 4397 -1 4398 4395 4399 -1 4341 4384 4400 -1 4401 4402 4403 -1 4404 4403 4399 -1 4404 4405 4406 -1 4406 4405 4407 -1 4408 4383 4382 -1 4409 4410 4411 -1 4409 4412 4410 -1 4318 4335 4352 -1 4363 4413 4414 -1 4415 4416 4417 -1 4344 4336 4415 -1 4418 4353 4419 -1 4409 4420 4421 -1 4412 4409 4421 -1 4422 4412 4421 -1 4412 4423 4424 -1 4327 4425 4353 -1 4426 4427 4428 -1 4428 4358 4426 -1 4429 4357 4356 -1 4430 4357 4429 -1 4431 4432 4433 -1 4369 4432 4431 -1 4368 4365 4434 -1 4365 4369 4435 -1 4435 4369 4431 -1 4434 4365 4435 -1 4436 4435 4371 -1 4437 4434 4436 -1 4438 4439 4433 -1 4431 4433 4440 -1 4441 4348 4321 -1 4441 4321 4373 -1 4442 4443 4439 -1 4348 4375 4350 -1 4379 4377 4374 -1 4444 4443 4445 -1 4441 4373 4380 -1 4371 4370 4436 -1 4379 4375 4381 -1 4379 4381 4383 -1 4446 4447 4444 -1 4317 4323 4389 -1 4446 4448 4447 -1 4380 4373 4389 -1 4389 4373 4317 -1 4449 4381 4380 -1 4382 4381 4449 -1 4389 4363 4414 -1 4450 4451 4452 -1 4452 4451 4453 -1 4449 4454 4417 -1 4455 4377 4396 -1 4456 4455 4396 -1 4395 4456 4396 -1 4397 4396 4457 -1 4350 4385 4331 -1 4377 4385 4350 -1 4397 4458 4395 -1 4385 4377 4455 -1 4459 4453 4460 -1 4458 4461 4395 -1 4462 4361 4387 -1 4458 4397 4457 -1 4386 4462 4387 -1 4457 4383 4408 -1 4408 4463 4461 -1 4399 4403 4402 -1 4450 4437 4464 -1 4451 4450 4464 -1 4361 4378 4390 -1 4451 4464 4460 -1 4453 4451 4460 -1 4395 4461 4399 -1 4465 4466 4401 -1 4401 4467 4468 -1 4405 4404 4463 -1 4467 4406 4407 -1 4467 4407 4427 -1 4469 4470 4471 -1 4472 4408 4382 -1 4382 4473 4472 -1 4359 4474 4376 -1 4463 4408 4472 -1 4472 4473 4463 -1 4360 4474 4359 -1 4382 4449 4417 -1 4382 4417 4475 -1 4360 4476 4474 -1 4476 4360 4343 -1 4417 4416 4475 -1 4400 4390 4341 -1 4477 4445 4478 -1 4400 4384 4479 -1 4480 4405 4463 -1 4407 4405 4480 -1 4481 4477 4478 -1 4482 4483 4484 -1 4407 4480 4485 -1 4480 4410 4485 -1 4484 4486 4482 -1 4398 4482 4486 -1 4384 4385 4479 -1 4407 4485 4428 -1 4427 4407 4428 -1 4485 4410 4428 -1 4479 4486 4484 -1 4487 4420 4411 -1 4486 4456 4395 -1 4486 4395 4398 -1 4488 4489 4490 -1 4351 4476 4343 -1 4412 4424 4428 -1 4351 4491 4476 -1 4482 4398 4492 -1 4363 4352 4493 -1 4491 4351 4339 -1 4398 4402 4492 -1 4363 4493 4413 -1 4402 4466 4492 -1 4345 4352 4335 -1 4454 4414 4413 -1 4417 4454 4415 -1 4494 4495 4490 -1 4345 4344 4415 -1 4496 4391 4292 -1 4292 4322 4496 -1 4488 4497 4498 -1 4488 4499 4497 -1 4497 4499 4500 -1 4418 4337 4353 -1 4420 4487 4418 -1 4501 4394 4502 -1 4503 4504 4505 -1 4506 4418 4419 -1 4506 4507 4421 -1 4422 4421 4507 -1 4508 4422 4507 -1 4509 4510 4511 -1 4512 4505 4504 -1 4513 4510 4509 -1 4514 4515 4392 -1 4514 4392 4516 -1 4517 4515 4514 -1 4425 4327 4347 -1 4518 4347 4519 -1 4355 4281 4520 -1 4521 4522 4523 -1 4442 4518 4519 -1 4519 4347 4376 -1 4465 4401 4468 -1 4524 4465 4468 -1 4525 4524 4468 -1 4526 4467 4427 -1 4525 4526 4357 -1 4358 4357 4526 -1 4516 4517 4514 -1 4526 4427 4426 -1 4358 4526 4426 -1 4527 4428 4424 -1 4429 4528 4527 -1 4527 4364 4429 -1 4364 4527 4424 -1 4429 4366 4430 -1 4366 4429 4364 -1 4529 4367 4368 -1 4488 4498 4530 -1 4490 4503 4488 -1 4503 4490 4504 -1 4488 4503 4499 -1 4428 4528 4358 -1 4358 4528 4356 -1 4531 4500 4499 -1 4528 4429 4356 -1 4499 4502 4531 -1 4471 4532 4533 -1 4471 4393 4469 -1 4533 4393 4471 -1 4428 4527 4528 -1 4393 4531 4394 -1 4509 4469 4393 -1 4509 4393 4392 -1 4531 4502 4394 -1 4501 4516 4394 -1 4394 4516 4392 -1 4503 4505 4502 -1 4504 4495 4496 -1 4496 4512 4504 -1 4322 4354 4496 -1 4355 4512 4354 -1 4534 4502 4505 -1 4534 4501 4502 -1 4522 4501 4534 -1 4505 4512 4534 -1 4522 4516 4501 -1 4521 4516 4522 -1 4520 4534 4512 -1 4522 4534 4520 -1 4346 4520 4281 -1 4375 4348 4441 -1 4375 4441 4380 -1 4422 4423 4412 -1 4422 4535 4423 -1 4377 4379 4383 -1 4457 4377 4383 -1 4423 4364 4424 -1 4432 4535 4438 -1 4380 4389 4414 -1 4433 4432 4438 -1 4369 4364 4432 -1 4511 4469 4509 -1 4454 4449 4414 -1 4536 4513 4509 -1 4396 4377 4457 -1 4537 4509 4392 -1 4515 4537 4392 -1 4390 4378 4341 -1 4434 4435 4436 -1 4483 4390 4400 -1 4439 4438 4508 -1 4433 4439 4440 -1 4461 4457 4408 -1 4440 4538 4431 -1 4400 4484 4483 -1 4406 4403 4404 -1 4466 4402 4401 -1 4404 4399 4461 -1 4443 4442 4539 -1 4517 4516 4521 -1 4539 4445 4443 -1 4461 4463 4404 -1 4440 4439 4443 -1 4406 4401 4403 -1 4400 4479 4484 -1 4443 4444 4440 -1 4523 4540 4521 -1 4431 4538 4435 -1 4406 4467 4401 -1 4479 4385 4455 -1 4435 4538 4371 -1 4538 4444 4447 -1 4538 4372 4371 -1 4372 4538 4447 -1 4437 4436 4370 -1 4463 4473 4480 -1 4464 4437 4370 -1 4372 4447 4541 -1 4475 4473 4382 -1 4475 4487 4473 -1 4479 4456 4486 -1 4479 4455 4456 -1 4541 4447 4448 -1 4498 4448 4530 -1 4402 4398 4399 -1 4368 4434 4529 -1 4542 4529 4434 -1 4411 4410 4480 -1 4411 4420 4409 -1 4410 4412 4428 -1 4493 4352 4345 -1 4413 4493 4345 -1 4454 4413 4345 -1 4487 4475 4416 -1 4415 4336 4543 -1 4448 4544 4541 -1 4545 4544 4546 -1 4353 4425 4419 -1 4544 4448 4498 -1 4418 4487 4547 -1 4546 4544 4498 -1 4535 4422 4508 -1 4418 4421 4420 -1 4421 4418 4506 -1 4532 4546 4500 -1 4535 4508 4438 -1 4459 4460 4470 -1 4419 4425 4506 -1 4470 4532 4471 -1 4506 4518 4507 -1 4469 4548 4470 -1 4347 4518 4425 -1 4518 4508 4507 -1 4518 4442 4439 -1 4376 4539 4519 -1 4376 4474 4539 -1 4442 4519 4539 -1 4474 4478 4539 -1 4467 4525 4468 -1 4525 4467 4526 -1 4477 4549 4445 -1 4445 4549 4444 -1 4550 4549 4477 -1 4476 4478 4474 -1 4476 4481 4478 -1 4550 4477 4481 -1 4446 4489 4530 -1 4446 4530 4448 -1 4550 4551 4489 -1 4489 4488 4530 -1 4489 4551 4490 -1 4491 4340 4552 -1 4340 4553 4552 -1 4491 4339 4340 -1 4553 4340 4332 -1 4553 4494 4551 -1 4553 4481 4552 -1 4494 4490 4551 -1 4495 4504 4490 -1 4391 4553 4332 -1 4494 4553 4391 -1 4495 4494 4391 -1 4391 4496 4495 -1 4502 4499 4503 -1 4532 4500 4533 -1 4533 4531 4393 -1 4533 4500 4531 -1 4380 4414 4449 -1 4457 4461 4458 -1 4364 4423 4432 -1 4496 4354 4512 -1 4535 4432 4423 -1 4411 4473 4487 -1 4480 4473 4411 -1 4450 4434 4437 -1 4415 4454 4345 -1 4416 4415 4543 -1 4543 4337 4416 -1 4444 4538 4440 -1 4520 4512 4355 -1 4522 4520 4523 -1 4547 4416 4337 -1 4418 4547 4337 -1 4487 4416 4547 -1 4536 4509 4537 -1 4337 4543 4336 -1 4346 4523 4520 -1 4541 4370 4372 -1 4425 4518 4506 -1 4439 4508 4518 -1 4450 4452 4434 -1 4540 4523 4346 -1 4370 4545 4464 -1 4545 4370 4541 -1 4541 4544 4545 -1 4460 4464 4545 -1 4470 4460 4545 -1 4470 4545 4532 -1 4532 4545 4546 -1 4470 4548 4459 -1 4478 4445 4539 -1 4444 4549 4446 -1 4549 4489 4446 -1 4489 4549 4550 -1 4551 4550 4481 -1 4476 4491 4552 -1 4481 4476 4552 -1 4481 4553 4551 -1 4500 4546 4498 -1 4500 4498 4497 -1 4554 4555 4556 -1 4556 4555 4557 -1 4555 4554 4558 -1 4557 4555 4559 -1 4559 4555 4560 -1 4561 4562 4559 -1 4563 4562 4561 -1 4564 4565 4566 -1 4564 4566 4567 -1 4566 4568 4569 -1 4558 4560 4555 -1 4570 4564 4571 -1 4572 4570 4571 -1 4567 4571 4564 -1 4566 4569 4567 -1 4565 4568 4566 -1 4573 4560 4558 -1 4563 4561 4574 -1 4569 4575 4567 -1 4560 4576 4559 -1 4561 4559 4576 -1 4577 4568 4565 -1 4578 4579 4558 -1 4573 4558 4579 -1 4573 4576 4560 -1 4561 4576 4574 -1 4580 4574 4576 -1 4568 4581 4569 -1 4581 4582 4569 -1 4577 4583 4584 -1 4577 4584 4585 -1 4581 4568 4585 -1 4569 4582 4575 -1 4586 4584 4583 -1 4568 4577 4585 -1 4586 4583 4587 -1 4571 4588 4572 -1 4588 4571 4567 -1 4574 4580 4589 -1 4590 4574 4589 -1 4591 4582 4581 -1 4588 4592 4572 -1 4575 4588 4567 -1 4580 4576 4593 -1 4594 4590 4589 -1 4595 4582 4596 -1 4597 4592 4588 -1 4575 4582 4595 -1 4598 4599 4578 -1 4600 4586 4587 -1 4592 4601 4572 -1 4588 4602 4597 -1 4575 4602 4588 -1 4573 4603 4576 -1 4604 4584 4586 -1 4601 4592 4605 -1 4592 4597 4606 -1 4591 4596 4582 -1 4606 4597 4602 -1 4595 4602 4575 -1 4579 4578 4599 -1 4594 4607 4590 -1 4592 4606 4608 -1 4599 4609 4610 -1 4609 4599 4598 -1 4607 4611 4612 -1 4613 4603 4573 -1 4593 4589 4580 -1 4589 4614 4594 -1 4584 4604 4585 -1 4592 4608 4605 -1 4612 4615 4616 -1 4606 4602 4617 -1 4607 4594 4611 -1 4613 4573 4579 -1 4593 4576 4603 -1 4586 4600 4618 -1 4619 4586 4618 -1 4604 4620 4585 -1 4620 4581 4585 -1 4581 4620 4591 -1 4609 4621 4610 -1 4611 4615 4612 -1 4616 4615 4622 -1 4589 4593 4614 -1 4623 4586 4619 -1 4586 4623 4604 -1 4610 4621 4624 -1 4625 4591 4620 -1 4591 4625 4626 -1 4596 4591 4626 -1 4627 4628 4596 -1 4595 4617 4602 -1 4627 4629 4628 -1 4630 4631 4606 -1 4617 4630 4606 -1 4599 4632 4579 -1 4633 4594 4614 -1 4624 4605 4608 -1 4610 4624 4634 -1 4608 4606 4635 -1 4632 4599 4634 -1 4596 4617 4595 -1 4636 4620 4604 -1 4636 4625 4620 -1 4626 4637 4596 -1 4627 4596 4637 -1 4627 4637 4638 -1 4629 4627 4639 -1 4622 4640 4641 -1 4639 4627 4642 -1 4643 4639 4642 -1 4644 4641 4645 -1 4639 4646 4647 -1 4635 4624 4608 -1 4624 4635 4634 -1 4648 4649 4650 -1 4646 4639 4643 -1 4618 4600 4651 -1 4610 4634 4599 -1 4634 4631 4632 -1 4631 4635 4606 -1 4623 4652 4604 -1 4632 4631 4653 -1 4636 4604 4652 -1 4631 4630 4653 -1 4630 4617 4654 -1 4596 4628 4617 -1 4632 4655 4579 -1 4655 4613 4579 -1 4615 4611 4656 -1 4627 4638 4642 -1 4615 4657 4622 -1 4593 4603 4658 -1 4629 4639 4647 -1 4640 4622 4659 -1 4593 4660 4614 -1 4643 4642 4661 -1 4640 4645 4641 -1 4634 4635 4631 -1 4594 4633 4662 -1 4646 4643 4663 -1 4630 4654 4653 -1 4663 4664 4646 -1 4617 4628 4665 -1 4666 4623 4619 -1 4632 4653 4655 -1 4652 4623 4666 -1 4613 4667 4603 -1 4637 4626 4668 -1 4660 4593 4658 -1 4664 4669 4646 -1 4664 4663 4670 -1 4657 4659 4622 -1 4671 4644 4645 -1 4647 4646 4669 -1 4650 4649 4672 -1 4673 4651 4600 -1 4665 4654 4617 -1 4670 4663 4674 -1 4611 4594 4675 -1 4676 4653 4654 -1 4625 4636 4677 -1 4615 4656 4657 -1 4658 4603 4667 -1 4638 4637 4668 -1 4626 4625 4678 -1 4668 4626 4678 -1 4665 4628 4679 -1 4633 4614 4660 -1 4680 4664 4670 -1 4680 4670 4681 -1 4644 4671 4649 -1 4675 4594 4662 -1 4643 4682 4663 -1 4654 4665 4676 -1 4666 4683 4652 -1 4636 4652 4683 -1 4677 4636 4683 -1 4656 4611 4675 -1 4678 4625 4677 -1 4684 4640 4659 -1 4628 4685 4679 -1 4645 4640 4671 -1 4686 4649 4671 -1 4643 4661 4682 -1 4673 4687 4651 -1 4618 4688 4619 -1 4674 4681 4670 -1 4689 4613 4655 -1 4667 4613 4689 -1 4690 4691 4680 -1 4691 4664 4680 -1 4692 4660 4658 -1 4633 4660 4693 -1 4694 4638 4668 -1 4695 4680 4681 -1 4628 4629 4685 -1 4629 4647 4685 -1 4662 4633 4693 -1 4661 4642 4638 -1 4696 4661 4638 -1 4647 4669 4685 -1 4649 4686 4697 -1 4662 4698 4675 -1 4682 4661 4699 -1 4682 4674 4663 -1 4655 4653 4676 -1 4691 4669 4664 -1 4651 4687 4688 -1 4688 4618 4651 -1 4656 4675 4700 -1 4689 4658 4667 -1 4656 4700 4701 -1 4656 4701 4657 -1 4690 4692 4691 -1 4660 4692 4702 -1 4684 4671 4640 -1 4693 4660 4702 -1 4672 4649 4697 -1 4648 4650 4703 -1 4695 4662 4693 -1 4662 4695 4698 -1 4688 4666 4619 -1 4676 4665 4704 -1 4675 4698 4700 -1 4666 4705 4706 -1 4707 4700 4698 -1 4708 4669 4691 -1 4701 4709 4657 -1 4677 4683 4710 -1 4678 4677 4711 -1 4702 4692 4690 -1 4692 4708 4691 -1 4684 4686 4671 -1 4690 4680 4693 -1 4680 4695 4693 -1 4688 4687 4705 -1 4666 4688 4705 -1 4655 4676 4712 -1 4701 4700 4713 -1 4704 4665 4679 -1 4659 4657 4709 -1 4669 4708 4714 -1 4659 4715 4684 -1 4710 4711 4677 -1 4716 4686 4684 -1 4693 4702 4690 -1 4694 4668 4678 -1 4650 4672 4717 -1 4685 4669 4714 -1 4694 4718 4638 -1 4699 4661 4696 -1 4719 4687 4720 -1 4707 4698 4721 -1 4707 4713 4700 -1 4712 4676 4704 -1 4706 4722 4666 -1 4722 4683 4666 -1 4723 4659 4709 -1 4722 4710 4683 -1 4659 4723 4715 -1 4715 4716 4684 -1 4689 4692 4658 -1 4692 4689 4708 -1 4679 4685 4714 -1 4697 4686 4716 -1 4696 4638 4718 -1 4703 4650 4717 -1 4681 4674 4724 -1 4719 4725 4687 -1 4725 4705 4687 -1 4695 4681 4726 -1 4721 4698 4726 -1 4706 4705 4727 -1 4728 4678 4711 -1 4708 4712 4729 -1 4694 4678 4730 -1 4655 4712 4689 -1 4712 4708 4689 -1 4731 4703 4717 -1 4726 4681 4724 -1 4732 4674 4682 -1 4698 4695 4726 -1 4704 4729 4712 -1 4714 4708 4729 -1 4728 4730 4678 -1 4733 4719 4720 -1 4734 4735 4719 -1 4725 4719 4735 -1 4736 4713 4707 -1 4701 4713 4737 -1 4738 4709 4701 -1 4697 4716 4739 -1 4740 4699 4696 -1 4714 4704 4679 -1 4704 4714 4729 -1 4741 4732 4682 -1 4732 4724 4674 -1 4719 4733 4734 -1 4721 4726 4724 -1 4736 4707 4721 -1 4742 4713 4736 -1 4738 4701 4737 -1 4743 4709 4738 -1 4709 4743 4723 -1 4744 4730 4728 -1 4715 4723 4745 -1 4715 4746 4716 -1 4747 4697 4739 -1 4718 4740 4696 -1 4748 4705 4725 -1 4748 4727 4705 -1 4741 4682 4699 -1 4711 4710 4728 -1 4730 4749 4694 -1 4746 4739 4716 -1 4724 4732 4721 -1 4697 4747 4750 -1 4697 4750 4672 -1 4721 4732 4736 -1 4722 4706 4751 -1 4728 4710 4752 -1 4753 4694 4749 -1 4718 4694 4753 -1 4741 4699 4740 -1 4745 4746 4715 -1 4733 4720 4754 -1 4734 4733 4755 -1 4717 4672 4750 -1 4732 4756 4736 -1 4736 4756 4742 -1 4742 4756 4757 -1 4748 4725 4735 -1 4713 4742 4758 -1 4730 4744 4749 -1 4759 4718 4753 -1 4740 4718 4760 -1 4745 4723 4743 -1 4741 4756 4732 -1 4739 4746 4761 -1 4747 4739 4762 -1 4748 4763 4727 -1 4713 4758 4764 -1 4760 4718 4759 -1 4739 4761 4762 -1 4750 4747 4762 -1 4750 4765 4717 -1 4757 4758 4742 -1 4706 4727 4766 -1 4722 4752 4710 -1 4713 4764 4737 -1 4737 4764 4738 -1 4764 4758 4767 -1 4760 4759 4753 -1 4768 4743 4738 -1 4741 4769 4756 -1 4765 4750 4762 -1 4770 4735 4734 -1 4717 4771 4731 -1 4772 4744 4728 -1 4728 4752 4772 -1 4760 4753 4773 -1 4774 4740 4760 -1 4775 4731 4771 -1 4755 4733 4754 -1 4756 4769 4757 -1 4770 4734 4755 -1 4735 4776 4748 -1 4766 4751 4706 -1 4745 4743 4768 -1 4771 4717 4765 -1 4758 4757 4777 -1 4758 4777 4767 -1 4776 4763 4748 -1 4727 4763 4766 -1 4751 4752 4722 -1 4778 4779 4744 -1 4749 4744 4779 -1 4749 4780 4753 -1 4773 4753 4780 -1 4741 4740 4774 -1 4769 4777 4757 -1 4770 4776 4735 -1 4772 4752 4781 -1 4767 4782 4764 -1 4772 4778 4744 -1 4746 4745 4783 -1 4784 4749 4779 -1 4765 4762 4785 -1 4786 4755 4754 -1 4787 4766 4763 -1 4769 4741 4788 -1 4768 4738 4764 -1 4778 4772 4789 -1 4783 4745 4790 -1 4762 4761 4785 -1 4761 4746 4783 -1 4780 4749 4784 -1 4775 4771 4791 -1 4792 4773 4780 -1 4770 4755 4793 -1 4763 4776 4787 -1 4774 4788 4741 -1 4768 4764 4790 -1 4745 4768 4790 -1 4760 4773 4792 -1 4765 4785 4794 -1 4795 4796 4791 -1 4796 4775 4791 -1 4776 4770 4793 -1 4766 4797 4751 -1 4782 4767 4798 -1 4789 4772 4781 -1 4767 4777 4799 -1 4792 4774 4760 -1 4771 4765 4794 -1 4788 4777 4769 -1 4752 4751 4800 -1 4800 4781 4752 -1 4801 4778 4789 -1 4802 4784 4779 -1 4761 4803 4785 -1 4780 4784 4804 -1 4780 4804 4805 -1 4780 4805 4792 -1 4786 4754 4806 -1 4782 4790 4764 -1 4779 4778 4807 -1 4783 4790 4808 -1 4784 4802 4804 -1 4791 4771 4809 -1 4774 4792 4810 -1 4788 4774 4810 -1 4811 4786 4806 -1 4777 4788 4812 -1 4793 4813 4776 -1 4787 4776 4813 -1 4800 4751 4797 -1 4778 4801 4807 -1 4802 4779 4814 -1 4792 4805 4810 -1 4803 4815 4785 -1 4794 4785 4815 -1 4799 4777 4812 -1 4787 4816 4766 -1 4797 4766 4816 -1 4795 4817 4796 -1 4782 4798 4818 -1 4767 4799 4798 -1 4804 4802 4819 -1 4798 4799 4820 -1 4805 4804 4821 -1 4783 4808 4761 -1 4755 4786 4793 -1 4822 4812 4788 -1 4791 4809 4823 -1 4790 4782 4818 -1 4789 4824 4801 -1 4801 4825 4807 -1 4809 4771 4826 -1 4826 4827 4809 -1 4821 4804 4819 -1 4786 4811 4828 -1 4771 4794 4826 -1 4791 4823 4795 -1 4788 4810 4822 -1 4817 4795 4829 -1 4799 4812 4830 -1 4800 4831 4781 -1 4830 4820 4799 -1 4832 4825 4833 -1 4761 4808 4834 -1 4827 4823 4809 -1 4789 4781 4824 -1 4779 4807 4835 -1 4814 4779 4835 -1 4810 4805 4836 -1 4801 4824 4837 -1 4825 4801 4837 -1 4798 4838 4818 -1 4798 4820 4838 -1 4839 4790 4818 -1 4840 4825 4832 -1 4790 4839 4841 -1 4808 4790 4841 -1 4834 4803 4761 -1 4827 4826 4842 -1 4826 4794 4843 -1 4844 4795 4823 -1 4787 4813 4816 -1 4817 4829 4845 -1 4846 4800 4847 -1 4830 4812 4848 -1 4831 4824 4781 -1 4837 4833 4825 -1 4839 4818 4838 -1 4841 4839 4849 -1 4840 4807 4825 -1 4815 4803 4850 -1 4793 4786 4851 -1 4829 4795 4844 -1 4836 4805 4821 -1 4822 4810 4852 -1 4800 4797 4847 -1 4846 4831 4800 -1 4824 4853 4837 -1 4839 4838 4849 -1 4832 4833 4854 -1 4841 4834 4808 -1 4815 4850 4855 -1 4794 4815 4855 -1 4843 4794 4855 -1 4816 4856 4797 -1 4812 4822 4857 -1 4857 4848 4812 -1 4823 4827 4844 -1 4803 4834 4858 -1 4850 4803 4858 -1 4843 4842 4826 -1 4828 4811 4859 -1 4851 4786 4828 -1 4856 4816 4860 -1 4829 4844 4861 -1 4856 4847 4797 -1 4802 4814 4862 -1 4850 4858 4863 -1 4864 4821 4865 -1 4836 4821 4864 -1 4840 4832 4854 -1 4860 4816 4866 -1 4816 4813 4866 -1 4861 4844 4867 -1 4849 4838 4868 -1 4838 4820 4869 -1 4821 4819 4870 -1 4871 4820 4830 -1 4857 4822 4852 -1 4842 4872 4827 -1 4873 4866 4813 -1 4827 4872 4844 -1 4845 4829 4861 -1 4831 4846 4874 -1 4869 4868 4838 -1 4824 4831 4875 -1 4876 4833 4877 -1 4837 4853 4877 -1 4833 4837 4877 -1 4833 4876 4854 -1 4807 4840 4878 -1 4802 4862 4819 -1 4843 4855 4879 -1 4842 4843 4880 -1 4880 4872 4842 -1 4836 4864 4881 -1 4872 4867 4844 -1 4793 4851 4873 -1 4813 4793 4873 -1 4834 4841 4882 -1 4858 4834 4882 -1 4850 4863 4879 -1 4871 4830 4848 -1 4814 4835 4883 -1 4835 4807 4878 -1 4850 4879 4855 -1 4852 4810 4836 -1 4884 4845 4861 -1 4860 4885 4856 -1 4853 4824 4875 -1 4861 4867 4886 -1 4841 4849 4882 -1 4865 4821 4870 -1 4867 4872 4880 -1 4847 4856 4885 -1 4887 4845 4884 -1 4875 4831 4874 -1 4888 4861 4886 -1 4840 4854 4889 -1 4878 4840 4890 -1 4814 4883 4862 -1 4820 4871 4869 -1 4891 4852 4836 -1 4851 4828 4892 -1 4852 4893 4857 -1 4848 4857 4893 -1 4867 4880 4886 -1 4884 4861 4888 -1 4894 4874 4846 -1 4847 4894 4846 -1 4868 4869 4895 -1 4883 4835 4878 -1 4895 4869 4896 -1 4882 4897 4858 -1 4898 4854 4876 -1 4863 4858 4897 -1 4871 4848 4899 -1 4828 4859 4892 -1 4900 4851 4892 -1 4900 4873 4851 -1 4860 4866 4901 -1 4890 4840 4889 -1 4868 4902 4849 -1 4882 4849 4902 -1 4898 4876 4903 -1 4865 4870 4904 -1 4889 4854 4898 -1 4864 4865 4904 -1 4881 4864 4904 -1 4836 4881 4891 -1 4892 4859 4905 -1 4906 4879 4863 -1 4899 4848 4893 -1 4885 4860 4901 -1 4880 4843 4907 -1 4886 4880 4907 -1 4908 4853 4875 -1 4884 4909 4887 -1 4888 4909 4884 -1 4887 4909 4910 -1 4819 4862 4911 -1 4883 4878 4912 -1 4868 4913 4902 -1 4863 4897 4914 -1 4904 4870 4915 -1 4869 4871 4896 -1 4891 4916 4852 -1 4888 4886 4917 -1 4885 4894 4847 -1 4819 4918 4870 -1 4919 4899 4893 -1 4871 4899 4919 -1 4919 4896 4871 -1 4879 4920 4843 -1 4852 4916 4893 -1 4921 4883 4912 -1 4882 4902 4897 -1 4819 4911 4918 -1 4863 4914 4906 -1 4873 4900 4922 -1 4907 4923 4886 -1 4916 4924 4893 -1 4908 4875 4925 -1 4910 4909 4926 -1 4913 4868 4895 -1 4897 4902 4913 -1 4914 4897 4913 -1 4919 4893 4924 -1 4912 4878 4890 -1 4918 4915 4870 -1 4907 4843 4920 -1 4904 4915 4927 -1 4881 4904 4928 -1 4881 4928 4929 -1 4891 4881 4929 -1 4917 4886 4923 -1 4892 4905 4930 -1 4900 4892 4931 -1 4932 4891 4929 -1 4916 4891 4932 -1 4933 4909 4934 -1 4866 4873 4922 -1 4901 4866 4922 -1 4933 4926 4909 -1 4888 4934 4909 -1 4874 4894 4935 -1 4874 4935 4875 -1 4903 4876 4936 -1 4876 4877 4936 -1 4937 4890 4889 -1 4877 4853 4936 -1 4883 4921 4862 -1 4879 4906 4920 -1 4889 4898 4937 -1 4938 4907 4920 -1 4934 4888 4917 -1 4895 4896 4939 -1 4906 4914 4940 -1 4919 4939 4896 -1 4898 4903 4941 -1 4937 4898 4941 -1 4942 4901 4922 -1 4942 4885 4901 -1 4885 4943 4894 -1 4933 4944 4926 -1 4936 4853 4908 -1 4892 4930 4931 -1 4875 4935 4925 -1 4913 4895 4945 -1 4921 4911 4862 -1 4933 4934 4946 -1 4924 4916 4932 -1 4922 4947 4942 -1 4939 4945 4895 -1 4945 4948 4913 -1 4914 4913 4949 -1 4936 4908 4950 -1 4920 4906 4951 -1 4938 4920 4951 -1 4952 4911 4921 -1 4890 4953 4912 -1 4928 4904 4927 -1 4915 4918 4954 -1 4927 4915 4954 -1 4932 4929 4955 -1 4900 4931 4947 -1 4922 4900 4947 -1 4949 4913 4948 -1 4914 4949 4956 -1 4940 4914 4956 -1 4951 4906 4940 -1 4943 4885 4957 -1 4894 4943 4958 -1 4935 4894 4958 -1 4908 4925 4959 -1 4903 4936 4950 -1 4946 4960 4933 -1 4953 4890 4937 -1 4944 4961 4926 -1 4918 4911 4962 -1 4918 4962 4954 -1 4963 4941 4903 -1 4924 4932 4964 -1 4965 4937 4941 -1 4924 4966 4919 -1 4885 4942 4957 -1 4967 4951 4940 -1 4925 4935 4958 -1 4938 4968 4907 -1 4923 4907 4968 -1 4969 4970 4971 -1 4911 4952 4962 -1 4952 4921 4972 -1 4946 4934 4973 -1 4934 4917 4974 -1 4975 4941 4976 -1 4977 4975 4976 -1 4975 4977 4965 -1 4978 4929 4928 -1 4955 4929 4978 -1 4941 4975 4965 -1 4945 4939 4979 -1 4966 4939 4919 -1 4951 4967 4980 -1 4923 4974 4917 -1 4973 4934 4974 -1 4950 4908 4959 -1 4969 4971 4981 -1 4959 4925 4982 -1 4903 4950 4983 -1 4933 4984 4944 -1 4953 4937 4985 -1 4921 4912 4986 -1 4986 4912 4987 -1 4976 4941 4963 -1 4966 4924 4964 -1 4963 4903 4983 -1 4949 4948 4988 -1 4956 4949 4988 -1 4943 4957 4989 -1 4958 4943 4989 -1 4986 4972 4921 -1 4912 4953 4987 -1 4990 4963 4983 -1 4947 4991 4942 -1 4992 4967 4940 -1 4970 4993 4971 -1 4938 4951 4980 -1 4958 4982 4925 -1 4968 4974 4923 -1 4962 4994 4954 -1 4932 4955 4964 -1 4937 4965 4985 -1 4993 4970 4995 -1 4969 4995 4970 -1 4983 4950 4959 -1 4938 4980 4996 -1 4938 4996 4968 -1 4952 4994 4962 -1 4960 4984 4933 -1 4977 4976 4997 -1 4961 4944 4998 -1 4955 4978 4964 -1 4931 4999 4947 -1 4945 4979 5000 -1 4939 4966 4979 -1 4948 4945 5000 -1 4988 4948 5001 -1 4956 4992 4940 -1 4942 4991 5002 -1 4942 5002 4957 -1 5003 4974 5004 -1 4952 4972 4994 -1 4974 4968 5004 -1 4998 4944 5005 -1 4963 5006 4976 -1 5007 4978 4928 -1 5008 4995 4969 -1 4948 5000 5001 -1 4981 5008 4969 -1 5009 4957 5002 -1 5009 4989 4957 -1 4958 4989 5010 -1 5010 4982 4958 -1 4982 4983 4959 -1 5011 4997 5012 -1 4997 5011 4977 -1 4953 5013 4987 -1 4997 4976 5006 -1 4963 4990 5006 -1 5014 4927 4954 -1 5015 5016 5017 -1 5011 5018 4977 -1 4965 4977 5018 -1 4954 4994 5014 -1 4928 4927 5014 -1 4928 5014 5007 -1 4947 4999 4991 -1 4978 5019 4964 -1 4980 4967 4992 -1 4986 4994 4972 -1 4968 4996 5004 -1 4973 4974 5003 -1 4946 4973 5020 -1 5020 4960 4946 -1 4984 5021 4944 -1 4994 4986 4987 -1 5022 5016 5015 -1 4994 4987 5023 -1 5024 5022 5015 -1 4965 5025 4985 -1 5002 4991 5026 -1 5009 5002 5026 -1 4999 5027 4991 -1 5001 5000 5028 -1 4966 4964 5029 -1 4981 4971 5030 -1 5008 5031 4995 -1 4992 4956 5032 -1 5009 5033 4989 -1 4981 5012 5008 -1 4980 5034 4996 -1 4996 5034 5004 -1 5035 5004 5034 -1 5003 5004 5035 -1 4985 5013 4953 -1 4944 5021 5005 -1 5036 4998 5005 -1 5037 5012 4997 -1 5011 5038 5018 -1 5008 5012 5037 -1 5039 5040 5026 -1 5040 5033 5026 -1 5039 5041 5040 -1 5041 5039 5042 -1 5016 5022 5043 -1 5022 5024 5044 -1 5041 5033 5040 -1 4997 5006 5037 -1 5033 5010 4989 -1 5033 5041 5045 -1 5045 5010 5033 -1 5042 5045 5041 -1 5044 5024 4995 -1 5044 4995 5031 -1 4995 5024 5046 -1 4982 5010 5045 -1 5000 4979 5047 -1 5048 5001 5028 -1 4999 5049 5027 -1 4993 5050 4971 -1 4988 5001 5048 -1 5032 4988 5048 -1 4971 5050 5030 -1 4956 4988 5032 -1 5012 4981 5030 -1 5026 4991 5027 -1 5051 5034 4980 -1 5052 5007 5014 -1 4964 5019 5029 -1 5026 5033 5009 -1 5003 5020 4973 -1 4984 4960 5021 -1 5053 5036 5005 -1 5054 5012 5030 -1 5055 5042 5039 -1 5011 5012 5054 -1 5056 5031 5057 -1 5058 5031 5056 -1 5059 5056 5057 -1 5042 5058 5056 -1 5042 5056 5059 -1 5059 5045 5042 -1 5060 4982 5045 -1 4983 4982 5060 -1 5061 5043 5022 -1 5062 5063 5059 -1 5059 5060 5045 -1 5060 5059 5063 -1 5061 5022 5044 -1 5060 5063 4983 -1 4987 5013 5023 -1 5047 5028 5000 -1 5014 4994 5064 -1 4979 4966 5047 -1 5061 5065 5066 -1 5007 5019 4978 -1 5051 5067 5034 -1 4980 4992 5051 -1 5044 5055 5061 -1 5065 5061 5055 -1 5003 5068 5020 -1 5039 5065 5055 -1 4983 5063 4990 -1 5025 4965 5018 -1 5044 5058 5055 -1 5042 5055 5058 -1 5058 5044 5031 -1 5026 5027 5069 -1 5065 5039 5026 -1 5069 5070 5065 -1 5026 5069 5065 -1 5046 5024 5071 -1 4995 5046 4993 -1 5057 5008 5037 -1 5069 5027 5049 -1 5031 5008 5057 -1 5059 5057 5062 -1 5062 5057 5037 -1 5037 5072 5062 -1 5062 5072 5063 -1 4994 5023 5064 -1 5052 5014 5064 -1 5073 5007 5052 -1 5034 5074 5035 -1 5035 5068 5003 -1 5072 5037 5006 -1 4990 5072 5006 -1 5075 5021 4960 -1 5063 5072 4990 -1 5005 5021 5076 -1 5077 5018 5038 -1 5061 5066 5043 -1 5024 5015 5071 -1 5078 4993 5046 -1 5050 4993 5078 -1 5030 5050 5079 -1 5070 5069 5049 -1 5080 5007 5073 -1 5019 5007 5080 -1 5081 5011 5054 -1 5038 5011 5081 -1 5029 5019 5082 -1 5083 5084 5085 -1 5083 5086 5084 -1 5085 5086 5083 -1 5087 5088 5089 -1 5090 5087 5089 -1 5028 5047 5091 -1 5091 5047 4966 -1 5028 5092 5048 -1 5048 5092 5032 -1 5066 5065 5093 -1 5070 5093 5065 -1 5034 5067 5074 -1 4960 5020 5075 -1 5076 5021 5075 -1 5053 5005 5076 -1 5080 5073 5094 -1 5095 5096 5097 -1 5097 5096 5098 -1 5019 5080 5082 -1 5029 5091 4966 -1 5018 5077 5025 -1 5099 5084 5100 -1 5085 5084 5099 -1 5101 5085 5102 -1 5103 5100 5084 -1 5104 5084 5086 -1 5103 5084 5104 -1 5090 5105 5087 -1 5086 5106 5104 -1 5028 5107 5092 -1 5107 5028 5091 -1 5095 5097 5108 -1 5032 5092 5109 -1 5032 5110 4992 -1 5051 4992 5110 -1 5111 5067 5051 -1 5075 5020 5068 -1 5023 5013 5112 -1 5112 5113 5023 -1 5023 5113 5064 -1 5106 5114 5104 -1 5115 5114 5106 -1 5038 5116 5077 -1 5087 5117 5088 -1 5118 5100 5077 -1 5119 5100 5118 -1 5103 5025 5077 -1 5025 5103 5120 -1 4985 5025 5120 -1 5053 5105 5090 -1 5097 5098 5107 -1 5013 4985 5120 -1 5098 5096 5121 -1 5100 5103 5077 -1 5029 5122 5091 -1 5122 5107 5091 -1 5100 5119 5099 -1 5099 5123 5085 -1 5085 5123 5124 -1 5085 5124 5102 -1 5125 5110 5109 -1 5085 5101 5126 -1 5126 5101 5127 -1 5128 5051 5110 -1 5032 5109 5110 -1 5085 5126 5086 -1 5079 5050 5078 -1 5111 5074 5067 -1 5129 5074 5111 -1 5130 5131 5132 -1 5046 5071 5133 -1 5106 5086 5134 -1 5131 5121 5096 -1 5035 5074 5135 -1 5136 5137 5102 -1 5102 5137 5101 -1 5127 5101 5137 -1 5138 5030 5079 -1 5054 5030 5138 -1 5127 5137 5139 -1 5140 5126 5127 -1 5140 5127 5139 -1 5108 5106 5134 -1 5076 5105 5053 -1 5096 5095 5141 -1 5116 5142 5143 -1 5116 5038 5144 -1 5081 5144 5038 -1 5077 5116 5145 -1 5046 5133 5146 -1 5118 5077 5145 -1 5013 5120 5147 -1 5148 5120 5103 -1 5148 5103 5149 -1 5150 5151 5152 -1 5153 5154 5155 -1 5156 5157 5158 -1 5132 5153 5130 -1 5124 5123 5159 -1 5124 5157 5102 -1 5131 5130 5160 -1 5161 5162 5088 -1 5117 5161 5088 -1 5105 5117 5087 -1 5103 5104 5149 -1 5163 5164 5165 -1 5166 5121 5167 -1 5126 5134 5086 -1 5092 5098 5121 -1 5166 5092 5121 -1 5102 5157 5156 -1 5156 5168 5102 -1 5168 5169 5102 -1 5109 5092 5166 -1 5139 5137 5170 -1 5166 5125 5109 -1 5136 5154 5170 -1 5170 5154 5153 -1 5140 5095 5134 -1 5108 5134 5095 -1 5110 5125 5128 -1 5140 5141 5095 -1 5139 5132 5141 -1 5132 5096 5141 -1 5131 5096 5132 -1 5171 5172 5128 -1 5173 5147 5149 -1 5013 5147 5112 -1 5111 5128 5172 -1 5051 5128 5111 -1 5174 5173 5149 -1 5113 5173 5174 -1 5129 5111 5175 -1 5104 5114 5149 -1 5176 5114 5115 -1 5177 5113 5174 -1 5115 5106 5108 -1 5178 5115 5108 -1 5068 5179 5075 -1 5113 5177 5064 -1 5177 5052 5064 -1 5177 5073 5052 -1 5073 5177 5094 -1 5108 5097 5178 -1 5178 5097 5107 -1 5178 5107 5122 -1 5107 5098 5092 -1 5080 5094 5180 -1 5080 5180 5082 -1 5122 5029 5082 -1 5143 5142 5181 -1 5142 5116 5144 -1 5182 5183 5184 -1 5143 5185 5116 -1 5182 5186 5183 -1 5145 5116 5185 -1 5135 5187 5188 -1 5119 5118 5189 -1 5147 5120 5148 -1 5146 5133 5190 -1 5078 5146 5191 -1 5192 5193 5194 -1 5195 5194 5193 -1 5195 5193 5196 -1 5197 5151 5150 -1 5198 5197 5150 -1 5150 5159 5198 -1 5046 5146 5078 -1 5199 5200 5201 -1 5200 5199 5202 -1 5150 5152 5203 -1 5159 5150 5157 -1 5157 5150 5203 -1 5155 5154 5204 -1 5117 5105 5205 -1 5206 5105 5207 -1 5205 5105 5206 -1 5153 5155 5208 -1 5192 5209 5210 -1 5203 5158 5157 -1 5211 5212 5213 -1 5158 5214 5215 -1 5156 5158 5215 -1 5167 5125 5166 -1 5125 5167 5216 -1 5217 5218 5212 -1 5194 5195 5215 -1 5215 5195 5168 -1 5131 5167 5121 -1 5160 5167 5131 -1 5216 5171 5125 -1 5159 5123 5189 -1 5130 5153 5208 -1 5208 5163 5130 -1 5123 5219 5189 -1 5163 5208 5217 -1 5160 5130 5163 -1 5171 5128 5125 -1 5219 5099 5119 -1 5099 5219 5123 -1 5163 5217 5164 -1 5172 5175 5111 -1 5124 5159 5157 -1 5211 5213 5201 -1 5134 5126 5140 -1 5220 5201 5200 -1 5211 5201 5220 -1 5102 5169 5136 -1 5129 5135 5074 -1 5136 5169 5154 -1 5154 5169 5204 -1 5170 5137 5136 -1 5221 5164 5217 -1 5179 5135 5188 -1 5165 5164 5221 -1 5179 5035 5135 -1 5216 5165 5222 -1 5222 5171 5216 -1 5068 5035 5179 -1 5171 5223 5172 -1 5207 5075 5179 -1 5132 5170 5153 -1 5139 5170 5132 -1 5105 5075 5207 -1 5105 5076 5075 -1 5148 5149 5147 -1 5112 5147 5173 -1 5112 5173 5113 -1 5114 5174 5149 -1 5178 5176 5115 -1 5177 5176 5094 -1 5180 5094 5176 -1 5178 5122 5180 -1 5122 5082 5180 -1 5224 5200 5202 -1 5220 5200 5224 -1 5225 5211 5220 -1 5226 5225 5220 -1 5224 5226 5220 -1 5217 5212 5225 -1 5221 5222 5165 -1 5227 5223 5222 -1 5171 5222 5223 -1 5223 5175 5172 -1 5228 5229 5230 -1 5231 5232 5233 -1 5234 5235 5236 -1 5237 5238 5239 -1 5240 5230 5229 -1 5241 5240 5239 -1 5239 5240 5229 -1 5242 5241 5182 -1 5182 5241 5243 -1 5242 5184 5244 -1 5182 5184 5242 -1 5183 5175 5245 -1 5184 5183 5245 -1 5175 5183 5186 -1 5175 5186 5129 -1 5186 5182 5246 -1 5247 5248 5249 -1 5243 5238 5250 -1 5250 5238 5251 -1 5143 5181 5252 -1 5253 5250 5251 -1 5253 5188 5187 -1 5254 5142 5144 -1 5143 5252 5185 -1 5255 5256 5257 -1 5256 5255 5258 -1 5259 5188 5253 -1 5151 5256 5258 -1 5145 5185 5257 -1 5145 5257 5256 -1 5256 5260 5145 -1 5260 5256 5197 -1 5260 5118 5145 -1 5118 5260 5189 -1 5260 5197 5198 -1 5189 5260 5198 -1 5254 5261 5138 -1 5054 5138 5261 -1 5261 5081 5054 -1 5262 5210 5249 -1 5192 5210 5263 -1 5263 5264 5192 -1 5196 5193 5192 -1 5264 5263 5265 -1 5266 5258 5267 -1 5151 5258 5266 -1 5268 5269 5270 -1 5161 5269 5268 -1 5265 5271 5264 -1 5272 5266 5267 -1 5162 5161 5268 -1 5269 5251 5270 -1 5273 5271 5201 -1 5213 5273 5201 -1 5259 5269 5206 -1 5274 5158 5275 -1 5276 5277 5265 -1 5206 5269 5205 -1 5278 5279 5280 -1 5158 5203 5275 -1 5161 5117 5205 -1 5281 5199 5201 -1 5247 5249 5209 -1 5202 5199 5281 -1 5210 5209 5249 -1 5167 5160 5216 -1 5204 5195 5273 -1 5204 5218 5155 -1 5209 5194 5282 -1 5194 5209 5192 -1 5204 5273 5213 -1 5218 5204 5213 -1 5208 5155 5218 -1 5168 5156 5215 -1 5129 5186 5187 -1 5135 5129 5187 -1 5190 5191 5146 -1 5079 5078 5191 -1 5213 5212 5218 -1 5159 5189 5198 -1 5188 5259 5179 -1 5217 5208 5218 -1 5189 5219 5119 -1 5160 5163 5165 -1 5207 5259 5206 -1 5216 5160 5165 -1 5169 5168 5204 -1 5179 5259 5207 -1 5168 5195 5204 -1 5283 5079 5191 -1 5139 5141 5140 -1 5283 5138 5079 -1 5174 5176 5177 -1 5176 5174 5114 -1 5178 5180 5176 -1 5225 5212 5211 -1 5226 5224 5244 -1 5221 5217 5225 -1 5221 5225 5226 -1 5226 5227 5221 -1 5226 5245 5227 -1 5245 5226 5244 -1 5222 5221 5227 -1 5223 5227 5245 -1 5175 5223 5245 -1 5279 5284 5285 -1 5279 5285 5286 -1 5287 5286 5285 -1 5288 5228 5202 -1 5228 5289 5229 -1 5289 5237 5229 -1 5235 5231 5236 -1 5289 5290 5235 -1 5234 5289 5235 -1 5289 5234 5237 -1 5237 5239 5229 -1 5291 5237 5234 -1 5234 5236 5292 -1 5293 5292 5294 -1 5234 5292 5291 -1 5293 5291 5292 -1 5230 5202 5228 -1 5224 5202 5230 -1 5240 5224 5230 -1 5224 5240 5241 -1 5224 5242 5244 -1 5295 5296 5297 -1 5242 5224 5241 -1 5241 5239 5243 -1 5245 5244 5184 -1 5243 5246 5182 -1 5243 5239 5238 -1 5237 5298 5238 -1 5251 5238 5298 -1 5254 5299 5300 -1 5187 5250 5253 -1 5246 5187 5186 -1 5301 5259 5253 -1 5301 5253 5251 -1 5181 5254 5300 -1 5181 5142 5254 -1 5283 5299 5254 -1 5284 5302 5303 -1 5138 5283 5254 -1 5284 5304 5305 -1 5305 5285 5284 -1 5151 5197 5256 -1 5261 5254 5144 -1 5144 5081 5261 -1 5263 5210 5306 -1 5276 5306 5296 -1 5295 5276 5296 -1 5276 5265 5263 -1 5275 5272 5274 -1 5266 5272 5275 -1 5192 5264 5196 -1 5266 5275 5151 -1 5151 5275 5152 -1 5196 5273 5195 -1 5152 5275 5203 -1 5293 5294 5307 -1 5196 5264 5271 -1 5196 5271 5273 -1 5308 5209 5309 -1 5293 5310 5291 -1 5311 5310 5293 -1 5282 5309 5209 -1 5310 5298 5291 -1 5312 5280 5279 -1 5270 5298 5310 -1 5251 5298 5270 -1 5214 5158 5274 -1 5313 5265 5277 -1 5271 5265 5313 -1 5270 5310 5268 -1 5268 5310 5311 -1 5214 5282 5194 -1 5194 5215 5214 -1 5201 5313 5281 -1 5201 5271 5313 -1 5268 5311 5314 -1 5251 5269 5301 -1 5259 5301 5269 -1 5269 5161 5205 -1 5286 5315 5279 -1 5316 5315 5286 -1 5316 5286 5317 -1 5290 5316 5317 -1 5231 5235 5317 -1 5290 5317 5235 -1 5288 5316 5289 -1 5289 5228 5288 -1 5289 5316 5290 -1 5287 5232 5231 -1 5318 5231 5233 -1 5298 5237 5291 -1 5246 5243 5250 -1 5187 5246 5250 -1 5280 5297 5278 -1 5278 5302 5279 -1 5274 5272 5309 -1 5274 5309 5282 -1 5247 5209 5308 -1 5274 5282 5214 -1 5293 5307 5311 -1 5303 5304 5284 -1 5305 5304 5319 -1 5285 5305 5319 -1 5287 5285 5319 -1 5320 5321 5232 -1 5287 5319 5232 -1 5320 5322 5323 -1 5321 5324 5232 -1 5233 5232 5325 -1 5210 5262 5306 -1 5306 5276 5263 -1 5276 5295 5277 -1 5295 5297 5280 -1 5280 5277 5295 -1 5312 5277 5280 -1 5277 5281 5313 -1 5281 5277 5312 -1 5281 5312 5315 -1 5288 5202 5281 -1 5287 5317 5286 -1 5317 5287 5231 -1 5288 5315 5316 -1 5325 5318 5233 -1 5231 5318 5236 -1 5236 5318 5326 -1 5236 5326 5292 -1 5292 5326 5294 -1 5279 5302 5284 -1 5304 5320 5319 -1 5320 5304 5322 -1 5232 5319 5320 -1 5232 5324 5325 -1 5294 5326 5307 -1 5279 5315 5312 -1 5315 5288 5281 -1 5327 5328 5329 -1 5328 5327 5330 -1 5328 5331 5332 -1 5329 5328 5332 -1 5333 5330 5327 -1 5331 5328 5330 -1 5332 5331 5334 -1 5335 5336 5337 -1 5338 5339 5333 -1 5339 5340 5333 -1 5338 5341 5339 -1 5339 5341 5342 -1 5343 5333 5340 -1 5330 5333 5343 -1 5330 5344 5331 -1 5330 5343 5345 -1 5327 5329 5346 -1 5346 5333 5327 -1 5338 5347 5341 -1 5348 5342 5341 -1 5348 5341 5349 -1 5344 5330 5345 -1 5350 5351 5352 -1 5353 5351 5350 -1 5354 5355 5356 -1 5355 5357 5358 -1 5356 5355 5358 -1 5338 5333 5359 -1 5359 5347 5338 -1 5341 5347 5349 -1 5359 5333 5346 -1 5329 5360 5346 -1 5331 5344 5361 -1 5351 5353 5362 -1 5363 5364 5365 -1 5347 5366 5349 -1 5367 5340 5339 -1 5339 5342 5367 -1 5367 5342 5368 -1 5342 5348 5368 -1 5369 5359 5346 -1 5329 5370 5360 -1 5343 5340 5371 -1 5336 5372 5373 -1 5335 5372 5336 -1 5345 5343 5371 -1 5374 5331 5361 -1 5375 5344 5345 -1 5344 5375 5361 -1 5350 5352 5376 -1 5352 5351 5362 -1 5362 5353 5377 -1 5378 5377 5353 -1 5379 5355 5354 -1 5357 5355 5379 -1 5369 5346 5360 -1 5365 5380 5363 -1 5336 5373 5337 -1 5371 5340 5367 -1 5352 5362 5381 -1 5353 5350 5376 -1 5378 5353 5376 -1 5356 5358 5382 -1 5383 5358 5357 -1 5334 5331 5374 -1 5384 5380 5365 -1 5378 5376 5385 -1 5372 5386 5373 -1 5387 5337 5388 -1 5359 5389 5347 -1 5383 5390 5358 -1 5366 5347 5389 -1 5382 5358 5390 -1 5348 5349 5391 -1 5371 5367 5368 -1 5392 5360 5370 -1 5332 5370 5329 -1 5361 5375 5393 -1 5381 5362 5394 -1 5395 5384 5365 -1 5386 5384 5395 -1 5372 5384 5386 -1 5396 5373 5386 -1 5396 5337 5373 -1 5366 5391 5349 -1 5348 5391 5397 -1 5348 5397 5368 -1 5387 5335 5337 -1 5368 5398 5371 -1 5399 5345 5398 -1 5345 5371 5398 -1 5400 5332 5334 -1 5363 5401 5364 -1 5364 5402 5365 -1 5403 5404 5405 -1 5354 5356 5406 -1 5369 5360 5407 -1 5372 5335 5408 -1 5397 5391 5409 -1 5370 5332 5410 -1 5332 5400 5410 -1 5411 5382 5390 -1 5334 5374 5412 -1 5393 5374 5361 -1 5375 5345 5413 -1 5381 5394 5414 -1 5363 5380 5415 -1 5416 5352 5381 -1 5377 5378 5417 -1 5403 5405 5418 -1 5395 5365 5419 -1 5380 5384 5415 -1 5420 5415 5384 -1 5404 5403 5421 -1 5384 5372 5422 -1 5337 5396 5388 -1 5406 5379 5354 -1 5423 5389 5359 -1 5356 5382 5424 -1 5406 5356 5424 -1 5360 5392 5407 -1 5425 5369 5407 -1 5359 5369 5425 -1 5392 5370 5410 -1 5393 5375 5413 -1 5413 5345 5399 -1 5402 5364 5401 -1 5419 5365 5402 -1 5363 5415 5401 -1 5376 5352 5416 -1 5403 5418 5421 -1 5405 5404 5426 -1 5404 5421 5427 -1 5412 5400 5334 -1 5412 5374 5428 -1 5423 5359 5425 -1 5398 5368 5429 -1 5430 5394 5362 -1 5430 5362 5377 -1 5378 5385 5417 -1 5425 5407 5431 -1 5385 5432 5433 -1 5389 5434 5366 -1 5391 5366 5409 -1 5429 5368 5397 -1 5422 5420 5384 -1 5428 5374 5393 -1 5408 5335 5435 -1 5357 5436 5383 -1 5437 5335 5387 -1 5376 5416 5438 -1 5407 5392 5439 -1 5411 5390 5440 -1 5430 5377 5441 -1 5401 5442 5402 -1 5385 5376 5443 -1 5444 5401 5415 -1 5445 5379 5406 -1 5438 5443 5376 -1 5417 5441 5377 -1 5446 5411 5440 -1 5401 5444 5447 -1 5434 5389 5423 -1 5448 5397 5409 -1 5399 5398 5429 -1 5438 5416 5449 -1 5450 5451 5452 -1 5392 5453 5439 -1 5431 5407 5439 -1 5385 5443 5432 -1 5454 5455 5410 -1 5410 5400 5454 -1 5412 5454 5400 -1 5379 5445 5456 -1 5418 5405 5457 -1 5357 5379 5456 -1 5427 5458 5404 -1 5383 5436 5459 -1 5459 5390 5383 -1 5419 5460 5395 -1 5461 5386 5395 -1 5396 5386 5461 -1 5423 5425 5431 -1 5429 5397 5462 -1 5397 5448 5462 -1 5428 5393 5413 -1 5445 5406 5463 -1 5436 5357 5464 -1 5465 5441 5417 -1 5372 5408 5422 -1 5437 5387 5466 -1 5432 5467 5433 -1 5468 5433 5467 -1 5421 5469 5427 -1 5453 5410 5455 -1 5392 5410 5453 -1 5456 5464 5357 -1 5424 5382 5470 -1 5471 5412 5428 -1 5382 5411 5470 -1 5459 5440 5390 -1 5472 5459 5436 -1 5442 5401 5473 -1 5402 5442 5474 -1 5409 5366 5448 -1 5475 5399 5429 -1 5413 5399 5475 -1 5428 5413 5476 -1 5387 5388 5477 -1 5461 5395 5478 -1 5479 5420 5422 -1 5406 5424 5463 -1 5466 5387 5480 -1 5481 5466 5482 -1 5443 5438 5483 -1 5484 5481 5485 -1 5486 5441 5465 -1 5487 5486 5465 -1 5452 5451 5488 -1 5489 5451 5450 -1 5457 5405 5426 -1 5427 5469 5490 -1 5458 5427 5490 -1 5491 5472 5492 -1 5434 5423 5493 -1 5455 5454 5494 -1 5428 5476 5471 -1 5387 5477 5480 -1 5415 5420 5444 -1 5479 5422 5408 -1 5418 5457 5495 -1 5435 5335 5437 -1 5496 5497 5498 -1 5499 5445 5463 -1 5500 5496 5498 -1 5481 5482 5485 -1 5412 5471 5501 -1 5483 5432 5443 -1 5498 5502 5500 -1 5503 5468 5467 -1 5504 5452 5488 -1 5470 5411 5446 -1 5436 5464 5505 -1 5472 5436 5505 -1 5459 5472 5506 -1 5505 5492 5472 -1 5506 5472 5491 -1 5473 5447 5507 -1 5401 5447 5473 -1 5419 5402 5474 -1 5508 5497 5496 -1 5366 5434 5509 -1 5510 5511 5453 -1 5448 5366 5509 -1 5510 5453 5455 -1 5510 5455 5512 -1 5513 5426 5404 -1 5514 5469 5421 -1 5515 5512 5455 -1 5458 5490 5516 -1 5413 5517 5476 -1 5518 5519 5517 -1 5517 5519 5476 -1 5517 5520 5518 -1 5521 5413 5475 -1 5517 5413 5521 -1 5475 5429 5522 -1 5523 5494 5454 -1 5523 5454 5524 -1 5420 5479 5525 -1 5408 5435 5526 -1 5451 5527 5528 -1 5488 5451 5528 -1 5497 5508 5529 -1 5483 5438 5449 -1 5450 5452 5530 -1 5466 5481 5531 -1 5483 5532 5432 -1 5481 5484 5533 -1 5454 5412 5534 -1 5535 5468 5503 -1 5497 5529 5536 -1 5501 5534 5412 -1 5519 5501 5471 -1 5445 5499 5537 -1 5498 5497 5536 -1 5538 5463 5424 -1 5498 5536 5519 -1 5538 5424 5470 -1 5511 5510 5539 -1 5503 5432 5532 -1 5467 5432 5503 -1 5478 5395 5460 -1 5526 5479 5408 -1 5477 5388 5396 -1 5511 5539 5540 -1 5511 5540 5453 -1 5493 5423 5431 -1 5541 5453 5540 -1 5434 5493 5509 -1 5542 5466 5543 -1 5466 5542 5482 -1 5485 5482 5542 -1 5544 5545 5546 -1 5533 5531 5481 -1 5547 5548 5549 -1 5548 5544 5549 -1 5550 5448 5545 -1 5546 5549 5544 -1 5548 5551 5544 -1 5445 5537 5552 -1 5456 5445 5552 -1 5439 5453 5541 -1 5462 5448 5553 -1 5439 5541 5554 -1 5439 5554 5555 -1 5464 5456 5556 -1 5519 5471 5476 -1 5404 5458 5557 -1 5439 5555 5431 -1 5555 5558 5431 -1 5490 5469 5514 -1 5504 5530 5452 -1 5498 5519 5518 -1 5505 5464 5559 -1 5492 5505 5560 -1 5515 5455 5494 -1 5520 5517 5521 -1 5521 5561 5562 -1 5522 5429 5462 -1 5563 5561 5564 -1 5454 5534 5524 -1 5529 5524 5534 -1 5474 5442 5565 -1 5529 5534 5501 -1 5501 5536 5529 -1 5474 5460 5419 -1 5536 5501 5519 -1 5566 5567 5568 -1 5568 5537 5499 -1 5569 5570 5571 -1 5572 5570 5569 -1 5569 5573 5572 -1 5569 5539 5573 -1 5539 5569 5574 -1 5539 5574 5540 -1 5575 5576 5577 -1 5576 5578 5577 -1 5579 5580 5581 -1 5577 5578 5582 -1 5478 5583 5461 -1 5420 5584 5444 -1 5396 5461 5477 -1 5431 5558 5493 -1 5585 5586 5587 -1 5574 5588 5589 -1 5590 5586 5585 -1 5591 5592 5593 -1 5589 5588 5593 -1 5544 5551 5545 -1 5594 5590 5595 -1 5596 5594 5595 -1 5597 5598 5599 -1 5509 5545 5448 -1 5485 5542 5600 -1 5601 5602 5603 -1 5550 5545 5604 -1 5605 5533 5484 -1 5485 5606 5484 -1 5574 5589 5540 -1 5448 5550 5553 -1 5421 5418 5495 -1 5575 5577 5607 -1 5608 5550 5609 -1 5582 5607 5577 -1 5404 5557 5513 -1 5521 5475 5564 -1 5582 5610 5607 -1 5561 5521 5564 -1 5516 5557 5458 -1 5520 5521 5562 -1 5611 5612 5613 -1 5614 5535 5503 -1 5615 5475 5522 -1 5589 5541 5540 -1 5615 5564 5475 -1 5451 5489 5527 -1 5563 5562 5561 -1 5616 5617 5618 -1 5450 5530 5489 -1 5619 5537 5620 -1 5621 5563 5564 -1 5621 5615 5622 -1 5623 5624 5625 -1 5556 5456 5552 -1 5626 5608 5609 -1 5593 5627 5589 -1 5559 5464 5556 -1 5541 5589 5627 -1 5628 5629 5630 -1 5631 5628 5630 -1 5626 5632 5608 -1 5627 5633 5554 -1 5634 5629 5628 -1 5634 5628 5635 -1 5636 5635 5628 -1 5637 5638 5639 -1 5541 5627 5554 -1 5560 5505 5559 -1 5640 5641 5642 -1 5643 5644 5645 -1 5646 5555 5554 -1 5640 5647 5641 -1 5646 5558 5555 -1 5648 5649 5650 -1 5651 5637 5652 -1 5649 5648 5653 -1 5567 5620 5568 -1 5654 5655 5656 -1 5657 5658 5659 -1 5660 5658 5657 -1 5537 5568 5620 -1 5621 5622 5661 -1 5661 5622 5662 -1 5662 5663 5661 -1 5664 5661 5663 -1 5662 5665 5663 -1 5666 5566 5568 -1 5667 5491 5668 -1 5669 5670 5665 -1 5670 5669 5671 -1 5474 5565 5672 -1 5507 5673 5473 -1 5507 5447 5674 -1 5652 5571 5570 -1 5675 5571 5652 -1 5569 5571 5676 -1 5677 5678 5679 -1 5623 5630 5624 -1 5677 5653 5678 -1 5646 5680 5681 -1 5648 5678 5653 -1 5629 5624 5630 -1 5657 5659 5682 -1 5683 5684 5685 -1 5654 5649 5653 -1 5686 5687 5688 -1 5687 5689 5688 -1 5690 5691 5692 -1 5693 5694 5695 -1 5696 5695 5697 -1 5623 5698 5630 -1 5699 5688 5689 -1 5657 5611 5660 -1 5700 5688 5699 -1 5701 5650 5649 -1 5702 5701 5649 -1 5626 5700 5699 -1 5703 5704 5547 -1 5704 5705 5547 -1 5569 5676 5574 -1 5660 5706 5658 -1 5668 5707 5708 -1 5709 5571 5710 -1 5711 5626 5699 -1 5549 5712 5547 -1 5708 5654 5656 -1 5656 5713 5708 -1 5714 5715 5716 -1 5717 5658 5706 -1 5631 5718 5628 -1 5571 5709 5676 -1 5636 5628 5718 -1 5709 5574 5676 -1 5719 5720 5721 -1 5548 5547 5722 -1 5717 5706 5723 -1 5715 5724 5725 -1 5635 5636 5641 -1 5726 5608 5632 -1 5727 5717 5723 -1 5708 5565 5667 -1 5713 5565 5708 -1 5728 5478 5729 -1 5656 5655 5730 -1 5551 5548 5722 -1 5642 5641 5636 -1 5686 5551 5731 -1 5632 5626 5567 -1 5732 5733 5734 -1 5574 5709 5588 -1 5641 5647 5735 -1 5632 5736 5726 -1 5737 5647 5640 -1 5738 5739 5740 -1 5514 5421 5495 -1 5734 5741 5732 -1 5457 5426 5742 -1 5632 5567 5736 -1 5743 5689 5744 -1 5699 5689 5743 -1 5426 5513 5742 -1 5745 5690 5746 -1 5747 5745 5746 -1 5639 5748 5732 -1 5746 5690 5749 -1 5732 5637 5639 -1 5750 5593 5588 -1 5713 5672 5565 -1 5751 5752 5490 -1 5746 5753 5747 -1 5637 5732 5741 -1 5593 5750 5591 -1 5754 5755 5756 -1 5637 5741 5757 -1 5758 5759 5730 -1 5747 5753 5760 -1 5759 5758 5720 -1 5593 5592 5627 -1 5711 5761 5626 -1 5761 5711 5754 -1 5672 5759 5729 -1 5566 5736 5567 -1 5686 5731 5687 -1 5762 5491 5667 -1 5763 5718 5764 -1 5760 5765 5766 -1 5592 5591 5767 -1 5754 5768 5761 -1 5667 5442 5769 -1 5642 5763 5581 -1 5667 5565 5442 -1 5627 5592 5633 -1 5473 5769 5442 -1 5770 5766 5765 -1 5637 5757 5652 -1 5771 5772 5768 -1 5771 5768 5756 -1 5773 5774 5775 -1 5646 5633 5680 -1 5776 5777 5778 -1 5774 5773 5779 -1 5770 5461 5583 -1 5776 5780 5781 -1 5581 5580 5642 -1 5461 5770 5477 -1 5675 5652 5757 -1 5662 5622 5782 -1 5783 5774 5779 -1 5575 5580 5576 -1 5784 5785 5786 -1 5787 5783 5779 -1 5788 5787 5779 -1 5554 5633 5646 -1 5447 5444 5584 -1 5579 5576 5580 -1 5681 5558 5646 -1 5757 5741 5675 -1 5787 5788 5789 -1 5787 5789 5790 -1 5621 5661 5791 -1 5675 5741 5792 -1 5460 5729 5478 -1 5791 5661 5664 -1 5793 5791 5664 -1 5793 5794 5795 -1 5710 5675 5792 -1 5571 5675 5710 -1 5474 5729 5460 -1 5663 5665 5664 -1 5710 5792 5796 -1 5674 5447 5584 -1 5797 5798 5799 -1 5800 5801 5802 -1 5803 5709 5710 -1 5804 5805 5579 -1 5665 5670 5664 -1 5802 5806 5800 -1 5726 5736 5566 -1 5526 5525 5479 -1 5588 5709 5803 -1 5807 5808 5809 -1 5625 5624 5810 -1 5669 5811 5671 -1 5499 5666 5568 -1 5812 5813 5814 -1 5805 5815 5816 -1 5499 5463 5666 -1 5804 5817 5805 -1 5558 5818 5493 -1 5819 5808 5807 -1 5509 5493 5818 -1 5820 5819 5807 -1 5463 5821 5666 -1 5587 5586 5822 -1 5733 5732 5748 -1 5671 5463 5538 -1 5545 5818 5546 -1 5818 5545 5509 -1 5823 5824 5825 -1 5586 5590 5826 -1 5538 5670 5671 -1 5538 5827 5670 -1 5604 5609 5550 -1 5595 5590 5585 -1 5828 5700 5609 -1 5466 5480 5543 -1 5590 5594 5829 -1 5827 5538 5830 -1 5748 5639 5831 -1 5594 5832 5829 -1 5485 5600 5606 -1 5833 5832 5594 -1 5651 5638 5637 -1 5785 5834 5835 -1 5594 5596 5833 -1 5563 5795 5520 -1 5553 5550 5726 -1 5726 5550 5608 -1 5836 5837 5833 -1 5838 5790 5789 -1 5520 5562 5563 -1 5532 5483 5839 -1 5484 5840 5605 -1 5522 5462 5553 -1 5484 5606 5840 -1 5837 5836 5841 -1 5466 5842 5437 -1 5435 5437 5842 -1 5531 5842 5466 -1 5615 5522 5782 -1 5839 5795 5843 -1 5844 5845 5846 -1 5847 5845 5844 -1 5844 5848 5847 -1 5849 5850 5851 -1 5849 5851 5852 -1 5853 5849 5852 -1 5793 5795 5563 -1 5854 5855 5850 -1 5854 5850 5849 -1 5615 5621 5564 -1 5615 5782 5622 -1 5793 5563 5621 -1 5791 5793 5621 -1 5856 5607 5610 -1 5828 5688 5700 -1 5582 5616 5610 -1 5582 5816 5616 -1 5617 5616 5816 -1 5532 5839 5503 -1 5602 5857 5603 -1 5596 5595 5858 -1 5859 5595 5856 -1 5859 5858 5595 -1 5843 5599 5839 -1 5860 5785 5861 -1 5614 5839 5599 -1 5834 5785 5860 -1 5858 5833 5596 -1 5862 5858 5859 -1 5601 5863 5864 -1 5503 5839 5614 -1 5785 5784 5861 -1 5859 5856 5865 -1 5866 5864 5863 -1 5794 5843 5795 -1 5867 5866 5868 -1 5866 5612 5868 -1 5869 5862 5870 -1 5601 5871 5863 -1 5863 5872 5866 -1 5815 5617 5816 -1 5612 5866 5873 -1 5843 5597 5599 -1 5874 5618 5875 -1 5794 5597 5843 -1 5617 5815 5876 -1 5877 5617 5876 -1 5877 5618 5617 -1 5875 5618 5877 -1 5875 5878 5874 -1 5878 5875 5879 -1 5878 5880 5870 -1 5880 5878 5879 -1 5614 5599 5598 -1 5879 5875 5877 -1 5881 5882 5872 -1 5873 5872 5882 -1 5880 5879 5867 -1 5682 5880 5867 -1 5883 5882 5884 -1 5885 5862 5869 -1 5611 5868 5612 -1 5613 5612 5886 -1 5853 5869 5887 -1 5887 5888 5853 -1 5598 5597 5889 -1 5888 5849 5853 -1 5890 5891 5613 -1 5890 5613 5886 -1 5644 5849 5888 -1 5723 5892 5692 -1 5692 5892 5893 -1 5528 5891 5890 -1 5697 5643 5645 -1 5893 5528 5527 -1 5880 5682 5659 -1 5838 5894 5756 -1 5895 5883 5896 -1 5528 5890 5488 -1 5488 5890 5896 -1 5772 5771 5897 -1 5489 5749 5690 -1 5619 5552 5537 -1 5898 5619 5897 -1 5898 5899 5619 -1 5900 5648 5901 -1 5678 5648 5900 -1 5650 5901 5648 -1 5701 5702 5707 -1 5701 5707 5902 -1 5707 5668 5902 -1 5899 5556 5552 -1 5446 5903 5470 -1 5446 5440 5904 -1 5668 5491 5492 -1 5762 5506 5491 -1 5446 5905 5906 -1 5907 5908 5909 -1 5744 5689 5687 -1 5740 5723 5691 -1 5658 5910 5659 -1 5905 5904 5911 -1 5912 5913 5914 -1 5723 5692 5691 -1 5908 5907 5915 -1 5915 5907 5634 -1 5740 5691 5916 -1 5917 5905 5911 -1 5778 5911 5776 -1 5684 5683 5918 -1 5917 5911 5778 -1 5657 5868 5611 -1 5682 5868 5657 -1 5919 5920 5683 -1 5921 5758 5740 -1 5700 5626 5609 -1 5922 5923 5924 -1 5925 5923 5922 -1 5926 5740 5916 -1 5921 5740 5926 -1 5926 5721 5921 -1 5658 5927 5910 -1 5786 5917 5778 -1 5919 5683 5685 -1 5928 5680 5929 -1 5685 5684 5930 -1 5717 5927 5658 -1 5923 5925 5931 -1 5786 5778 5777 -1 5690 5745 5691 -1 5745 5916 5691 -1 5927 5717 5696 -1 5717 5727 5696 -1 5908 5932 5933 -1 5747 5916 5745 -1 5928 5934 5935 -1 5936 5937 5938 -1 5680 5928 5935 -1 5936 5939 5937 -1 5694 5677 5643 -1 5916 5747 5926 -1 5939 5936 5940 -1 5633 5767 5929 -1 5694 5643 5697 -1 5941 5685 5942 -1 5908 5915 5932 -1 5694 5697 5695 -1 5932 5915 5943 -1 5680 5633 5929 -1 5634 5944 5629 -1 5629 5944 5624 -1 5945 5720 5728 -1 5721 5720 5921 -1 5681 5680 5935 -1 5696 5693 5695 -1 5946 5947 5948 -1 5743 5744 5783 -1 5728 5720 5719 -1 5915 5634 5635 -1 5743 5754 5699 -1 5693 5655 5654 -1 5711 5699 5754 -1 5729 5945 5728 -1 5592 5767 5633 -1 5783 5755 5743 -1 5924 5949 5950 -1 5630 5698 5631 -1 5951 5719 5721 -1 5743 5755 5754 -1 5702 5649 5654 -1 5702 5654 5708 -1 5728 5719 5951 -1 5951 5721 5926 -1 5940 5936 5952 -1 5755 5783 5790 -1 5920 5918 5683 -1 5755 5790 5756 -1 5936 5953 5952 -1 5951 5478 5728 -1 5707 5702 5708 -1 5954 5955 5956 -1 5957 5958 5959 -1 5708 5667 5668 -1 5960 5958 5956 -1 5959 5958 5960 -1 5635 5641 5915 -1 5656 5961 5713 -1 5766 5747 5760 -1 5768 5754 5756 -1 5915 5735 5943 -1 5962 5963 5760 -1 5567 5626 5761 -1 5735 5915 5641 -1 5567 5761 5620 -1 5964 5965 5966 -1 5967 5968 5969 -1 5970 5753 5746 -1 5970 5962 5753 -1 5772 5761 5768 -1 5730 5655 5693 -1 5620 5761 5772 -1 5971 5972 5973 -1 5973 5972 5966 -1 5825 5824 5970 -1 5971 5973 5974 -1 5758 5975 5738 -1 5760 5753 5962 -1 5704 5703 5959 -1 5737 5640 5575 -1 5730 5975 5758 -1 5747 5766 5951 -1 5976 5977 5978 -1 5727 5740 5739 -1 5723 5740 5727 -1 5740 5758 5738 -1 5979 5477 5770 -1 5765 5760 5963 -1 5980 5705 5704 -1 5765 5979 5770 -1 5981 5982 5983 -1 5705 5980 5984 -1 5985 5986 5987 -1 5547 5712 5703 -1 5988 5989 5990 -1 5713 5961 5672 -1 5547 5705 5722 -1 5979 5480 5477 -1 5985 5991 5986 -1 5759 5672 5961 -1 5992 5993 5714 -1 5782 5994 5662 -1 5982 5990 5995 -1 5718 5631 5764 -1 5982 5995 5996 -1 5994 5726 5997 -1 5642 5718 5763 -1 5712 5549 5998 -1 5546 5998 5549 -1 5921 5720 5758 -1 5999 6000 5420 -1 5525 5999 5420 -1 5945 5759 5720 -1 5566 5997 5726 -1 5764 6001 5763 -1 5714 5724 5715 -1 5581 5763 6002 -1 5759 5945 5729 -1 5807 5809 6000 -1 5662 5994 5811 -1 5672 5729 5474 -1 5714 5993 5724 -1 5581 6002 5579 -1 5993 6003 5724 -1 5640 5642 5575 -1 5665 5662 5811 -1 5665 5811 5669 -1 5762 5780 5506 -1 5580 5575 5642 -1 5776 5506 5780 -1 5995 5990 6004 -1 5781 5780 6005 -1 5664 5794 5793 -1 6006 5799 5798 -1 5762 5667 5769 -1 5798 5797 6007 -1 5513 5557 5516 -1 6008 5724 6003 -1 5673 5769 5473 -1 5801 5781 6005 -1 5814 6009 6010 -1 6011 6008 6003 -1 5514 5751 5490 -1 5579 5578 5576 -1 5673 6012 6005 -1 5997 5566 5821 -1 5566 5666 5821 -1 5813 6013 5814 -1 5582 5578 5816 -1 5777 5776 5781 -1 5781 6014 5777 -1 6011 6015 6008 -1 6016 5513 5516 -1 6014 5781 5801 -1 6017 6011 6018 -1 6015 6011 6017 -1 6019 5813 5812 -1 5490 6016 5516 -1 5715 5734 5733 -1 5784 5777 6014 -1 5734 5715 5725 -1 5786 5777 5784 -1 6020 5490 5752 -1 5812 5814 6010 -1 5997 5671 5811 -1 5490 6020 6016 -1 5784 6014 5801 -1 5801 5800 5784 -1 5801 6005 6012 -1 5722 6021 5731 -1 5671 5997 5821 -1 5463 5671 5821 -1 5687 5731 5775 -1 5825 5983 6022 -1 5551 5722 5731 -1 5794 5664 5670 -1 5825 6022 5823 -1 6023 5823 6022 -1 6024 5824 5823 -1 5725 5724 5741 -1 5507 6012 5673 -1 5794 5670 5827 -1 6025 5823 6023 -1 6021 5775 5731 -1 6026 6012 5507 -1 5775 5744 5687 -1 6026 5507 5674 -1 5734 5725 5741 -1 6027 5794 5827 -1 5579 6002 6028 -1 5579 6028 5804 -1 5995 6029 5996 -1 5966 5965 6030 -1 5578 5579 5805 -1 6008 5741 5724 -1 6031 5674 5584 -1 5805 5816 5578 -1 5744 5775 5774 -1 5802 5801 6012 -1 5802 6012 6026 -1 6008 5796 5741 -1 6025 5542 5543 -1 6032 5966 6030 -1 6033 5802 6026 -1 5973 5966 6032 -1 5802 6033 5806 -1 6027 5827 5903 -1 6034 6033 5808 -1 6029 5995 6035 -1 5809 6026 5674 -1 6032 6036 5973 -1 6037 5933 5932 -1 5744 5774 5783 -1 6026 5809 5808 -1 6026 5808 6033 -1 5788 5779 5773 -1 5787 5790 5783 -1 5741 5796 5792 -1 6038 6039 5950 -1 6040 6029 6041 -1 6040 6041 6042 -1 6043 6037 6044 -1 6032 6030 6045 -1 6045 6036 6032 -1 6046 5932 5943 -1 6047 6048 6049 -1 6044 6037 5932 -1 6049 6048 6050 -1 6051 6052 6053 -1 6054 6055 6041 -1 5710 5796 5803 -1 6056 6043 6057 -1 5597 5794 6027 -1 5889 5597 6027 -1 5810 5944 6058 -1 6044 5932 6046 -1 5810 5624 5944 -1 6059 5840 5606 -1 6060 6044 6046 -1 5623 5625 6061 -1 6061 6062 5623 -1 6057 6043 6044 -1 5987 5986 6063 -1 6064 6063 5986 -1 5623 6062 5698 -1 6057 6044 6060 -1 5947 5977 5948 -1 5889 6065 5598 -1 5908 5933 5909 -1 6066 5435 5842 -1 6060 6067 6057 -1 5842 5531 5846 -1 6058 5944 5634 -1 5907 6058 5634 -1 5842 5845 6066 -1 5845 5842 5846 -1 6068 6015 6069 -1 5845 5847 6066 -1 5846 6070 5844 -1 5986 5991 6064 -1 5906 6071 6047 -1 6072 5848 5844 -1 6015 6073 5796 -1 5943 5822 5826 -1 6046 5943 5826 -1 5586 5826 5822 -1 5826 5590 6046 -1 6073 6074 5796 -1 5587 5735 5647 -1 5715 5733 5716 -1 6075 5906 5905 -1 6071 5906 6075 -1 6075 5905 5835 -1 5803 5796 6074 -1 5587 5647 5737 -1 5585 5737 5607 -1 5607 5856 5585 -1 5585 5587 5737 -1 5917 5835 5905 -1 5756 5790 5838 -1 6076 5603 5857 -1 6073 6077 6074 -1 5681 5818 5558 -1 5603 5871 5601 -1 5871 5603 6076 -1 6046 5832 6078 -1 5894 5838 6079 -1 5803 6074 6080 -1 6077 6080 6074 -1 5829 6046 5590 -1 5829 5832 6046 -1 6081 6080 6077 -1 6078 6060 6046 -1 5771 5756 5894 -1 5998 5818 5681 -1 5838 6082 6079 -1 6078 5832 5841 -1 5832 5833 5841 -1 6083 6084 6082 -1 5833 5837 5841 -1 5818 5998 5546 -1 5588 5803 6080 -1 6081 5588 6080 -1 6081 5750 5588 -1 6085 6056 6057 -1 6082 5898 6079 -1 5898 6082 6084 -1 5604 5545 5551 -1 6086 6087 5716 -1 5551 5828 5604 -1 5929 5750 6081 -1 5591 5750 5767 -1 5828 5551 5686 -1 5929 5767 5750 -1 6085 6057 6088 -1 5620 5772 5619 -1 6073 6015 6068 -1 6068 6077 6073 -1 5619 5772 5897 -1 5786 5835 5917 -1 5785 5835 5786 -1 6086 5748 5831 -1 5899 5552 5619 -1 6079 5771 5894 -1 5897 5771 6079 -1 5609 5604 5828 -1 5897 6079 5898 -1 6086 5716 5748 -1 6076 6089 5871 -1 5881 5871 6089 -1 5861 5784 5800 -1 5716 5733 5748 -1 5871 5881 5872 -1 5789 5788 6088 -1 6090 5861 5800 -1 6091 5882 5881 -1 6092 5861 6090 -1 5928 6068 5934 -1 6077 6068 5928 -1 5929 6077 5928 -1 5882 6091 5884 -1 5556 5899 5898 -1 5559 5556 5898 -1 6082 6057 6067 -1 6057 6082 6088 -1 5838 5789 6088 -1 5838 6088 6082 -1 5553 5994 5522 -1 6090 5800 5806 -1 5994 5553 5726 -1 6083 6093 6084 -1 5782 5522 5994 -1 5841 6094 6078 -1 6095 6060 6078 -1 6095 6078 6094 -1 5900 5901 6093 -1 6094 5841 5836 -1 6093 6096 6084 -1 6096 6093 5901 -1 5900 6093 6097 -1 5611 5613 5891 -1 5828 5686 5688 -1 5873 5886 5612 -1 5678 5900 5679 -1 6094 5851 6095 -1 6067 6095 5850 -1 5895 5873 5883 -1 5650 6096 5901 -1 5851 5836 5885 -1 6094 5836 5851 -1 5850 6095 5851 -1 5706 5660 5611 -1 5891 5706 5611 -1 5898 6084 5559 -1 5892 5706 5893 -1 5891 5528 5706 -1 6096 6098 6084 -1 5893 5706 5528 -1 6098 6096 6099 -1 5650 6099 6096 -1 5723 5706 5892 -1 6099 5902 6098 -1 5854 6097 5855 -1 5559 6084 6098 -1 6093 6083 5855 -1 6097 6093 5855 -1 5560 6098 5902 -1 5560 5559 6098 -1 6100 6097 5854 -1 5692 5893 5527 -1 5902 6099 5701 -1 5692 5527 5690 -1 5701 6099 5650 -1 5595 5585 5856 -1 5883 5873 5882 -1 5610 5865 5856 -1 5890 5886 5895 -1 5830 5538 5470 -1 5890 5895 5896 -1 5865 5610 5616 -1 5488 5896 5504 -1 5903 5830 5470 -1 5968 5896 5883 -1 5883 5884 6101 -1 5858 5885 5833 -1 6101 5969 5883 -1 5968 5883 5969 -1 5885 5858 5862 -1 5504 5896 5968 -1 5446 6047 5903 -1 5967 6102 5968 -1 5865 5878 5859 -1 5878 5870 5859 -1 5690 5527 5489 -1 5870 5862 5859 -1 5749 5489 6103 -1 5489 5530 6103 -1 5874 5616 5618 -1 6103 5746 5749 -1 5668 5492 5902 -1 5492 5560 5902 -1 5983 6103 5981 -1 5815 5805 6104 -1 5815 6104 5876 -1 5857 5876 6104 -1 5602 5876 5857 -1 5459 5904 5440 -1 5877 5876 5602 -1 5601 5877 5602 -1 5864 5877 5601 -1 5446 5904 5905 -1 6047 5446 5906 -1 5879 5877 5864 -1 5867 5879 5864 -1 5867 5864 5866 -1 5867 5868 5682 -1 5836 5833 5885 -1 5851 5885 5852 -1 5853 5885 5869 -1 5853 5852 5885 -1 5870 5887 5869 -1 5887 5910 5888 -1 5849 6100 5854 -1 6100 5849 5644 -1 5644 5643 5677 -1 5645 5644 5888 -1 5645 5888 5910 -1 5870 5880 5659 -1 5616 5874 5865 -1 6105 6106 6107 -1 5874 5878 5865 -1 6106 6108 6107 -1 5830 5903 5827 -1 5926 5747 5951 -1 6106 6105 5925 -1 5805 5817 6104 -1 5946 5948 6109 -1 5903 6047 6049 -1 6081 6077 5929 -1 5911 5459 5506 -1 5904 5459 5911 -1 6068 6110 5934 -1 6111 6112 5946 -1 6113 6114 6115 -1 5951 5583 5478 -1 5506 5776 5911 -1 6109 5948 5950 -1 5934 6110 6116 -1 5970 5983 5825 -1 6109 5950 5949 -1 5946 6109 5956 -1 6109 5949 5954 -1 5956 6109 5954 -1 6117 6058 6118 -1 5653 5677 5694 -1 5970 5824 5962 -1 5963 5962 5824 -1 6100 5677 5679 -1 5963 5824 6024 -1 6058 6117 5810 -1 5677 6100 5644 -1 5886 5873 5895 -1 5694 5654 5653 -1 5958 6111 5946 -1 5583 5766 5770 -1 5951 5766 5583 -1 5654 5694 5693 -1 5887 5870 5659 -1 5765 5963 5979 -1 6118 5907 6114 -1 6111 5957 6116 -1 5910 5887 5659 -1 5953 6119 5952 -1 5909 6115 6114 -1 5956 5958 5946 -1 6114 5907 5909 -1 5960 5956 5955 -1 5696 5975 5693 -1 5957 6111 5958 -1 5645 5910 5927 -1 6115 5909 5933 -1 6120 6121 6122 -1 6000 6031 5584 -1 6031 6000 5674 -1 5645 5927 5696 -1 5645 5696 5697 -1 5739 5975 5727 -1 5907 6118 6058 -1 5959 5960 5704 -1 5420 6000 5584 -1 6123 5952 6119 -1 5975 5739 5738 -1 5949 5924 5954 -1 5693 5975 5730 -1 5975 5696 5727 -1 5976 5952 6123 -1 5968 6102 5504 -1 5530 5504 6102 -1 5976 6124 5952 -1 5809 5674 6000 -1 5961 5656 5730 -1 5924 6125 5954 -1 6120 6126 6121 -1 6125 5955 5954 -1 6126 5964 6121 -1 5797 5799 6000 -1 6103 5530 6127 -1 5961 5730 5759 -1 5955 6125 6128 -1 6125 5924 5923 -1 5933 6037 6129 -1 6103 5970 5746 -1 6123 5964 5972 -1 5970 6103 5983 -1 5807 6000 5799 -1 5811 5994 5997 -1 6103 6127 5981 -1 6125 5923 5931 -1 5931 6128 6125 -1 5820 5807 5799 -1 6006 5820 5799 -1 5964 6126 5965 -1 5797 6000 5999 -1 5960 5955 6128 -1 5780 5769 6005 -1 6005 5769 5673 -1 5797 5999 6013 -1 6128 6130 5960 -1 5797 6013 5813 -1 5966 5972 5964 -1 5813 6007 5797 -1 5972 5971 6123 -1 5971 5976 6123 -1 6130 5704 5960 -1 5971 6131 5976 -1 6131 5977 5976 -1 5718 5642 5636 -1 6131 5971 6132 -1 6133 5980 6130 -1 6013 6009 5814 -1 6087 6086 6134 -1 6034 5806 6033 -1 5977 6131 5948 -1 5947 5978 5977 -1 5980 5742 5984 -1 6132 5948 6131 -1 6027 5903 6049 -1 5957 6135 6116 -1 5889 6027 6049 -1 6136 6137 5987 -1 5934 6116 6135 -1 6001 6002 5763 -1 5889 6049 6050 -1 5987 6137 5985 -1 6135 5957 5703 -1 5703 5957 5959 -1 5983 5982 6022 -1 5985 6137 6138 -1 5992 5985 6138 -1 6135 5703 5712 -1 6139 6136 6063 -1 5998 6135 5712 -1 5823 6025 6024 -1 5987 6063 6136 -1 6022 5982 5996 -1 5860 5861 6092 -1 5991 5992 5714 -1 5934 6135 5998 -1 5985 5992 5991 -1 5935 5934 5998 -1 6040 5996 6029 -1 5996 6040 6023 -1 6025 6023 6140 -1 6023 6040 6140 -1 5935 5998 5681 -1 5941 6141 6142 -1 6141 6143 6142 -1 5543 5979 6024 -1 6142 5993 5992 -1 5543 6024 6025 -1 5714 6064 5991 -1 5480 5979 5543 -1 5993 6142 6143 -1 6143 6003 5993 -1 6064 5714 6087 -1 5600 6025 6140 -1 5716 6087 5714 -1 5600 5542 6025 -1 6144 6141 5942 -1 5967 5969 6145 -1 6130 5980 5704 -1 5606 5600 6140 -1 6146 6141 6144 -1 6029 6035 6147 -1 6143 6141 6146 -1 6003 6143 6146 -1 6054 6029 6147 -1 6003 6146 6148 -1 6149 6003 6148 -1 6054 6041 6029 -1 6150 5722 5984 -1 5722 5705 5984 -1 6151 6129 6037 -1 6147 6035 6152 -1 6150 6021 5722 -1 5988 6153 5989 -1 6054 6147 6154 -1 6054 6154 6155 -1 5530 6102 6127 -1 6147 6152 6154 -1 6011 6003 6018 -1 6018 6003 6149 -1 6127 6102 5967 -1 5988 6127 5967 -1 6043 6151 6037 -1 5981 6127 5988 -1 6042 6140 6040 -1 5982 5981 5988 -1 6018 6149 6017 -1 5495 6133 6156 -1 5606 6140 6042 -1 5457 6133 5495 -1 6156 5514 5495 -1 6133 5742 5980 -1 5606 6042 6059 -1 5752 6151 6043 -1 5742 6133 5457 -1 5982 5988 5990 -1 5984 5742 6150 -1 6008 6015 5796 -1 6020 5752 6043 -1 6144 6157 6158 -1 6150 5742 5513 -1 6056 6020 6043 -1 5846 6159 6070 -1 6160 6146 6144 -1 6160 6144 6158 -1 6156 6161 5514 -1 6162 6146 6160 -1 6148 6146 6162 -1 5514 6161 5751 -1 5846 5531 6159 -1 6162 6160 6069 -1 5531 5533 6159 -1 5735 5822 5943 -1 5974 6132 5971 -1 6163 6159 5533 -1 6163 5533 5605 -1 5513 6164 6150 -1 5822 5735 5587 -1 6016 6164 5513 -1 5737 5575 5607 -1 6072 5844 6165 -1 6070 6165 5844 -1 5973 6036 5974 -1 6162 6149 6148 -1 6149 6162 6017 -1 6056 6016 6020 -1 6164 6016 6056 -1 6162 6015 6017 -1 5995 6004 6035 -1 5974 6036 5913 -1 6015 6162 6069 -1 6132 5974 5913 -1 6004 6166 6035 -1 6167 5684 5918 -1 6112 6168 6169 -1 6152 6035 6166 -1 5920 5919 6139 -1 6160 6168 6170 -1 5605 6171 6163 -1 6139 5919 6138 -1 6138 6136 6139 -1 6112 5978 5947 -1 6171 6165 6163 -1 6039 5913 5912 -1 6038 5913 6039 -1 6085 6088 5788 -1 6112 5947 5946 -1 6170 6168 6111 -1 6112 6111 6168 -1 5948 6038 5950 -1 6138 5919 5685 -1 5685 5941 6138 -1 6067 6083 6082 -1 6021 5773 5775 -1 6170 6069 6160 -1 6150 6164 6021 -1 6060 6095 6067 -1 5872 5863 5871 -1 6036 6045 6053 -1 6036 6053 6172 -1 6036 6172 5913 -1 5953 5936 5938 -1 6069 6170 6110 -1 5855 6083 6067 -1 6067 5850 5855 -1 6068 6069 6110 -1 6021 6164 5773 -1 6170 6111 6116 -1 6110 6170 6116 -1 5873 5866 5872 -1 5930 5942 5685 -1 6172 5914 5913 -1 6141 5941 5942 -1 6172 6053 6052 -1 6053 6173 6051 -1 6144 5942 6157 -1 5900 6097 5679 -1 5679 6097 6100 -1 6164 6056 5773 -1 5914 6172 6174 -1 6052 6175 6172 -1 5773 6056 6085 -1 5788 5773 6085 -1 5914 6176 5912 -1 6176 5922 5912 -1 5924 5950 6039 -1 5912 5922 6039 -1 6039 5922 5924 -1 6176 5914 6174 -1 6106 5925 6174 -1 6105 5931 5925 -1 6051 6173 6177 -1 6052 6051 6175 -1 6175 6051 6177 -1 6177 6108 6175 -1 6108 6106 6175 -1 6175 6106 6174 -1 6107 6178 6105 -1 6179 6118 6114 -1 5979 5963 6024 -1 6118 6179 6117 -1 5525 6013 5999 -1 5762 5769 5780 -1 5525 5526 6009 -1 6013 5525 6009 -1 5526 6010 6009 -1 5435 6066 5526 -1 6010 5526 6066 -1 5847 6010 6066 -1 6115 6129 6161 -1 6129 6115 5933 -1 5931 6105 6178 -1 5813 6019 6007 -1 6151 6161 6129 -1 6178 6156 5931 -1 6178 6161 6156 -1 5812 6010 5848 -1 6180 6181 6107 -1 5996 6023 6022 -1 5948 6132 6038 -1 6107 6181 6178 -1 5913 6038 6132 -1 6178 6181 6115 -1 6175 6174 6172 -1 6113 6115 6181 -1 6059 6042 6041 -1 6176 6174 5925 -1 5922 6176 5925 -1 5967 6145 6153 -1 6119 5953 6182 -1 6070 6159 6163 -1 6153 5988 5967 -1 6119 6182 6122 -1 6163 6165 6070 -1 6010 5847 5848 -1 6178 6115 6161 -1 5940 6124 6157 -1 6169 6157 6124 -1 6124 5940 5952 -1 6183 5684 6167 -1 5684 6183 6184 -1 6169 6124 5978 -1 6119 6122 6121 -1 6123 6119 6121 -1 6123 6121 5964 -1 5976 5978 6124 -1 6130 6128 6133 -1 5684 6184 5930 -1 6137 6136 6138 -1 5992 6138 5941 -1 5992 5941 6142 -1 6184 5939 5940 -1 5930 6184 5940 -1 6133 6128 5931 -1 6180 6185 6181 -1 6181 6185 6113 -1 6133 5931 6156 -1 6169 6158 6157 -1 6157 5930 5940 -1 6168 6160 6158 -1 5930 6157 5942 -1 6169 6168 6158 -1 5978 6112 6169 -1 5751 6161 6151 -1 6151 5752 5751 -1 5795 5839 5483 -1 5520 5795 5483 -1 5381 5414 5502 -1 5502 5498 5518 -1 5381 5502 5518 -1 5520 5483 5449 -1 5518 5520 5449 -1 5381 5518 5449 -1 5381 5449 5416 -1 6186 6187 6188 -1 6188 6187 6189 -1 6188 6190 6186 -1 6191 6188 6189 -1 6187 6192 6189 -1 6193 6186 6190 -1 6186 6194 6187 -1 6195 6187 6194 -1 6187 6195 6192 -1 6194 6186 6193 -1 6195 6196 6192 -1 6196 6197 6198 -1 6198 6197 6199 -1 6194 6193 6200 -1 6195 6197 6196 -1 6199 6197 6201 -1 6202 6199 6201 -1 6194 6200 6203 -1 6203 6195 6194 -1 6200 6204 6203 -1 6205 6197 6195 -1 6205 6201 6197 -1 6204 6206 6207 -1 6205 6195 6203 -1 6208 6209 6205 -1 6209 6201 6205 -1 6210 6202 6201 -1 6204 6207 6203 -1 6211 6203 6207 -1 6203 6211 6208 -1 6205 6203 6208 -1 6209 6210 6201 -1 6202 6210 6212 -1 6210 6209 6213 -1 6214 6212 6210 -1 6207 6206 6215 -1 6208 6216 6209 -1 6217 6209 6216 -1 6213 6209 6217 -1 6207 6215 6211 -1 6211 6218 6216 -1 6211 6216 6208 -1 6213 6219 6210 -1 6214 6210 6219 -1 6220 6215 6221 -1 6215 6220 6211 -1 6211 6220 6218 -1 6216 6218 6222 -1 6217 6216 6223 -1 6224 6213 6217 -1 6225 6220 6221 -1 6216 6222 6223 -1 6217 6223 6224 -1 6224 6226 6213 -1 6213 6227 6219 -1 6213 6226 6227 -1 6225 6228 6220 -1 6218 6220 6228 -1 6229 6226 6223 -1 6224 6223 6226 -1 6225 6221 6230 -1 6222 6218 6228 -1 6227 6226 6229 -1 6225 6231 6228 -1 6232 6223 6222 -1 6223 6232 6233 -1 6233 6229 6223 -1 6231 6225 6234 -1 6232 6222 6228 -1 6235 6233 6232 -1 6228 6231 6235 -1 6232 6228 6235 -1 6233 6235 6236 -1 6235 6231 6237 -1 6236 6235 6237 -1 6238 6239 6240 -1 6240 6239 6241 -1 6242 6241 6239 -1 6243 6244 6245 -1 6245 6244 6246 -1 6243 6247 6244 -1 6244 6248 6246 -1 6241 6242 6249 -1 6250 6247 6243 -1 6241 6250 6251 -1 6251 6250 6243 -1 6241 6249 6250 -1 6250 6249 6252 -1 6252 6249 6253 -1 6248 6244 6254 -1 6255 6253 6249 -1 6250 6252 6256 -1 6248 6254 6257 -1 6258 6259 6260 -1 6253 6261 6252 -1 6261 6262 6252 -1 6250 6256 6247 -1 6263 6247 6256 -1 6247 6263 6254 -1 6244 6247 6254 -1 6257 6259 6248 -1 6258 6248 6259 -1 6264 6265 6255 -1 6253 6266 6261 -1 6252 6262 6256 -1 6256 6262 6263 -1 6254 6267 6257 -1 6260 6259 6268 -1 6253 6255 6269 -1 6266 6253 6269 -1 6263 6270 6271 -1 6263 6271 6254 -1 6268 6259 6257 -1 6268 6272 6260 -1 6263 6262 6270 -1 6269 6255 6265 -1 6265 6266 6269 -1 6262 6261 6273 -1 6273 6270 6262 -1 6267 6268 6257 -1 6261 6266 6274 -1 6271 6267 6254 -1 6264 6275 6265 -1 6274 6266 6276 -1 6273 6261 6274 -1 6277 6268 6267 -1 6265 6278 6266 -1 6270 6273 6279 -1 6280 6271 6270 -1 6278 6265 6281 -1 6266 6278 6276 -1 6270 6279 6280 -1 6275 6281 6265 -1 6278 6281 6282 -1 6283 6279 6273 -1 6273 6274 6283 -1 6279 6283 6284 -1 6271 6280 6285 -1 6285 6267 6271 -1 6278 6282 6286 -1 6276 6278 6286 -1 6280 6279 6284 -1 6267 6287 6288 -1 6282 6281 6289 -1 6274 6276 6290 -1 6291 6274 6290 -1 6291 6283 6274 -1 6285 6287 6267 -1 6277 6267 6288 -1 6276 6286 6290 -1 6291 6292 6283 -1 6292 6284 6283 -1 6277 6288 6293 -1 6294 6295 6286 -1 6290 6286 6295 -1 6295 6291 6290 -1 6289 6296 6282 -1 6282 6296 6286 -1 6296 6294 6286 -1 6297 6298 6299 -1 6294 6296 6298 -1 6297 6294 6298 -1 6291 6295 6300 -1 6292 6291 6300 -1 6284 6292 6301 -1 6284 6302 6280 -1 6302 6285 6280 -1 6287 6285 6303 -1 6304 6288 6287 -1 6293 6288 6304 -1 6295 6294 6305 -1 6301 6292 6306 -1 6303 6285 6307 -1 6304 6287 6303 -1 6299 6308 6297 -1 6305 6300 6295 -1 6292 6300 6306 -1 6302 6284 6301 -1 6307 6285 6302 -1 6309 6297 6308 -1 6294 6297 6309 -1 6305 6294 6309 -1 6307 6302 6310 -1 6303 6307 6311 -1 6304 6303 6312 -1 6300 6305 6313 -1 6300 6313 6306 -1 6314 6301 6306 -1 6302 6301 6310 -1 6315 6316 6308 -1 6309 6308 6316 -1 6305 6309 6316 -1 6316 6317 6305 -1 6313 6305 6317 -1 6311 6307 6310 -1 6303 6311 6312 -1 6316 6315 6318 -1 6314 6306 6313 -1 6310 6301 6319 -1 6317 6316 6318 -1 6313 6317 6320 -1 6314 6313 6321 -1 6311 6310 6322 -1 6317 6318 6323 -1 6320 6321 6313 -1 6301 6314 6319 -1 6324 6310 6319 -1 6325 6323 6318 -1 6320 6317 6323 -1 6319 6314 6321 -1 6326 6310 6324 -1 6322 6310 6326 -1 6312 6311 6327 -1 6325 6318 6328 -1 6327 6311 6322 -1 6329 6321 6320 -1 6324 6330 6326 -1 6322 6326 6331 -1 6328 6318 6332 -1 6333 6325 6328 -1 6321 6329 6334 -1 6319 6321 6334 -1 6335 6326 6330 -1 6331 6326 6335 -1 6336 6327 6322 -1 6327 6336 6337 -1 6333 6328 6332 -1 6320 6323 6329 -1 6331 6336 6322 -1 6338 6325 6333 -1 6323 6325 6338 -1 6329 6323 6338 -1 6324 6319 6339 -1 6332 6340 6341 -1 6329 6342 6334 -1 6339 6319 6334 -1 6343 6335 6330 -1 6344 6337 6336 -1 6345 6330 6346 -1 6333 6332 6341 -1 6347 6339 6334 -1 6339 6346 6324 -1 6330 6324 6346 -1 6330 6345 6343 -1 6348 6336 6331 -1 6336 6348 6344 -1 6347 6346 6339 -1 6329 6338 6349 -1 6338 6333 6349 -1 6342 6329 6349 -1 6350 6335 6343 -1 6331 6335 6348 -1 6349 6333 6351 -1 6334 6342 6352 -1 6347 6334 6353 -1 6335 6354 6348 -1 6354 6355 6348 -1 6355 6344 6348 -1 6352 6353 6334 -1 6356 6347 6353 -1 6356 6346 6347 -1 6346 6357 6345 -1 6354 6335 6350 -1 6342 6349 6352 -1 6358 6345 6357 -1 6349 6351 6359 -1 6356 6357 6346 -1 6343 6345 6358 -1 6357 6356 6360 -1 6357 6360 6358 -1 6361 6343 6358 -1 6362 6355 6354 -1 6352 6349 6359 -1 6363 6352 6359 -1 6356 6353 6364 -1 6350 6343 6361 -1 6353 6352 6363 -1 6360 6356 6364 -1 6361 6358 6360 -1 6364 6353 6363 -1 6365 6366 6367 -1 6367 6368 6369 -1 6365 6367 6370 -1 6367 6369 6370 -1 6370 6371 6365 -1 6369 6368 6372 -1 6373 6370 6369 -1 6371 6370 6373 -1 6374 6373 6369 -1 6374 6369 6372 -1 6375 6371 6373 -1 6376 6373 6374 -1 6375 6373 6377 -1 6376 6377 6373 -1 6378 6375 6379 -1 6377 6379 6375 -1 6380 6378 6379 -1 6381 6379 6377 -1 6374 6372 6382 -1 6383 6378 6380 -1 6384 6383 6380 -1 6377 6376 6385 -1 6381 6377 6385 -1 6380 6386 6384 -1 6376 6374 6382 -1 6381 6387 6379 -1 6387 6380 6379 -1 6376 6382 6388 -1 6388 6382 6389 -1 6376 6388 6390 -1 6385 6376 6390 -1 6381 6385 6391 -1 6388 6389 6392 -1 6393 6385 6390 -1 6394 6386 6380 -1 6395 6386 6394 -1 6396 6390 6388 -1 6385 6393 6391 -1 6394 6380 6397 -1 6398 6394 6397 -1 6399 6400 6401 -1 6400 6395 6401 -1 6391 6402 6381 -1 6381 6402 6403 -1 6387 6381 6403 -1 6380 6387 6397 -1 6399 6404 6405 -1 6395 6394 6406 -1 6406 6401 6395 -1 6392 6396 6388 -1 6407 6402 6391 -1 6387 6403 6397 -1 6406 6394 6398 -1 6401 6406 6408 -1 6392 6409 6396 -1 6393 6390 6396 -1 6410 6407 6391 -1 6401 6411 6399 -1 6404 6399 6411 -1 6412 6393 6396 -1 6391 6393 6410 -1 6406 6398 6413 -1 6414 6408 6406 -1 6411 6401 6408 -1 6403 6402 6398 -1 6415 6406 6413 -1 6406 6415 6414 -1 6409 6392 6416 -1 6393 6412 6417 -1 6393 6417 6410 -1 6398 6397 6403 -1 6418 6398 6402 -1 6409 6412 6396 -1 6418 6402 6407 -1 6408 6414 6419 -1 6420 6410 6417 -1 6410 6421 6407 -1 6418 6407 6421 -1 6398 6418 6413 -1 6422 6413 6423 -1 6422 6415 6413 -1 6415 6424 6414 -1 6414 6424 6419 -1 6409 6416 6425 -1 6425 6412 6409 -1 6425 6417 6412 -1 6421 6410 6426 -1 6427 6418 6421 -1 6423 6418 6427 -1 6423 6413 6418 -1 6428 6411 6408 -1 6404 6411 6428 -1 6416 6429 6425 -1 6430 6425 6431 -1 6430 6417 6425 -1 6430 6432 6417 -1 6417 6432 6420 -1 6426 6410 6420 -1 6433 6422 6423 -1 6425 6429 6431 -1 6428 6408 6419 -1 6422 6433 6415 -1 6415 6433 6424 -1 6430 6431 6434 -1 6430 6434 6432 -1 6420 6432 6435 -1 6421 6426 6436 -1 6427 6421 6436 -1 6433 6423 6427 -1 6420 6435 6437 -1 6427 6438 6433 -1 6419 6424 6439 -1 6426 6420 6437 -1 6426 6437 6436 -1 6438 6427 6436 -1 6439 6424 6433 -1 6431 6429 6440 -1 6434 6431 6440 -1 6432 6434 6441 -1 6442 6419 6439 -1 6443 6440 6429 -1 6435 6432 6441 -1 6438 6444 6433 -1 6433 6444 6439 -1 6441 6434 6440 -1 6445 6438 6436 -1 6446 6439 6444 -1 6442 6439 6446 -1 6447 6440 6443 -1 6436 6437 6445 -1 6448 6441 6440 -1 6435 6441 6449 -1 6449 6450 6435 -1 6437 6435 6450 -1 6451 6438 6445 -1 6438 6451 6452 -1 6438 6452 6444 -1 6447 6453 6440 -1 6453 6448 6440 -1 6448 6453 6454 -1 6441 6448 6449 -1 6445 6437 6450 -1 6453 6447 6455 -1 6456 6450 6449 -1 6457 6445 6450 -1 6444 6452 6458 -1 6444 6458 6446 -1 6453 6459 6454 -1 6449 6448 6460 -1 6451 6445 6457 -1 6461 6452 6451 -1 6459 6453 6455 -1 6458 6452 6461 -1 6454 6460 6448 -1 6449 6460 6456 -1 6460 6454 6459 -1 6461 6451 6457 -1 6456 6460 6462 -1 6463 6461 6457 -1 6460 6459 6462 -1 6457 6450 6464 -1 6450 6456 6464 -1 6465 6461 6463 -1 6458 6461 6465 -1 6459 6466 6462 -1 6456 6462 6467 -1 6456 6467 6464 -1 6457 6468 6463 -1 6468 6457 6464 -1 6466 6467 6462 -1 6469 6463 6468 -1 6465 6463 6469 -1 6467 6466 6470 -1 6470 6471 6467 -1 6471 6464 6467 -1 6472 6464 6471 -1 6472 6471 6473 -1 6468 6464 6472 -1 6472 6474 6468 -1 6471 6470 6473 -1 6469 6468 6474 -1 6475 6472 6473 -1 6474 6472 6475 -1 6476 6477 6478 -1 6477 6476 6479 -1 6479 6480 6477 -1 6481 6482 6483 -1 6480 6483 6482 -1 6478 6477 6484 -1 6477 6480 6482 -1 6477 6482 6484 -1 6483 6485 6481 -1 6484 6482 6486 -1 6482 6481 6487 -1 6488 6481 6489 -1 6487 6481 6488 -1 6484 6486 6490 -1 6481 6485 6489 -1 6482 6487 6486 -1 6489 6485 6491 -1 6488 6489 6492 -1 6493 6487 6488 -1 6493 6486 6487 -1 6486 6494 6490 -1 6493 6488 6492 -1 6492 6489 6491 -1 6493 6495 6486 -1 6496 6495 6493 -1 6491 6497 6498 -1 6493 6492 6496 -1 6486 6495 6494 -1 6498 6492 6491 -1 6495 6499 6494 -1 6500 6494 6499 -1 6501 6500 6499 -1 6502 6497 6503 -1 6498 6497 6502 -1 6496 6492 6504 -1 6495 6496 6505 -1 6498 6502 6506 -1 6507 6495 6505 -1 6499 6495 6507 -1 6499 6507 6501 -1 6498 6504 6492 -1 6506 6504 6498 -1 6504 6505 6496 -1 6508 6501 6507 -1 6502 6503 6509 -1 6510 6509 6503 -1 6511 6512 6513 -1 6514 6515 6516 -1 6515 6506 6516 -1 6505 6504 6517 -1 6518 6519 6520 -1 6514 6512 6521 -1 6513 6512 6514 -1 6516 6509 6513 -1 6516 6513 6514 -1 6522 6515 6514 -1 6506 6515 6522 -1 6522 6504 6506 -1 6502 6509 6516 -1 6516 6506 6502 -1 6523 6524 6525 -1 6504 6522 6517 -1 6526 6527 6528 -1 6511 6509 6529 -1 6508 6507 6530 -1 6513 6509 6511 -1 6514 6521 6531 -1 6531 6524 6522 -1 6517 6522 6524 -1 6524 6523 6532 -1 6505 6533 6507 -1 6525 6534 6535 -1 6530 6532 6526 -1 6525 6524 6531 -1 6530 6507 6533 -1 6522 6514 6531 -1 6530 6528 6508 -1 6532 6517 6524 -1 6533 6505 6517 -1 6536 6537 6538 -1 6537 6536 6539 -1 6521 6540 6541 -1 6541 6540 6542 -1 6537 6543 6538 -1 6543 6527 6544 -1 6521 6541 6531 -1 6544 6527 6526 -1 6542 6545 6541 -1 6531 6541 6545 -1 6537 6527 6543 -1 6546 6547 6542 -1 6527 6537 6539 -1 6548 6520 6549 -1 6520 6538 6549 -1 6547 6534 6542 -1 6534 6547 6535 -1 6545 6542 6534 -1 6545 6534 6525 -1 6531 6545 6525 -1 6520 6536 6538 -1 6519 6536 6520 -1 6533 6532 6530 -1 6528 6530 6526 -1 6546 6550 6547 -1 6548 6549 6550 -1 6550 6549 6538 -1 6547 6550 6535 -1 6544 6525 6535 -1 6538 6535 6550 -1 6538 6543 6535 -1 6544 6535 6543 -1 6523 6525 6544 -1 6523 6544 6532 -1 6526 6532 6544 -1 6517 6532 6533 -1 6551 6552 6553 -1 6554 6553 6552 -1 6555 6554 6552 -1 6556 6554 6555 -1 6555 6557 6556 -1 6558 6559 6560 -1 6561 6562 6551 -1 6563 6557 6555 -1 6558 6564 6559 -1 6562 6552 6551 -1 6565 6563 6555 -1 6566 6567 6568 -1 6569 6563 6565 -1 6570 6569 6571 -1 6567 6570 6571 -1 6571 6568 6567 -1 6572 6561 6573 -1 6555 6552 6574 -1 6555 6575 6565 -1 6571 6569 6565 -1 6558 6560 6576 -1 6562 6561 6572 -1 6574 6552 6562 -1 6577 6564 6578 -1 6575 6555 6579 -1 6565 6580 6571 -1 6581 6566 6568 -1 6560 6566 6576 -1 6558 6578 6564 -1 6574 6579 6555 -1 6576 6566 6581 -1 6558 6576 6582 -1 6578 6583 6577 -1 6583 6584 6577 -1 6585 6571 6580 -1 6558 6582 6578 -1 6580 6565 6575 -1 6573 6586 6572 -1 6579 6587 6575 -1 6588 6575 6587 -1 6571 6585 6568 -1 6572 6586 6589 -1 6590 6562 6572 -1 6574 6562 6590 -1 6578 6582 6591 -1 6591 6592 6578 -1 6590 6572 6589 -1 6578 6592 6583 -1 6574 6590 6593 -1 6583 6594 6584 -1 6579 6574 6593 -1 6581 6568 6595 -1 6576 6581 6596 -1 6597 6580 6575 -1 6568 6585 6595 -1 6576 6598 6582 -1 6591 6582 6598 -1 6589 6586 6599 -1 6588 6597 6575 -1 6600 6581 6595 -1 6576 6596 6601 -1 6576 6601 6598 -1 6589 6599 6602 -1 6589 6593 6590 -1 6579 6593 6603 -1 6587 6579 6603 -1 6585 6580 6597 -1 6595 6585 6604 -1 6581 6600 6596 -1 6602 6599 6605 -1 6602 6593 6589 -1 6606 6588 6587 -1 6599 6607 6605 -1 6583 6592 6608 -1 6608 6594 6583 -1 6588 6606 6609 -1 6597 6588 6609 -1 6585 6597 6604 -1 6598 6601 6610 -1 6611 6605 6607 -1 6605 6612 6602 -1 6593 6602 6612 -1 6594 6608 6613 -1 6614 6594 6613 -1 6587 6603 6606 -1 6615 6597 6609 -1 6604 6597 6615 -1 6600 6595 6604 -1 6601 6596 6616 -1 6600 6616 6596 -1 6601 6617 6610 -1 6598 6610 6591 -1 6593 6612 6603 -1 6609 6606 6618 -1 6611 6619 6605 -1 6619 6611 6620 -1 6605 6619 6612 -1 6608 6592 6621 -1 6603 6612 6622 -1 6606 6603 6622 -1 6609 6618 6615 -1 6591 6621 6592 -1 6600 6623 6616 -1 6612 6619 6624 -1 6625 6622 6612 -1 6606 6622 6626 -1 6606 6626 6627 -1 6618 6606 6627 -1 6591 6628 6621 -1 6620 6624 6619 -1 6629 6613 6608 -1 6615 6630 6604 -1 6614 6613 6629 -1 6623 6604 6630 -1 6604 6623 6600 -1 6631 6616 6623 -1 6624 6632 6612 -1 6616 6633 6601 -1 6591 6610 6628 -1 6622 6625 6626 -1 6626 6625 6634 -1 6629 6608 6621 -1 6634 6627 6626 -1 6630 6618 6627 -1 6615 6618 6630 -1 6635 6636 6637 -1 6633 6616 6631 -1 6633 6617 6601 -1 6638 6624 6620 -1 6628 6610 6617 -1 6632 6625 6612 -1 6639 6625 6640 -1 6634 6625 6639 -1 6641 6617 6642 -1 6635 6643 6644 -1 6644 6645 6635 -1 6621 6628 6641 -1 6621 6641 6629 -1 6645 6646 6635 -1 6635 6646 6636 -1 6647 6614 6629 -1 6614 6647 6648 -1 6627 6634 6649 -1 6650 6648 6647 -1 6627 6649 6630 -1 6630 6649 6637 -1 6651 6639 6640 -1 6637 6643 6635 -1 6634 6639 6651 -1 6634 6651 6652 -1 6649 6634 6652 -1 6623 6637 6636 -1 6653 6620 6654 -1 6653 6638 6620 -1 6655 6623 6636 -1 6652 6656 6657 -1 6651 6656 6652 -1 6653 6654 6658 -1 6637 6623 6630 -1 6638 6632 6624 -1 6657 6649 6652 -1 6659 6660 6661 -1 6625 6632 6640 -1 6660 6659 6662 -1 6655 6636 6663 -1 6655 6631 6623 -1 6617 6633 6642 -1 6664 6658 6654 -1 6665 6666 6667 -1 6668 6667 6666 -1 6664 6669 6670 -1 6667 6671 6665 -1 6672 6665 6671 -1 6645 6673 6674 -1 6645 6674 6646 -1 6670 6675 6676 -1 6658 6664 6670 -1 6676 6675 6677 -1 6670 6676 6658 -1 6677 6658 6676 -1 6651 6640 6678 -1 6638 6653 6640 -1 6638 6640 6632 -1 6636 6646 6663 -1 6653 6658 6677 -1 6653 6677 6678 -1 6640 6653 6678 -1 6646 6674 6679 -1 6678 6677 6656 -1 6680 6675 6681 -1 6674 6682 6660 -1 6677 6675 6680 -1 6679 6674 6660 -1 6660 6662 6679 -1 6656 6651 6678 -1 6683 6684 6685 -1 6641 6647 6629 -1 6649 6657 6643 -1 6670 6669 6686 -1 6680 6681 6687 -1 6663 6631 6655 -1 6686 6684 6683 -1 6670 6686 6688 -1 6683 6689 6686 -1 6686 6689 6688 -1 6690 6633 6663 -1 6687 6668 6680 -1 6689 6691 6688 -1 6663 6633 6631 -1 6671 6691 6689 -1 6668 6687 6667 -1 6657 6656 6644 -1 6643 6657 6644 -1 6628 6617 6641 -1 6680 6668 6692 -1 6668 6673 6692 -1 6645 6692 6673 -1 6644 6692 6645 -1 6643 6637 6649 -1 6671 6689 6693 -1 6667 6691 6671 -1 6687 6691 6667 -1 6668 6694 6673 -1 6666 6694 6668 -1 6666 6665 6695 -1 6694 6695 6696 -1 6666 6695 6694 -1 6671 6693 6672 -1 6673 6694 6682 -1 6674 6673 6682 -1 6675 6670 6688 -1 6663 6646 6679 -1 6697 6698 6672 -1 6672 6699 6665 -1 6672 6698 6699 -1 6699 6696 6695 -1 6699 6698 6696 -1 6683 6700 6701 -1 6700 6702 6701 -1 6696 6703 6694 -1 6704 6698 6705 -1 6682 6694 6703 -1 6703 6706 6682 -1 6698 6703 6696 -1 6701 6702 6707 -1 6703 6698 6704 -1 6708 6689 6707 -1 6681 6675 6688 -1 6701 6689 6683 -1 6689 6701 6707 -1 6680 6656 6677 -1 6706 6703 6704 -1 6692 6656 6680 -1 6681 6688 6691 -1 6681 6691 6687 -1 6656 6692 6644 -1 6660 6682 6661 -1 6663 6679 6662 -1 6661 6682 6706 -1 6663 6662 6690 -1 6665 6699 6695 -1 6708 6693 6689 -1 6709 6697 6708 -1 6693 6708 6697 -1 6672 6693 6697 -1 6698 6697 6705 -1 6710 6711 6712 -1 6711 6713 6714 -1 6713 6715 6714 -1 6716 6717 6718 -1 6719 6720 6716 -1 6716 6720 6717 -1 6717 6720 6721 -1 6722 6723 6724 -1 6725 6723 6726 -1 6724 6723 6727 -1 6728 6729 6730 -1 6730 6731 6728 -1 6728 6732 6729 -1 6729 6732 6733 -1 6729 6734 6730 -1 6735 6718 6736 -1 6736 6718 6717 -1 6733 6732 6737 -1 6733 6716 6718 -1 6719 6738 6720 -1 6720 6738 6721 -1 6733 6737 6739 -1 6740 6737 6732 -1 6737 6740 6741 -1 6733 6739 6716 -1 6742 6722 6724 -1 6716 6739 6719 -1 6726 6723 6722 -1 6742 6743 6722 -1 6711 6714 6712 -1 6722 6743 6744 -1 6745 6721 6738 -1 6746 6732 6728 -1 6747 6715 6748 -1 6734 6729 6735 -1 6749 6727 6723 -1 6750 6734 6735 -1 6729 6718 6735 -1 6718 6729 6733 -1 6735 6736 6750 -1 6750 6736 6751 -1 6746 6752 6732 -1 6732 6752 6740 -1 6753 6740 6752 -1 6740 6754 6741 -1 6737 6741 6739 -1 6738 6739 6741 -1 6739 6738 6719 -1 6755 6753 6756 -1 6755 6756 6757 -1 6758 6710 6712 -1 6726 6759 6725 -1 6760 6725 6759 -1 6761 6712 6714 -1 6759 6726 6744 -1 6744 6726 6722 -1 6755 6740 6753 -1 6754 6740 6755 -1 6754 6755 6762 -1 6759 6763 6752 -1 6743 6764 6765 -1 6765 6766 6743 -1 6767 6760 6746 -1 6731 6767 6746 -1 6760 6759 6752 -1 6760 6752 6746 -1 6746 6728 6731 -1 6767 6725 6760 -1 6768 6769 6770 -1 6771 6772 6773 -1 6764 6768 6774 -1 6743 6768 6764 -1 6775 6776 6777 -1 6778 6776 6775 -1 6778 6712 6756 -1 6765 6764 6779 -1 6779 6780 6765 -1 6755 6757 6762 -1 6756 6712 6761 -1 6756 6761 6757 -1 6780 6771 6765 -1 6773 6772 6777 -1 6770 6781 6782 -1 6783 6769 6724 -1 6758 6777 6710 -1 6781 6770 6769 -1 6727 6783 6724 -1 6758 6775 6777 -1 6778 6775 6758 -1 6769 6768 6724 -1 6724 6768 6742 -1 6782 6784 6770 -1 6778 6758 6712 -1 6768 6770 6784 -1 6714 6715 6747 -1 6742 6768 6743 -1 6754 6785 6741 -1 6738 6741 6785 -1 6784 6774 6768 -1 6766 6744 6743 -1 6785 6754 6762 -1 6786 6762 6757 -1 6761 6787 6786 -1 6785 6762 6788 -1 6759 6744 6763 -1 6786 6788 6762 -1 6789 6788 6786 -1 6786 6787 6789 -1 6745 6738 6785 -1 6788 6745 6785 -1 6763 6790 6791 -1 6763 6791 6753 -1 6761 6792 6787 -1 6793 6787 6792 -1 6793 6792 6794 -1 6752 6763 6753 -1 6783 6781 6769 -1 6771 6766 6765 -1 6764 6774 6779 -1 6776 6766 6773 -1 6790 6766 6776 -1 6773 6766 6771 -1 6753 6791 6790 -1 6795 6796 6774 -1 6776 6778 6790 -1 6753 6790 6778 -1 6778 6756 6753 -1 6779 6774 6796 -1 6786 6757 6761 -1 6776 6773 6777 -1 6797 6779 6796 -1 6792 6714 6747 -1 6761 6714 6792 -1 6780 6798 6771 -1 6792 6747 6794 -1 6794 6747 6748 -1 6744 6790 6763 -1 6744 6766 6790 -1 6784 6795 6774 -1 6799 6800 6801 -1 6802 6799 6801 -1 6801 6800 6803 -1 6801 6804 6802 -1 6801 6805 6804 -1 6806 6804 6807 -1 6808 6806 6807 -1 6809 6808 6807 -1 6803 6810 6801 -1 6801 6810 6805 -1 6807 6804 6811 -1 6807 6812 6809 -1 6803 6813 6810 -1 6804 6805 6811 -1 6807 6814 6812 -1 6814 6815 6812 -1 6816 6815 6814 -1 6817 6815 6816 -1 6816 6818 6817 -1 6811 6814 6807 -1 6819 6817 6818 -1 6820 6805 6810 -1 6813 6821 6810 -1 6820 6810 6821 -1 6822 6814 6811 -1 6816 6814 6822 -1 6821 6813 6823 -1 6818 6816 6824 -1 6823 6825 6821 -1 6811 6805 6826 -1 6822 6811 6826 -1 6816 6822 6824 -1 6827 6824 6828 -1 6818 6824 6827 -1 6826 6805 6820 -1 6824 6822 6829 -1 6820 6821 6830 -1 6826 6820 6830 -1 6819 6818 6831 -1 6824 6829 6832 -1 6830 6821 6825 -1 6833 6819 6831 -1 6832 6828 6824 -1 6825 6823 6834 -1 6829 6822 6835 -1 6818 6827 6831 -1 6836 6832 6829 -1 6832 6837 6828 -1 6830 6825 6838 -1 6839 6826 6830 -1 6822 6826 6839 -1 6835 6822 6839 -1 6829 6835 6836 -1 6840 6831 6827 -1 6828 6840 6827 -1 6841 6842 6843 -1 6836 6835 6844 -1 6845 6846 6836 -1 6836 6847 6832 -1 6837 6832 6847 -1 6834 6838 6825 -1 6838 6834 6848 -1 6830 6838 6839 -1 6835 6839 6849 -1 6849 6844 6835 -1 6841 6850 6851 -1 6841 6843 6852 -1 6853 6852 6843 -1 6854 6842 6855 -1 6842 6853 6843 -1 6844 6856 6857 -1 6836 6844 6857 -1 6845 6836 6857 -1 6858 6859 6845 -1 6846 6845 6859 -1 6859 6858 6860 -1 6860 6858 6861 -1 6860 6861 6862 -1 6863 6857 6856 -1 6864 6858 6845 -1 6861 6858 6865 -1 6866 6867 6868 -1 6849 6869 6867 -1 6844 6867 6856 -1 6849 6867 6844 -1 6870 6841 6852 -1 6842 6841 6851 -1 6856 6867 6871 -1 6863 6856 6871 -1 6872 6864 6845 -1 6845 6857 6872 -1 6865 6858 6864 -1 6848 6839 6838 -1 6873 6874 6875 -1 6876 6875 6877 -1 6878 6873 6869 -1 6839 6848 6878 -1 6878 6849 6839 -1 6849 6878 6869 -1 6869 6868 6867 -1 6879 6880 6881 -1 6850 6880 6882 -1 6850 6841 6870 -1 6855 6842 6851 -1 6866 6871 6867 -1 6870 6852 6871 -1 6871 6852 6863 -1 6883 6853 6842 -1 6883 6842 6854 -1 6873 6878 6884 -1 6878 6848 6884 -1 6869 6873 6868 -1 6875 6885 6873 -1 6875 6881 6885 -1 6881 6880 6885 -1 6885 6866 6868 -1 6866 6885 6870 -1 6850 6885 6880 -1 6885 6850 6870 -1 6879 6882 6880 -1 6875 6876 6881 -1 6851 6850 6882 -1 6871 6866 6870 -1 6886 6879 6881 -1 6853 6887 6852 -1 6883 6887 6853 -1 6852 6887 6863 -1 6857 6863 6887 -1 6887 6872 6857 -1 6883 6854 6888 -1 6888 6865 6889 -1 6889 6864 6872 -1 6889 6865 6864 -1 6874 6873 6884 -1 6873 6885 6868 -1 6881 6890 6886 -1 6891 6879 6886 -1 6879 6891 6892 -1 6892 6893 6879 -1 6882 6879 6893 -1 6851 6882 6855 -1 6894 6886 6895 -1 6872 6887 6883 -1 6883 6889 6872 -1 6896 6876 6897 -1 6888 6889 6883 -1 6896 6895 6898 -1 6898 6890 6896 -1 6898 6895 6886 -1 6886 6890 6898 -1 6890 6876 6896 -1 6881 6876 6890 -1 6891 6886 6894 -1 6894 6899 6891 -1 6896 6900 6895 -1 6897 6900 6896 -1 6901 6902 6903 -1 6904 6903 6905 -1 6902 6901 6906 -1 6904 6901 6903 -1 6905 6903 6907 -1 6906 6901 6904 -1 6908 6909 6910 -1 6902 6906 6911 -1 6903 6902 6912 -1 6909 6908 6913 -1 6910 6909 6914 -1 6907 6903 6912 -1 6913 6908 6915 -1 6908 6910 6916 -1 6917 6918 6916 -1 6919 6918 6917 -1 6918 6919 6920 -1 6921 6918 6922 -1 6921 6916 6918 -1 6923 6924 6925 -1 6926 6925 6924 -1 6912 6902 6911 -1 6927 6928 6929 -1 6917 6916 6910 -1 6914 6909 6913 -1 6910 6914 6930 -1 6927 6931 6932 -1 6932 6931 6933 -1 6934 6935 6936 -1 6937 6935 6925 -1 6935 6934 6925 -1 6913 6915 6938 -1 6913 6939 6914 -1 6925 6934 6923 -1 6917 6910 6930 -1 6924 6923 6940 -1 6941 6924 6940 -1 6914 6939 6936 -1 6927 6935 6937 -1 6914 6936 6935 -1 6930 6914 6935 -1 6927 6937 6928 -1 6931 6927 6929 -1 6932 6917 6930 -1 6919 6917 6932 -1 6942 6931 6929 -1 6937 6925 6926 -1 6926 6928 6937 -1 6932 6930 6935 -1 6926 6929 6928 -1 6935 6927 6932 -1 6942 6929 6943 -1 6941 6926 6924 -1 6941 6944 6926 -1 6944 6929 6926 -1 6943 6929 6944 -1 6915 6908 6945 -1 6908 6916 6945 -1 6946 6947 6915 -1 6948 6946 6915 -1 6915 6949 6948 -1 6945 6949 6915 -1 6922 6945 6921 -1 6945 6916 6921 -1 6947 6911 6906 -1 6906 6938 6947 -1 6950 6912 6911 -1 6951 6907 6952 -1 6938 6906 6904 -1 6904 6905 6938 -1 6938 6953 6913 -1 6953 6938 6954 -1 6951 6905 6907 -1 6938 6905 6951 -1 6939 6953 6955 -1 6956 6953 6954 -1 6956 6955 6953 -1 6939 6913 6953 -1 6957 6956 6954 -1 6956 6957 6958 -1 6959 6958 6957 -1 6958 6960 6956 -1 6956 6934 6955 -1 6934 6936 6955 -1 6956 6960 6934 -1 6923 6934 6960 -1 6961 6946 6948 -1 6961 6962 6946 -1 6947 6963 6950 -1 6946 6962 6963 -1 6963 6947 6946 -1 6964 6952 6950 -1 6950 6952 6912 -1 6952 6907 6912 -1 6964 6965 6966 -1 6966 6952 6964 -1 6950 6911 6947 -1 6947 6938 6915 -1 6951 6954 6938 -1 6954 6951 6957 -1 6939 6955 6936 -1 6952 6957 6951 -1 6967 6968 6969 -1 6970 6971 6972 -1 6967 6973 6974 -1 6967 6974 6975 -1 6975 6968 6967 -1 6968 6976 6969 -1 6968 6975 6977 -1 6976 6968 6977 -1 6970 6978 6979 -1 6980 6981 6972 -1 6972 6981 6978 -1 6978 6970 6972 -1 6980 6972 6973 -1 6973 6972 6971 -1 6970 6982 6971 -1 6983 6982 6984 -1 6974 6971 6982 -1 6971 6974 6973 -1 6974 6982 6975 -1 6975 6982 6983 -1 6975 6983 6977 -1 6978 6985 6979 -1 6970 6979 6986 -1 6981 6987 6985 -1 6981 6988 6987 -1 6981 6985 6978 -1 6982 6970 6986 -1 6984 6982 6986 -1 6989 6984 6990 -1 6983 6984 6989 -1 6984 6991 6990 -1 6986 6991 6984 -1 6992 6993 6994 -1 6995 6993 6992 -1 6992 6994 6996 -1 6995 6992 6997 -1 6992 6996 6998 -1 6997 6992 6998 -1 6999 6997 6998 -1 7000 7001 7002 -1 7001 7000 7003 -1 7002 7004 7000 -1 7000 7005 7003 -1 7006 7003 7007 -1 7008 7006 7007 -1 7009 7003 7005 -1 7003 7009 7007 -1 7008 7007 7010 -1 7005 7011 7009 -1 7000 7004 7012 -1 7012 7004 7013 -1 7005 7000 7012 -1 7010 7007 7014 -1 7005 7012 7015 -1 7005 7015 7011 -1 7007 7009 7014 -1 7016 7010 7014 -1 7016 7017 7010 -1 7009 7011 7014 -1 7018 7019 7016 -1 7014 7011 7020 -1 7014 7018 7016 -1 7014 7020 7018 -1 7021 7012 7013 -1 7011 7015 7022 -1 7023 7018 7024 -1 7011 7022 7024 -1 7020 7024 7018 -1 7015 7012 7021 -1 7011 7024 7020 -1 7024 7022 7025 -1 7024 7026 7023 -1 7026 7024 7025 -1 7027 7028 7029 -1 7028 7027 7030 -1 7031 7030 7027 -1 7030 7031 7032 -1 7033 7029 7028 -1 7034 7033 7028 -1 7029 7035 7027 -1 7027 7035 7036 -1 7031 7027 7036 -1 7037 7036 7035 -1 7033 7034 7038 -1 7035 7029 7039 -1 7037 7035 7040 -1 7041 7035 7039 -1 7039 7029 7033 -1 7038 7042 7033 -1 7043 7041 7039 -1 7035 7041 7044 -1 7040 7035 7044 -1 7039 7042 7043 -1 7039 7033 7042 -1 7041 7045 7044 -1 7045 7041 7046 -1 7045 7047 7044 -1 7040 7044 7047 -1 7043 7046 7041 -1 7045 7046 7048 -1 7049 7040 7047 -1 7050 7043 7042 -1 7043 7050 7046 -1 7047 7045 7051 -1 7046 7050 7048 -1 7049 7047 7051 -1 7045 7048 7052 -1 7045 7052 7051 -1 7050 7042 7053 -1 7054 7048 7050 -1 7053 7054 7050 -1 7048 7054 7052 -1 7055 7056 7057 -1 7058 7056 7055 -1 7057 7059 7060 -1 7061 7058 7055 -1 7061 7055 7062 -1 7063 7057 7060 -1 7057 7063 7055 -1 7064 7062 7065 -1 7063 7060 7066 -1 7055 7063 7062 -1 7064 7065 7067 -1 7068 7067 7065 -1 7062 7063 7069 -1 7063 7066 7070 -1 7065 7062 7071 -1 7072 7063 7070 -1 7063 7072 7069 -1 7062 7069 7071 -1 7071 7073 7065 -1 7074 7071 7069 -1 7069 7072 7075 -1 7075 7074 7069 -1 7071 7074 7073 -1 7075 7072 7076 -1 7077 7078 7073 -1 7074 7079 7073 -1 7074 7075 7080 -1 7076 7081 7075 -1 7079 7077 7073 -1 7079 7074 7082 -1 7079 7082 7077 -1 7080 7082 7074 -1 7083 7084 7085 -1 7085 7084 7086 -1 7087 7088 7089 -1 7089 7090 7087 -1 7090 7089 7091 -1 7092 7093 7088 -1 7084 7093 7094 -1 7090 7091 7095 -1 7087 7090 7096 -1 7093 7092 7097 -1 7094 7093 7097 -1 7088 7087 7092 -1 7098 7099 7100 -1 7100 7087 7098 -1 7096 7098 7087 -1 7100 7092 7087 -1 7094 7097 7101 -1 7094 7086 7084 -1 7090 7095 7096 -1 7098 7096 7102 -1 7097 7092 7100 -1 7103 7104 7100 -1 7095 7102 7096 -1 7097 7100 7104 -1 7099 7103 7100 -1 7105 7097 7104 -1 7105 7101 7097 -1 7086 7094 7106 -1 7105 7104 7107 -1 7094 7101 7108 -1 7106 7094 7108 -1 7104 7103 7107 -1 7108 7101 7105 -1 7107 7109 7105 -1 7110 7109 7107 -1 7108 7105 7109 -1 7107 7103 7111 -1 7107 7111 7110 -1 7112 7109 7110 -1 7108 7109 7112 -1 7113 7114 7115 -1 7115 7116 7117 -1 7115 7118 7113 -1 7113 7118 7119 -1 7114 7116 7115 -1 7113 7119 7120 -1 7114 7113 7121 -1 7113 7120 7121 -1 7116 7114 7122 -1 7115 7117 7123 -1 7120 7119 7124 -1 7122 7114 7121 -1 7122 7125 7116 -1 7122 7121 7126 -1 7121 7127 7126 -1 7128 7120 7124 -1 7123 7117 7129 -1 7117 7116 7125 -1 7129 7117 7125 -1 7127 7130 7126 -1 7123 7129 7131 -1 7122 7126 7132 -1 7125 7122 7132 -1 7132 7126 7130 -1 7132 7130 7133 -1 7133 7134 7132 -1 7125 7132 7135 -1 7135 7129 7125 -1 7134 7135 7132 -1 7136 7137 7138 -1 7139 7136 7140 -1 7141 7139 7140 -1 7138 7142 7136 -1 7138 7143 7142 -1 7142 7140 7136 -1 7144 7145 7146 -1 7147 7140 7145 -1 7145 7140 7146 -1 7146 7140 7142 -1 7140 7147 7148 -1 7140 7148 7141 -1 7142 7143 7149 -1 7142 7149 7141 -1 7146 7150 7144 -1 7147 7151 7148 -1 7152 7148 7151 -1 7142 7141 7153 -1 7152 7141 7148 -1 7141 7152 7154 -1 7155 7144 7150 -1 7142 7156 7146 -1 7141 7154 7153 -1 7152 7151 7157 -1 7142 7153 7156 -1 7156 7150 7146 -1 7158 7150 7156 -1 7159 7160 7161 -1 7162 7163 7160 -1 7160 7164 7162 -1 7160 7163 7165 -1 7166 7164 7159 -1 7159 7164 7160 -1 7165 7167 7168 -1 7165 7163 7169 -1 7168 7167 7170 -1 7165 7169 7167 -1 7169 7170 7167 -1 7169 7171 7170 -1 7172 7169 7163 -1 7173 7170 7171 -1 7171 7169 7172 -1 7173 7171 7174 -1 7175 7173 7176 -1 7173 7174 7176 -1 7177 7178 7179 -1 7178 7180 7181 -1 7180 7182 7181 -1 7183 7182 7184 -1 7185 7183 7184 -1 7180 7178 7177 -1 7184 7182 7186 -1 7180 7186 7182 -1 7179 7187 7177 -1 7177 7188 7180 -1 7188 7186 7180 -1 7189 7187 7179 -1 7190 7187 7189 -1 7177 7191 7188 -1 7187 7191 7177 -1 7192 7187 7190 -1 7191 7187 7192 -1 7192 7190 7193 -1 7193 7194 7192 -1 7191 7192 7194 -1 7191 7194 7195 -1 7188 7191 7195 -1 7196 7195 7194 -1 7194 7197 7196 -1" coordIndex="0 1 2 -1 3 0 2 -1 4 5 6 -1 5 7 6 -1 8 9 10 -1 11 12 13 -1 0 14 1 -1 15 16 9 -1 17 18 19 -1 20 16 15 -1 21 19 18 -1 6 7 22 -1 23 24 25 -1 26 16 20 -1 27 28 29 -1 30 31 10 -1 32 23 25 -1 16 26 33 -1 31 30 34 -1 35 7 36 -1 37 38 39 -1 40 41 7 -1 42 16 33 -1 39 38 43 -1 7 35 22 -1 44 22 35 -1 45 46 47 -1 43 38 48 -1 35 36 49 -1 33 50 42 -1 39 43 51 -1 52 32 53 -1 43 54 51 -1 55 16 42 -1 56 27 21 -1 57 48 58 -1 21 59 56 -1 60 61 62 -1 63 52 53 -1 1 64 44 -1 46 65 47 -1 29 65 46 -1 66 52 63 -1 67 68 69 -1 31 8 10 -1 62 61 70 -1 65 29 71 -1 72 73 74 -1 49 75 44 -1 63 76 66 -1 77 78 79 -1 78 77 80 -1 55 18 17 -1 81 14 0 -1 82 80 77 -1 83 81 0 -1 68 67 13 -1 3 83 0 -1 13 84 85 -1 55 42 86 -1 76 87 88 -1 89 11 90 -1 18 55 86 -1 8 15 9 -1 1 91 2 -1 1 44 91 -1 92 93 11 -1 11 89 92 -1 13 94 11 -1 41 36 7 -1 90 11 94 -1 95 36 41 -1 96 95 41 -1 54 97 79 -1 97 48 57 -1 98 19 99 -1 89 100 101 -1 79 97 77 -1 99 19 21 -1 97 57 77 -1 102 21 18 -1 93 92 41 -1 103 9 104 -1 4 105 57 -1 41 92 96 -1 4 57 106 -1 92 107 96 -1 108 98 46 -1 109 17 104 -1 46 98 29 -1 103 110 111 -1 105 4 112 -1 99 21 27 -1 27 98 99 -1 112 4 6 -1 27 29 98 -1 57 84 12 -1 84 13 12 -1 57 12 106 -1 113 112 114 -1 5 106 12 -1 103 104 45 -1 45 110 103 -1 113 114 14 -1 114 1 14 -1 12 11 40 -1 11 93 40 -1 5 40 7 -1 5 12 40 -1 115 27 56 -1 116 32 25 -1 37 23 38 -1 28 27 115 -1 117 118 119 -1 115 120 28 -1 117 119 121 -1 23 37 24 -1 122 123 60 -1 124 30 125 -1 60 123 61 -1 67 60 94 -1 62 94 60 -1 61 123 88 -1 56 59 126 -1 115 56 127 -1 88 128 61 -1 127 56 126 -1 110 45 129 -1 38 23 130 -1 1 114 64 -1 61 128 70 -1 22 44 64 -1 38 130 58 -1 55 109 16 -1 58 130 68 -1 129 45 47 -1 94 62 90 -1 35 49 44 -1 131 132 133 -1 43 48 54 -1 45 134 46 -1 90 135 89 -1 50 86 42 -1 51 118 39 -1 54 48 97 -1 133 132 136 -1 10 9 137 -1 62 70 135 -1 132 138 139 -1 47 140 129 -1 55 17 109 -1 109 9 16 -1 141 24 142 -1 71 28 143 -1 38 58 48 -1 132 139 136 -1 100 135 70 -1 142 24 37 -1 135 100 89 -1 51 54 79 -1 144 143 28 -1 84 58 85 -1 137 145 30 -1 146 121 119 -1 108 134 17 -1 26 20 147 -1 19 108 17 -1 148 149 73 -1 146 150 121 -1 151 73 149 -1 52 130 32 -1 65 71 152 -1 68 130 69 -1 108 19 98 -1 130 52 69 -1 91 44 75 -1 151 150 146 -1 89 107 92 -1 65 152 153 -1 101 107 89 -1 145 154 155 -1 52 66 69 -1 143 144 156 -1 151 149 150 -1 152 71 143 -1 73 157 158 -1 122 69 66 -1 119 51 146 -1 154 145 159 -1 67 122 60 -1 69 122 67 -1 159 160 154 -1 152 143 161 -1 18 86 102 -1 67 94 13 -1 151 74 73 -1 58 68 85 -1 162 163 164 -1 146 79 78 -1 79 146 51 -1 111 145 137 -1 68 13 85 -1 34 165 31 -1 59 21 102 -1 82 105 112 -1 159 145 111 -1 151 146 74 -1 146 78 74 -1 112 113 82 -1 46 134 108 -1 103 137 9 -1 166 167 168 -1 114 112 6 -1 137 103 111 -1 82 169 72 -1 28 71 29 -1 104 9 109 -1 57 58 84 -1 138 166 139 -1 170 72 169 -1 169 14 81 -1 57 105 77 -1 78 80 74 -1 139 166 171 -1 77 105 82 -1 72 74 80 -1 72 80 82 -1 17 134 104 -1 104 134 45 -1 170 172 157 -1 157 72 170 -1 172 170 81 -1 87 76 136 -1 34 173 165 -1 4 106 5 -1 93 41 40 -1 136 76 63 -1 174 175 176 -1 177 172 174 -1 174 172 175 -1 76 88 123 -1 172 81 175 -1 122 66 76 -1 87 178 88 -1 175 81 83 -1 179 88 178 -1 180 8 176 -1 8 181 176 -1 172 158 157 -1 31 181 8 -1 158 172 177 -1 150 182 183 -1 184 182 185 -1 186 187 188 -1 116 131 53 -1 127 189 120 -1 190 50 191 -1 127 163 189 -1 83 3 192 -1 116 25 193 -1 163 127 164 -1 194 195 196 -1 30 155 125 -1 197 186 198 -1 155 30 145 -1 3 2 91 -1 187 199 188 -1 188 199 198 -1 200 125 155 -1 201 196 195 -1 32 130 23 -1 62 135 90 -1 170 169 81 -1 182 150 202 -1 30 10 137 -1 200 155 154 -1 86 190 203 -1 102 86 203 -1 204 205 206 -1 189 163 162 -1 207 194 196 -1 53 133 63 -1 133 136 63 -1 201 138 196 -1 187 141 199 -1 206 205 208 -1 70 128 100 -1 208 205 141 -1 141 142 199 -1 128 209 100 -1 116 53 32 -1 177 210 211 -1 199 142 212 -1 213 214 215 -1 205 216 217 -1 218 160 219 -1 199 212 118 -1 220 210 177 -1 219 160 221 -1 205 217 222 -1 37 212 142 -1 220 176 210 -1 167 214 223 -1 138 215 166 -1 211 165 224 -1 225 148 226 -1 201 215 138 -1 215 167 166 -1 227 228 229 -1 230 165 173 -1 160 159 231 -1 232 125 233 -1 226 148 73 -1 59 102 234 -1 168 167 235 -1 159 111 236 -1 211 224 237 -1 238 184 185 -1 111 110 236 -1 239 240 241 -1 242 185 148 -1 136 139 171 -1 233 125 200 -1 186 197 243 -1 176 181 210 -1 193 244 245 -1 171 166 168 -1 233 200 246 -1 198 118 117 -1 247 198 117 -1 120 115 127 -1 113 169 82 -1 181 31 165 -1 247 117 228 -1 169 113 14 -1 177 174 248 -1 171 87 136 -1 248 220 177 -1 87 171 168 -1 129 236 110 -1 200 154 160 -1 22 64 6 -1 245 131 193 -1 200 160 218 -1 28 120 144 -1 226 73 249 -1 6 64 114 -1 228 117 250 -1 87 251 178 -1 117 121 250 -1 248 174 176 -1 121 150 250 -1 76 123 122 -1 140 47 252 -1 65 252 47 -1 131 116 193 -1 143 156 161 -1 176 220 248 -1 118 198 199 -1 158 249 73 -1 245 132 131 -1 180 176 175 -1 39 118 212 -1 179 128 88 -1 173 34 124 -1 249 158 177 -1 212 37 39 -1 253 138 132 -1 211 249 177 -1 180 175 83 -1 51 119 118 -1 8 180 15 -1 254 140 252 -1 157 73 72 -1 131 133 53 -1 124 34 30 -1 254 252 255 -1 255 252 153 -1 153 252 65 -1 153 256 255 -1 25 24 257 -1 256 258 259 -1 258 256 153 -1 161 153 152 -1 161 258 153 -1 260 261 262 -1 263 197 264 -1 265 266 140 -1 15 267 20 -1 265 140 268 -1 183 250 150 -1 269 270 262 -1 268 140 254 -1 263 271 272 -1 127 126 164 -1 188 198 186 -1 272 243 263 -1 184 183 182 -1 128 179 273 -1 50 33 191 -1 265 268 274 -1 20 267 147 -1 271 263 275 -1 185 182 202 -1 276 218 277 -1 26 147 278 -1 263 243 197 -1 203 190 191 -1 149 202 150 -1 141 222 24 -1 273 209 128 -1 279 280 274 -1 120 189 281 -1 204 206 282 -1 185 202 148 -1 254 279 268 -1 148 202 149 -1 168 235 251 -1 210 165 211 -1 50 190 86 -1 268 279 274 -1 95 283 36 -1 100 209 101 -1 219 221 284 -1 285 279 254 -1 286 101 209 -1 36 283 49 -1 251 87 168 -1 162 287 189 -1 254 255 285 -1 221 288 284 -1 230 224 165 -1 289 102 203 -1 96 107 290 -1 227 275 228 -1 165 210 181 -1 291 292 293 -1 294 295 178 -1 232 230 173 -1 232 173 124 -1 296 293 292 -1 280 279 297 -1 101 298 107 -1 179 178 295 -1 299 234 102 -1 229 300 227 -1 232 124 125 -1 229 184 300 -1 297 301 302 -1 225 242 148 -1 225 226 303 -1 144 304 156 -1 274 284 265 -1 279 285 297 -1 180 83 267 -1 303 226 305 -1 276 306 246 -1 126 59 307 -1 184 308 300 -1 256 297 285 -1 309 304 144 -1 285 255 256 -1 205 204 310 -1 216 205 310 -1 309 311 304 -1 308 184 238 -1 221 160 288 -1 309 144 312 -1 161 156 313 -1 314 232 233 -1 160 231 288 -1 301 297 256 -1 301 256 259 -1 211 305 315 -1 236 266 159 -1 276 246 200 -1 144 120 281 -1 312 144 281 -1 238 185 242 -1 276 200 218 -1 316 317 318 -1 159 266 231 -1 231 266 265 -1 141 205 222 -1 305 211 237 -1 266 236 129 -1 140 266 129 -1 231 265 288 -1 257 222 217 -1 312 189 319 -1 228 264 247 -1 198 247 197 -1 287 162 320 -1 186 243 321 -1 287 319 189 -1 321 208 187 -1 250 229 228 -1 184 229 183 -1 287 320 319 -1 316 322 317 -1 229 250 183 -1 322 316 323 -1 208 141 187 -1 249 315 226 -1 321 187 186 -1 161 261 258 -1 324 322 323 -1 315 249 211 -1 319 325 312 -1 216 326 327 -1 328 319 320 -1 194 329 330 -1 194 327 329 -1 330 324 194 -1 331 332 260 -1 262 311 333 -1 327 194 207 -1 334 325 319 -1 323 194 324 -1 311 261 335 -1 328 334 319 -1 194 323 195 -1 261 311 262 -1 336 337 195 -1 334 328 338 -1 262 331 260 -1 162 339 320 -1 320 339 241 -1 339 239 241 -1 195 337 201 -1 138 253 196 -1 320 241 328 -1 328 241 240 -1 318 340 341 -1 328 240 342 -1 318 341 316 -1 342 338 328 -1 340 343 341 -1 341 343 344 -1 215 337 213 -1 337 215 201 -1 214 167 215 -1 216 327 244 -1 216 244 217 -1 245 244 327 -1 327 207 245 -1 245 207 132 -1 244 193 345 -1 217 244 345 -1 257 217 345 -1 257 345 25 -1 25 345 193 -1 207 253 132 -1 24 222 257 -1 219 277 218 -1 262 346 269 -1 277 219 284 -1 284 296 277 -1 347 269 346 -1 348 349 310 -1 347 350 269 -1 351 289 203 -1 207 196 253 -1 318 317 352 -1 178 251 294 -1 353 310 204 -1 354 355 347 -1 356 318 352 -1 357 355 354 -1 289 299 102 -1 358 225 359 -1 273 179 295 -1 360 361 301 -1 288 265 284 -1 269 350 362 -1 349 326 216 -1 284 363 296 -1 364 230 365 -1 301 259 360 -1 366 367 368 -1 340 318 369 -1 274 363 284 -1 370 371 372 -1 230 373 365 -1 350 347 355 -1 374 316 341 -1 375 291 293 -1 373 230 232 -1 360 259 260 -1 370 376 371 -1 343 377 378 -1 307 59 234 -1 307 379 126 -1 380 376 370 -1 370 381 382 -1 237 383 384 -1 237 303 305 -1 360 385 361 -1 341 344 386 -1 286 298 101 -1 387 388 271 -1 357 325 334 -1 389 386 344 -1 315 305 226 -1 214 386 389 -1 83 192 147 -1 280 302 390 -1 391 272 271 -1 343 378 392 -1 385 332 393 -1 162 164 394 -1 394 339 162 -1 392 344 343 -1 382 381 317 -1 344 392 389 -1 357 334 395 -1 383 237 396 -1 385 360 332 -1 246 397 233 -1 213 337 374 -1 386 213 374 -1 339 398 239 -1 348 399 349 -1 397 246 306 -1 380 370 400 -1 213 386 214 -1 401 302 402 -1 313 156 304 -1 364 396 237 -1 370 382 400 -1 224 364 237 -1 360 260 332 -1 275 263 264 -1 95 96 403 -1 324 400 382 -1 382 317 322 -1 335 304 311 -1 260 259 404 -1 322 324 382 -1 400 324 330 -1 363 274 280 -1 261 260 404 -1 404 258 261 -1 206 366 282 -1 389 223 214 -1 282 353 204 -1 297 302 280 -1 230 364 224 -1 312 281 189 -1 405 406 407 -1 267 83 147 -1 366 206 272 -1 180 267 15 -1 408 235 167 -1 294 251 235 -1 393 332 409 -1 206 208 321 -1 227 406 410 -1 333 346 262 -1 277 411 276 -1 316 336 323 -1 292 277 296 -1 374 336 316 -1 412 406 227 -1 300 412 227 -1 336 195 323 -1 412 413 406 -1 336 374 337 -1 413 412 308 -1 270 331 262 -1 270 269 414 -1 243 206 321 -1 272 206 243 -1 330 329 326 -1 329 327 326 -1 412 300 308 -1 26 191 33 -1 358 238 242 -1 242 225 358 -1 275 264 228 -1 247 264 197 -1 415 416 399 -1 416 417 399 -1 347 346 354 -1 418 294 235 -1 235 419 418 -1 420 351 203 -1 387 406 421 -1 422 423 393 -1 424 357 354 -1 374 341 386 -1 385 393 423 -1 424 325 357 -1 362 425 269 -1 422 393 426 -1 359 427 428 -1 402 302 301 -1 402 301 361 -1 359 384 427 -1 407 429 405 -1 373 430 431 -1 421 406 405 -1 355 357 432 -1 349 399 326 -1 428 427 433 -1 432 434 355 -1 296 435 293 -1 289 436 299 -1 427 384 383 -1 310 349 216 -1 293 435 390 -1 431 365 373 -1 303 359 225 -1 286 209 437 -1 357 395 432 -1 407 406 413 -1 290 107 298 -1 384 359 303 -1 167 223 438 -1 410 406 387 -1 408 167 438 -1 314 373 232 -1 275 227 410 -1 303 237 384 -1 290 403 96 -1 363 280 390 -1 368 439 282 -1 419 235 408 -1 126 394 164 -1 293 390 440 -1 339 394 398 -1 441 318 356 -1 192 3 91 -1 433 427 383 -1 390 302 401 -1 233 397 442 -1 441 369 318 -1 401 440 390 -1 442 314 233 -1 258 404 259 -1 383 443 433 -1 304 335 313 -1 161 335 261 -1 313 335 161 -1 191 26 278 -1 369 377 340 -1 444 371 376 -1 342 445 338 -1 429 407 446 -1 391 366 272 -1 444 376 447 -1 309 333 311 -1 342 448 445 -1 449 383 396 -1 309 312 450 -1 283 95 451 -1 426 393 452 -1 449 396 431 -1 312 325 450 -1 49 283 75 -1 453 381 370 -1 454 407 413 -1 454 446 407 -1 409 452 393 -1 444 447 455 -1 431 396 365 -1 317 381 456 -1 396 364 365 -1 454 413 238 -1 456 352 317 -1 401 402 457 -1 454 458 446 -1 380 400 416 -1 331 409 332 -1 459 362 350 -1 409 331 270 -1 400 417 416 -1 362 459 460 -1 411 292 291 -1 330 417 400 -1 238 358 454 -1 461 391 271 -1 462 372 371 -1 277 292 411 -1 308 238 413 -1 372 453 370 -1 417 330 326 -1 326 399 417 -1 387 271 410 -1 410 271 275 -1 447 376 415 -1 414 269 425 -1 447 415 463 -1 368 282 366 -1 376 380 415 -1 380 416 415 -1 464 439 465 -1 439 464 348 -1 463 348 464 -1 439 348 466 -1 466 353 282 -1 466 348 353 -1 353 348 310 -1 463 415 348 -1 348 415 399 -1 299 436 467 -1 467 307 234 -1 388 461 271 -1 434 459 350 -1 468 409 270 -1 469 307 467 -1 389 392 470 -1 191 278 471 -1 307 469 472 -1 414 473 270 -1 379 307 472 -1 430 474 431 -1 475 446 458 -1 223 389 476 -1 438 223 476 -1 454 477 458 -1 414 425 478 -1 430 442 479 -1 477 454 480 -1 438 481 408 -1 454 358 480 -1 314 430 373 -1 430 482 483 -1 430 314 442 -1 428 484 477 -1 401 457 485 -1 485 457 486 -1 487 457 402 -1 486 457 487 -1 408 481 419 -1 473 414 478 -1 402 361 487 -1 428 477 480 -1 428 480 359 -1 359 480 358 -1 486 487 361 -1 333 488 346 -1 388 387 421 -1 425 362 489 -1 486 422 490 -1 422 486 361 -1 355 434 350 -1 294 418 295 -1 411 291 491 -1 491 276 411 -1 478 489 492 -1 444 455 465 -1 423 361 385 -1 493 295 418 -1 489 362 460 -1 423 422 361 -1 489 460 492 -1 465 455 464 -1 494 495 496 -1 464 455 447 -1 295 497 273 -1 498 273 497 -1 496 495 433 -1 443 496 433 -1 209 273 498 -1 463 464 447 -1 375 491 291 -1 437 209 499 -1 338 395 334 -1 443 383 449 -1 500 191 501 -1 500 203 191 -1 395 338 502 -1 239 503 240 -1 449 431 443 -1 443 431 474 -1 282 439 466 -1 351 436 289 -1 342 240 504 -1 448 342 504 -1 299 467 234 -1 363 435 296 -1 435 363 390 -1 340 377 343 -1 446 505 429 -1 147 192 278 -1 446 475 505 -1 425 489 478 -1 458 506 475 -1 389 470 476 -1 458 477 506 -1 507 477 484 -1 508 438 476 -1 468 270 509 -1 403 451 95 -1 379 394 126 -1 438 508 481 -1 469 467 510 -1 481 508 511 -1 512 482 513 -1 379 472 514 -1 430 483 474 -1 469 514 472 -1 509 270 473 -1 509 473 515 -1 481 511 516 -1 516 419 481 -1 478 515 473 -1 506 517 475 -1 518 482 397 -1 394 519 398 -1 482 430 479 -1 474 494 496 -1 506 507 517 -1 419 516 520 -1 239 398 503 -1 397 479 442 -1 482 479 397 -1 419 520 418 -1 506 477 507 -1 483 494 474 -1 333 309 521 -1 522 523 524 -1 496 443 474 -1 523 484 524 -1 354 346 488 -1 490 485 486 -1 498 499 209 -1 503 504 240 -1 403 290 525 -1 515 478 492 -1 437 526 286 -1 437 527 526 -1 528 526 527 -1 298 286 529 -1 529 286 526 -1 290 298 529 -1 429 505 405 -1 501 191 471 -1 420 203 500 -1 426 452 530 -1 531 351 420 -1 531 436 351 -1 452 409 468 -1 91 75 532 -1 533 531 420 -1 534 528 527 -1 528 534 535 -1 510 467 436 -1 510 436 536 -1 528 535 537 -1 504 538 448 -1 394 379 514 -1 539 512 513 -1 475 517 505 -1 469 510 540 -1 392 378 541 -1 469 540 514 -1 523 507 484 -1 540 542 514 -1 522 524 543 -1 394 514 542 -1 394 542 519 -1 544 426 530 -1 520 493 418 -1 503 398 519 -1 295 493 545 -1 295 545 497 -1 512 494 483 -1 512 483 482 -1 290 529 525 -1 192 91 546 -1 278 192 546 -1 309 450 521 -1 488 424 354 -1 500 501 547 -1 450 325 548 -1 325 424 548 -1 500 533 420 -1 503 549 538 -1 503 538 504 -1 550 531 533 -1 551 526 528 -1 528 552 551 -1 549 553 538 -1 550 436 531 -1 550 536 436 -1 528 537 552 -1 554 538 553 -1 536 555 510 -1 541 470 392 -1 537 535 556 -1 476 470 557 -1 558 556 535 -1 510 555 559 -1 476 557 560 -1 537 561 562 -1 508 476 560 -1 554 563 538 -1 537 556 561 -1 542 540 564 -1 565 511 508 -1 566 448 567 -1 497 545 568 -1 545 493 569 -1 542 549 519 -1 570 562 561 -1 561 571 570 -1 561 556 571 -1 498 497 568 -1 519 549 503 -1 499 498 572 -1 527 437 499 -1 542 564 549 -1 573 403 525 -1 574 575 570 -1 576 574 577 -1 539 494 512 -1 574 570 577 -1 577 578 579 -1 529 526 551 -1 580 577 579 -1 578 577 570 -1 579 578 581 -1 562 575 582 -1 450 548 521 -1 520 583 493 -1 569 493 583 -1 564 584 553 -1 564 553 549 -1 520 516 585 -1 586 571 556 -1 572 498 568 -1 499 587 527 -1 451 403 573 -1 588 525 529 -1 563 448 538 -1 533 500 589 -1 532 75 283 -1 278 546 590 -1 546 91 532 -1 570 575 562 -1 576 577 580 -1 591 592 593 -1 529 551 588 -1 533 594 550 -1 595 580 579 -1 596 597 598 -1 595 579 599 -1 596 598 576 -1 534 527 600 -1 571 601 570 -1 602 555 536 -1 550 602 536 -1 570 601 578 -1 581 603 579 -1 552 537 582 -1 582 537 562 -1 579 604 605 -1 579 603 604 -1 510 559 540 -1 557 606 560 -1 563 554 607 -1 563 607 608 -1 565 508 560 -1 448 563 567 -1 511 565 609 -1 566 567 610 -1 516 511 611 -1 585 583 520 -1 556 558 586 -1 559 612 613 -1 614 601 571 -1 283 615 532 -1 576 598 574 -1 553 616 554 -1 584 616 553 -1 617 578 601 -1 554 616 607 -1 525 588 573 -1 573 588 618 -1 618 588 619 -1 551 619 588 -1 576 580 595 -1 596 576 595 -1 582 551 552 -1 620 621 595 -1 598 575 574 -1 622 597 623 -1 597 624 623 -1 595 599 620 -1 622 598 597 -1 527 587 600 -1 594 533 589 -1 535 534 625 -1 625 558 535 -1 605 599 579 -1 608 607 626 -1 597 596 621 -1 608 610 563 -1 610 567 563 -1 591 620 627 -1 622 582 575 -1 565 560 606 -1 621 596 595 -1 621 591 593 -1 620 591 621 -1 594 602 550 -1 620 628 627 -1 629 620 599 -1 628 620 629 -1 592 630 602 -1 555 602 630 -1 555 630 631 -1 540 632 564 -1 559 555 612 -1 604 633 605 -1 547 589 500 -1 283 451 634 -1 635 597 621 -1 636 634 637 -1 599 605 629 -1 618 637 634 -1 619 637 618 -1 621 593 635 -1 619 638 637 -1 619 551 622 -1 582 622 551 -1 639 640 605 -1 555 631 612 -1 612 631 641 -1 629 605 640 -1 540 559 632 -1 629 642 628 -1 640 642 629 -1 623 638 622 -1 613 612 643 -1 644 584 564 -1 640 639 645 -1 639 646 645 -1 633 604 603 -1 646 639 647 -1 598 622 575 -1 646 648 649 -1 641 631 650 -1 651 641 650 -1 643 641 651 -1 641 643 612 -1 511 609 611 -1 640 645 642 -1 585 516 611 -1 645 646 652 -1 571 586 614 -1 643 616 584 -1 601 653 617 -1 616 654 607 -1 615 655 532 -1 578 617 581 -1 646 649 652 -1 278 590 471 -1 626 656 608 -1 657 608 656 -1 608 657 610 -1 283 634 636 -1 451 573 634 -1 573 618 634 -1 658 589 547 -1 635 593 592 -1 659 602 594 -1 659 592 602 -1 660 636 637 -1 661 660 637 -1 592 591 630 -1 622 638 619 -1 630 591 627 -1 661 637 638 -1 559 613 632 -1 605 633 639 -1 661 638 662 -1 644 632 613 -1 662 638 623 -1 613 643 644 -1 644 564 632 -1 623 624 662 -1 569 583 585 -1 600 587 663 -1 545 569 664 -1 639 633 647 -1 534 600 665 -1 625 534 665 -1 648 646 647 -1 663 587 572 -1 499 572 587 -1 628 651 650 -1 628 642 651 -1 601 614 653 -1 643 651 666 -1 643 666 667 -1 642 645 668 -1 652 668 645 -1 644 643 584 -1 616 643 654 -1 654 669 607 -1 669 626 607 -1 652 649 670 -1 670 649 671 -1 547 501 471 -1 651 642 672 -1 666 651 672 -1 673 594 589 -1 546 532 655 -1 674 635 592 -1 670 668 652 -1 643 667 654 -1 654 667 675 -1 675 669 654 -1 636 660 676 -1 630 627 677 -1 630 677 631 -1 648 671 649 -1 660 661 678 -1 678 661 662 -1 677 627 650 -1 628 650 627 -1 670 671 679 -1 581 617 603 -1 670 679 680 -1 597 635 624 -1 681 633 603 -1 633 682 647 -1 656 683 657 -1 684 657 683 -1 610 657 685 -1 585 611 686 -1 685 657 684 -1 568 545 687 -1 606 609 565 -1 688 585 686 -1 687 689 568 -1 572 568 689 -1 658 547 690 -1 642 668 691 -1 572 692 663 -1 658 693 589 -1 673 589 693 -1 694 635 674 -1 690 471 590 -1 615 283 636 -1 695 671 648 -1 650 631 677 -1 681 603 696 -1 662 624 694 -1 697 679 671 -1 694 624 635 -1 698 663 692 -1 699 663 698 -1 647 682 648 -1 600 663 700 -1 665 600 700 -1 488 333 701 -1 558 702 586 -1 703 586 702 -1 614 586 703 -1 656 704 683 -1 704 705 683 -1 706 617 653 -1 545 664 687 -1 684 683 707 -1 672 642 691 -1 572 689 692 -1 696 617 706 -1 675 667 708 -1 590 546 709 -1 615 636 676 -1 678 710 660 -1 662 694 678 -1 679 697 711 -1 471 690 547 -1 333 521 701 -1 548 424 701 -1 659 594 673 -1 712 713 714 -1 674 592 659 -1 699 700 663 -1 705 707 683 -1 625 713 715 -1 682 633 716 -1 715 713 712 -1 625 702 558 -1 682 717 648 -1 653 614 706 -1 718 684 707 -1 695 648 717 -1 667 666 708 -1 585 688 719 -1 569 585 719 -1 664 569 719 -1 720 611 609 -1 611 720 686 -1 708 666 672 -1 714 721 722 -1 689 687 692 -1 687 698 692 -1 546 655 709 -1 690 590 709 -1 695 717 723 -1 695 723 671 -1 676 660 710 -1 711 680 679 -1 424 488 701 -1 626 669 724 -1 724 656 626 -1 724 704 656 -1 705 725 707 -1 699 714 713 -1 699 713 700 -1 714 722 712 -1 700 713 625 -1 659 673 726 -1 700 625 665 -1 702 625 715 -1 716 633 681 -1 682 716 727 -1 728 706 614 -1 729 698 687 -1 730 698 729 -1 698 730 699 -1 731 696 706 -1 691 668 732 -1 714 730 721 -1 730 714 699 -1 711 697 733 -1 722 721 734 -1 658 735 693 -1 736 694 737 -1 694 674 737 -1 710 678 738 -1 678 694 739 -1 705 704 740 -1 617 696 603 -1 716 681 741 -1 707 725 742 -1 718 707 742 -1 743 720 744 -1 745 712 722 -1 686 720 743 -1 746 719 688 -1 715 712 747 -1 715 747 702 -1 703 702 747 -1 614 703 728 -1 706 728 748 -1 687 749 729 -1 675 708 750 -1 724 669 675 -1 751 734 721 -1 723 717 752 -1 671 723 753 -1 671 753 697 -1 655 615 754 -1 709 655 755 -1 756 709 755 -1 756 690 709 -1 711 757 758 -1 548 701 521 -1 688 686 746 -1 678 739 738 -1 724 759 704 -1 739 694 736 -1 725 705 740 -1 749 687 664 -1 729 760 730 -1 658 690 761 -1 760 721 730 -1 762 736 737 -1 726 673 693 -1 763 674 659 -1 681 696 741 -1 716 764 727 -1 712 745 765 -1 747 712 765 -1 691 732 766 -1 740 704 759 -1 706 748 731 -1 697 753 733 -1 711 733 757 -1 686 743 746 -1 760 767 751 -1 761 735 658 -1 721 760 751 -1 737 674 763 -1 763 659 726 -1 746 768 719 -1 734 769 722 -1 749 664 719 -1 655 754 755 -1 696 770 741 -1 771 615 676 -1 741 764 716 -1 756 772 690 -1 690 772 761 -1 735 761 772 -1 682 727 717 -1 738 739 773 -1 745 722 774 -1 743 744 775 -1 776 747 765 -1 668 670 732 -1 680 732 670 -1 708 777 750 -1 767 778 751 -1 675 750 779 -1 703 747 780 -1 724 675 779 -1 759 724 779 -1 781 723 752 -1 781 753 723 -1 680 711 758 -1 758 757 782 -1 753 783 733 -1 729 749 760 -1 757 733 782 -1 734 784 769 -1 722 769 774 -1 770 785 741 -1 764 741 785 -1 725 740 786 -1 752 717 727 -1 756 787 772 -1 786 788 725 -1 742 725 788 -1 736 762 739 -1 781 783 753 -1 728 703 780 -1 733 783 782 -1 731 770 696 -1 785 770 789 -1 768 749 719 -1 749 768 760 -1 759 790 740 -1 755 787 756 -1 767 743 775 -1 746 743 791 -1 767 791 743 -1 739 762 792 -1 768 791 760 -1 791 767 760 -1 765 745 793 -1 747 776 780 -1 780 794 728 -1 728 794 795 -1 795 748 728 -1 693 735 726 -1 737 763 792 -1 762 737 792 -1 731 796 770 -1 796 789 770 -1 746 791 768 -1 754 615 771 -1 772 787 797 -1 691 798 672 -1 777 799 750 -1 793 774 800 -1 774 793 745 -1 765 793 801 -1 793 802 801 -1 765 801 776 -1 775 778 767 -1 789 796 803 -1 735 772 804 -1 764 785 727 -1 752 727 805 -1 708 672 806 -1 777 708 806 -1 776 801 794 -1 794 780 776 -1 793 800 807 -1 802 793 807 -1 750 799 779 -1 759 808 790 -1 752 809 781 -1 810 795 794 -1 811 781 809 -1 781 811 783 -1 795 812 748 -1 731 748 812 -1 758 813 680 -1 800 774 769 -1 769 784 800 -1 814 804 797 -1 772 797 804 -1 773 739 792 -1 815 802 807 -1 809 752 805 -1 798 691 816 -1 691 766 816 -1 759 779 799 -1 799 808 759 -1 795 810 812 -1 731 812 796 -1 797 787 814 -1 738 817 710 -1 786 740 818 -1 804 726 735 -1 819 794 820 -1 798 806 672 -1 821 790 808 -1 771 676 822 -1 822 710 817 -1 676 710 822 -1 785 823 727 -1 805 727 823 -1 824 801 802 -1 820 794 801 -1 810 794 819 -1 799 777 825 -1 808 826 821 -1 740 790 821 -1 827 732 680 -1 813 827 680 -1 758 828 813 -1 828 758 829 -1 726 804 830 -1 755 754 831 -1 787 755 831 -1 803 832 789 -1 831 814 787 -1 818 740 833 -1 773 792 763 -1 801 824 820 -1 789 832 785 -1 825 777 806 -1 831 754 771 -1 817 814 822 -1 827 813 828 -1 738 773 817 -1 830 763 726 -1 823 785 832 -1 810 819 834 -1 812 810 834 -1 835 799 825 -1 808 799 835 -1 826 808 835 -1 831 771 822 -1 826 836 821 -1 831 822 814 -1 804 814 830 -1 814 817 830 -1 817 773 830 -1 815 837 802 -1 837 824 802 -1 830 773 763 -1 838 803 839 -1 821 833 740 -1 832 803 838 -1 824 837 840 -1 840 820 824 -1 841 823 832 -1 805 823 841 -1 806 798 842 -1 766 732 843 -1 732 827 843 -1 844 826 835 -1 821 836 833 -1 840 837 845 -1 846 820 840 -1 846 819 820 -1 796 812 834 -1 847 766 843 -1 798 816 842 -1 825 806 842 -1 842 816 847 -1 766 847 816 -1 825 848 835 -1 848 844 835 -1 845 846 840 -1 849 836 826 -1 846 834 819 -1 827 828 850 -1 828 851 850 -1 839 803 796 -1 849 847 843 -1 825 847 848 -1 848 847 844 -1 834 846 839 -1 796 834 839 -1 836 849 850 -1 833 836 850 -1 847 825 842 -1 849 844 847 -1 837 852 845 -1 843 827 849 -1 849 827 850 -1 853 850 851 -1 833 850 853 -1 832 838 854 -1 854 841 832 -1 805 841 855 -1 826 844 849 -1 856 839 846 -1 838 839 857 -1 854 858 841 -1 841 858 855 -1 846 845 859 -1 856 857 839 -1 860 838 857 -1 854 838 860 -1 854 860 858 -1 859 845 852 -1 857 856 861 -1 860 857 861 -1 855 858 862 -1 846 859 856 -1 861 856 863 -1 864 860 861 -1 858 860 865 -1 865 862 858 -1 866 856 859 -1 867 862 868 -1 866 863 856 -1 861 863 864 -1 863 869 864 -1 870 860 864 -1 870 865 860 -1 871 862 865 -1 868 862 871 -1 868 872 867 -1 864 869 870 -1 871 873 868 -1 874 865 870 -1 871 865 874 -1 872 868 873 -1 870 869 875 -1 871 874 873 -1 874 870 875 -1 494 539 543 -1 428 433 495 -1 494 543 524 -1 494 524 484 -1 484 428 495 -1 494 484 495 -1 445 448 876 -1 460 459 877 -1 460 877 878 -1 432 395 879 -1 432 879 880 -1 881 432 880 -1 880 879 502 -1 880 882 883 -1 884 882 880 -1 502 884 880 -1 880 883 881 -1 881 883 885 -1 886 885 883 -1 502 879 395 -1 884 445 887 -1 888 884 887 -1 502 338 884 -1 338 445 884 -1 876 889 445 -1 876 890 889 -1 434 432 881 -1 434 877 459 -1 434 881 877 -1 881 891 877 -1 878 877 891 -1 515 892 893 -1 892 515 492 -1 882 886 883 -1 445 889 887 -1 894 878 891 -1 885 895 881 -1 895 885 896 -1 885 886 897 -1 896 885 897 -1 882 884 898 -1 888 898 884 -1 888 887 899 -1 900 886 882 -1 900 882 898 -1 887 889 890 -1 901 899 887 -1 887 890 901 -1 876 902 890 -1 900 897 886 -1 900 898 888 -1 903 897 900 -1 904 903 900 -1 448 566 876 -1 900 888 904 -1 888 905 904 -1 906 901 907 -1 876 566 902 -1 908 893 909 -1 460 878 910 -1 910 878 894 -1 911 892 492 -1 895 891 881 -1 460 910 492 -1 911 492 910 -1 912 892 913 -1 914 894 915 -1 916 912 913 -1 891 895 894 -1 911 894 917 -1 915 894 895 -1 917 894 914 -1 905 888 899 -1 902 918 890 -1 906 899 901 -1 890 918 901 -1 901 918 919 -1 903 920 897 -1 905 921 904 -1 903 904 922 -1 906 905 899 -1 901 919 907 -1 907 923 906 -1 919 918 924 -1 893 892 909 -1 909 925 908 -1 926 927 928 -1 908 925 929 -1 926 928 930 -1 892 912 909 -1 931 925 909 -1 912 931 909 -1 931 912 916 -1 929 925 931 -1 929 931 932 -1 914 915 933 -1 892 911 913 -1 917 916 913 -1 895 896 934 -1 911 917 913 -1 928 896 935 -1 911 910 894 -1 936 917 914 -1 936 914 937 -1 918 902 924 -1 938 939 940 -1 919 924 941 -1 942 943 941 -1 933 937 914 -1 938 927 944 -1 927 938 933 -1 927 933 934 -1 896 928 934 -1 897 935 896 -1 897 920 935 -1 935 945 930 -1 935 920 945 -1 944 927 946 -1 926 946 927 -1 934 928 927 -1 941 907 919 -1 947 920 903 -1 928 935 930 -1 930 945 948 -1 922 947 903 -1 947 922 949 -1 920 947 945 -1 949 945 947 -1 948 945 949 -1 904 921 922 -1 949 922 950 -1 930 948 951 -1 906 921 905 -1 948 952 953 -1 954 921 906 -1 923 954 906 -1 941 943 907 -1 943 923 907 -1 955 950 954 -1 955 952 950 -1 932 956 929 -1 931 916 957 -1 955 923 958 -1 957 932 931 -1 917 957 916 -1 940 917 936 -1 957 917 940 -1 566 959 902 -1 960 961 962 -1 963 956 964 -1 964 932 965 -1 934 915 895 -1 966 967 968 -1 969 967 966 -1 969 970 967 -1 971 972 964 -1 973 967 970 -1 941 924 942 -1 971 939 974 -1 965 940 939 -1 940 936 938 -1 950 922 921 -1 975 968 976 -1 923 943 977 -1 958 923 977 -1 949 950 952 -1 933 938 937 -1 968 967 976 -1 921 954 950 -1 915 934 933 -1 962 961 956 -1 929 956 961 -1 944 939 938 -1 944 946 978 -1 939 944 979 -1 957 965 932 -1 940 965 957 -1 946 926 980 -1 981 946 980 -1 954 923 955 -1 936 937 938 -1 982 926 930 -1 930 951 982 -1 951 948 983 -1 953 983 948 -1 949 952 948 -1 566 610 959 -1 951 983 984 -1 953 952 985 -1 952 955 985 -1 985 955 958 -1 985 986 953 -1 981 978 946 -1 980 926 987 -1 988 926 982 -1 988 987 926 -1 951 989 982 -1 989 951 984 -1 962 956 963 -1 960 962 990 -1 990 962 991 -1 963 991 962 -1 992 993 990 -1 992 990 994 -1 959 995 902 -1 983 953 996 -1 986 996 953 -1 902 966 924 -1 972 994 990 -1 985 958 997 -1 969 966 998 -1 924 966 968 -1 964 956 932 -1 970 999 973 -1 991 963 964 -1 997 958 1000 -1 968 942 924 -1 965 971 964 -1 942 968 975 -1 971 965 939 -1 991 964 972 -1 1001 975 976 -1 972 971 1002 -1 974 1002 971 -1 975 1003 1004 -1 976 967 973 -1 939 1005 974 -1 939 979 1005 -1 974 1005 1006 -1 978 979 944 -1 1007 1006 979 -1 974 1006 1008 -1 988 982 989 -1 959 610 685 -1 995 959 1009 -1 902 995 966 -1 1007 981 1010 -1 1010 1011 1007 -1 1012 969 998 -1 970 969 1012 -1 1013 1010 987 -1 1013 1011 1010 -1 1011 1013 1014 -1 943 942 977 -1 975 977 942 -1 1000 977 975 -1 988 1015 1013 -1 992 994 1016 -1 988 989 1017 -1 973 1001 976 -1 990 991 972 -1 972 1018 994 -1 1017 1015 988 -1 1003 975 1001 -1 973 1019 1001 -1 1001 1019 1003 -1 972 1002 1020 -1 973 1021 1019 -1 983 996 984 -1 1020 1018 972 -1 984 996 1022 -1 1020 1002 1008 -1 1023 996 986 -1 985 997 1024 -1 989 984 1022 -1 989 1022 1017 -1 1017 1022 1025 -1 1025 1022 996 -1 1025 996 1023 -1 977 1000 958 -1 1000 1026 997 -1 1004 1000 975 -1 1000 1004 1027 -1 1004 1028 1027 -1 1000 1027 1029 -1 1003 1019 1004 -1 1012 1030 970 -1 1025 1031 1017 -1 1032 1025 1023 -1 1033 970 1030 -1 1034 1035 1025 -1 1032 1034 1025 -1 1036 1035 1034 -1 999 1021 973 -1 986 1037 1023 -1 1032 1023 1037 -1 1032 1037 1038 -1 992 1016 1039 -1 994 1018 1040 -1 1021 1041 1019 -1 1019 1041 1042 -1 1043 1032 1038 -1 1038 1044 1045 -1 1021 999 1041 -1 1020 1046 1018 -1 1041 1047 1042 -1 1020 1048 1046 -1 1007 978 981 -1 1007 1011 1049 -1 1008 1002 974 -1 1019 1042 1004 -1 1004 1042 1028 -1 1014 1013 1050 -1 1042 1051 1028 -1 1008 1048 1020 -1 987 988 1013 -1 1052 1048 1008 -1 1050 1013 1015 -1 685 1009 959 -1 1053 1015 1017 -1 1005 979 1006 -1 979 978 1007 -1 1008 1006 1054 -1 1006 1007 1055 -1 1056 1006 1055 -1 1057 985 1038 -1 1024 1038 985 -1 966 1058 998 -1 1059 1012 998 -1 1035 1031 1025 -1 1038 1037 1057 -1 1024 1044 1038 -1 1060 970 1033 -1 1043 1038 1045 -1 999 970 1060 -1 1045 1044 1061 -1 1062 999 1060 -1 1062 1041 999 -1 1063 1014 1050 -1 1063 1050 1064 -1 1040 1018 1046 -1 1050 1065 1066 -1 981 980 987 -1 981 987 1010 -1 1011 1014 1049 -1 1067 1035 1036 -1 1026 1000 1029 -1 1046 1048 1068 -1 1024 997 1026 -1 1050 1015 1065 -1 1053 1065 1015 -1 1017 1031 1053 -1 1069 1029 1070 -1 1052 1008 1054 -1 986 985 1057 -1 1037 986 1057 -1 1028 1051 1071 -1 1009 685 1059 -1 685 684 1059 -1 1054 1006 1056 -1 1027 1028 1070 -1 1072 1070 1028 -1 1073 1044 1024 -1 998 1009 1059 -1 1061 1044 1073 -1 1049 1055 1007 -1 1059 684 1012 -1 1012 684 1030 -1 1074 1030 684 -1 1009 998 995 -1 1058 995 998 -1 1035 1067 1075 -1 1041 1062 1076 -1 1070 1029 1027 -1 1047 1041 1076 -1 1077 1055 1078 -1 1071 1072 1028 -1 1079 1056 1078 -1 1070 1080 1069 -1 1070 1072 1080 -1 1081 1039 1082 -1 1081 1082 1083 -1 1084 1080 1072 -1 1065 1053 1066 -1 1039 1016 1040 -1 1016 994 1040 -1 1084 1051 1085 -1 1073 1024 1026 -1 1026 1029 1073 -1 1039 1040 1086 -1 1040 1046 1087 -1 1088 1061 1073 -1 1073 1029 1069 -1 1089 1068 1048 -1 1052 1089 1048 -1 1069 1088 1073 -1 1056 1055 1077 -1 1031 1035 1075 -1 1049 1078 1055 -1 1080 1084 1090 -1 1091 1036 1034 -1 1032 1091 1034 -1 1084 1085 1090 -1 1032 1043 1091 -1 1042 1092 1051 -1 1093 1036 1091 -1 1047 1094 1042 -1 1042 1094 1092 -1 684 718 1074 -1 1095 1094 1047 -1 1078 1049 1063 -1 1049 1014 1063 -1 1078 1063 1064 -1 995 1058 966 -1 1033 1030 1074 -1 1079 1064 1096 -1 1066 1064 1050 -1 1097 1096 1064 -1 1066 1053 1075 -1 1066 1075 1064 -1 1068 1089 1098 -1 1033 1099 1060 -1 1064 1075 1097 -1 1075 1067 1100 -1 1101 1100 1067 -1 1097 1075 1102 -1 1075 1100 1102 -1 1052 1054 1103 -1 1103 1098 1089 -1 1067 1036 1104 -1 1089 1052 1103 -1 1036 1093 1104 -1 1103 1054 1105 -1 1031 1075 1053 -1 1104 1101 1067 -1 1106 1101 1104 -1 1077 1078 1056 -1 1061 1107 1045 -1 1091 1043 1093 -1 1043 1045 1093 -1 1054 1056 1105 -1 1086 1040 1087 -1 1064 1079 1078 -1 1079 1105 1056 -1 1068 1087 1046 -1 1105 1079 1108 -1 1096 1109 1079 -1 1109 1108 1079 -1 1071 1084 1072 -1 1071 1051 1084 -1 1110 1111 1112 -1 1113 1096 1097 -1 1111 1110 1082 -1 1114 1086 1115 -1 1068 1115 1087 -1 1115 1068 1098 -1 1116 1117 1090 -1 1116 1090 1118 -1 1119 1098 1108 -1 1098 1103 1108 -1 1113 1109 1096 -1 1069 1120 1088 -1 1121 1109 1113 -1 1103 1105 1108 -1 1088 1120 1117 -1 1107 1061 1088 -1 1122 1045 1107 -1 1121 1113 1123 -1 1107 1088 1117 -1 1114 1112 1111 -1 1114 1111 1082 -1 1097 1102 1113 -1 1107 1117 1122 -1 1124 1123 1113 -1 1108 1109 1125 -1 1069 1080 1120 -1 1080 1090 1120 -1 1114 1126 1112 -1 1121 1125 1109 -1 1120 1090 1117 -1 1039 1086 1082 -1 1087 1115 1086 -1 1082 1086 1114 -1 1101 1102 1100 -1 1127 1095 1047 -1 1095 1127 1128 -1 1114 1115 1126 -1 1119 1126 1115 -1 1098 1119 1115 -1 1129 1104 1093 -1 1092 1130 1051 -1 1051 1130 1085 -1 1092 1094 1131 -1 1045 1129 1093 -1 1092 1131 1130 -1 1104 1129 1106 -1 1118 1090 1085 -1 1132 1130 1131 -1 1106 1133 1101 -1 1113 1102 1124 -1 1134 1119 1108 -1 1125 1121 1135 -1 1125 1134 1108 -1 1135 1121 1136 -1 1134 1125 1137 -1 1138 1137 1125 -1 1139 1131 1094 -1 1118 1085 1130 -1 1130 1132 1140 -1 1122 1129 1045 -1 1129 1122 1106 -1 1119 1134 1141 -1 1106 1122 1142 -1 1133 1102 1101 -1 1124 1102 1133 -1 1124 1133 1143 -1 1124 1144 1123 -1 1144 1124 1145 -1 1123 1144 1146 -1 1147 1148 1149 -1 1094 1095 1139 -1 1148 1141 1149 -1 1131 1139 1132 -1 1139 1150 1132 -1 1123 1136 1121 -1 1130 1151 1152 -1 1137 1141 1134 -1 1123 1153 1136 -1 1140 1132 1154 -1 1118 1130 1152 -1 1154 1151 1140 -1 1138 1125 1135 -1 1122 1117 1142 -1 1135 1155 1138 -1 1156 1146 1144 -1 1133 1106 1142 -1 1144 1145 1157 -1 1158 1143 1133 -1 1143 1158 1159 -1 1124 1143 1145 -1 1160 1148 1147 -1 1117 1116 1161 -1 1117 1161 1142 -1 1141 1148 1119 -1 1116 1152 1161 -1 1118 1152 1116 -1 1162 1161 1152 -1 1158 1163 1164 -1 1095 1150 1139 -1 1128 1150 1095 -1 1165 1132 1150 -1 1149 1141 1166 -1 1166 1141 1167 -1 1128 1127 1168 -1 1153 1123 1169 -1 1123 1146 1169 -1 1140 1151 1130 -1 1170 1132 1165 -1 1154 1132 1170 -1 1171 1138 1155 -1 1155 1135 1172 -1 1151 1154 1173 -1 1160 1119 1148 -1 1133 1142 1158 -1 1164 1174 1158 -1 1175 1142 1161 -1 1161 1162 1175 -1 1142 1163 1158 -1 1142 1175 1163 -1 1127 1047 1076 -1 1174 1159 1158 -1 1162 1152 1151 -1 1157 1156 1144 -1 1163 1176 1177 -1 1159 1178 1143 -1 1157 1145 1179 -1 1145 1143 1180 -1 1178 1180 1143 -1 1164 1163 1181 -1 1181 1163 1177 -1 1162 1182 1175 -1 1150 1128 1183 -1 1176 1175 1182 -1 1184 1162 1173 -1 1147 1149 1185 -1 1162 1184 1182 -1 1162 1151 1173 -1 1167 1141 1137 -1 1076 1062 1186 -1 1187 1137 1188 -1 1138 1188 1137 -1 1173 1154 1170 -1 1189 1188 1138 -1 1189 1138 1171 -1 1135 1136 1190 -1 1191 1192 1136 -1 1153 1191 1136 -1 1176 1163 1175 -1 1146 1156 1193 -1 1194 1137 1187 -1 1159 1174 1195 -1 1189 1187 1188 -1 1187 1189 1196 -1 1189 1171 1197 -1 1198 1157 1179 -1 1197 1171 1155 -1 1155 1199 1197 -1 1185 1149 1200 -1 1200 1149 1166 -1 1167 1194 1166 -1 1201 1127 1076 -1 1194 1167 1137 -1 1168 1127 1201 -1 1172 1135 1190 -1 1173 1202 1184 -1 1191 1153 1203 -1 1146 1193 1169 -1 1169 1193 1204 -1 1192 1205 1206 -1 1207 1206 1205 -1 1205 1203 1208 -1 1166 1194 1209 -1 1203 1210 1208 -1 1211 1212 1213 -1 1150 1183 1165 -1 1170 1165 1202 -1 1170 1202 1173 -1 1192 1191 1205 -1 1201 1076 1186 -1 1178 1159 1214 -1 1195 1214 1159 -1 1206 1207 1215 -1 1195 1174 1216 -1 1204 1210 1203 -1 1172 1190 1192 -1 1174 1164 1216 -1 1164 1217 1216 -1 1208 1207 1205 -1 1209 1200 1166 -1 1164 1181 1217 -1 1136 1192 1190 -1 1217 1181 1218 -1 1191 1203 1205 -1 1182 1219 1176 -1 1153 1204 1203 -1 1204 1153 1169 -1 1194 1187 1220 -1 1176 1219 1221 -1 1210 1222 1208 -1 1193 1156 1210 -1 1196 1220 1187 -1 1157 1223 1156 -1 1210 1156 1223 -1 1210 1223 1211 -1 1211 1223 1212 -1 1213 1212 1224 -1 1223 1157 1225 -1 1181 1177 1218 -1 1213 1224 1226 -1 1198 1225 1157 -1 1189 1197 1196 -1 1212 1198 1224 -1 1179 1145 1180 -1 1172 1199 1155 -1 1178 1227 1180 -1 1228 1227 1178 -1 1199 1172 1206 -1 1179 1180 1198 -1 1172 1192 1206 -1 1229 1227 1228 -1 1227 1229 1180 -1 1168 1183 1128 -1 1230 1218 1177 -1 1221 1177 1176 -1 1177 1221 1231 -1 1232 1206 1215 -1 1178 1214 1228 -1 1228 1214 1233 -1 1210 1211 1222 -1 1212 1223 1225 -1 1217 1234 1216 -1 1210 1204 1193 -1 1198 1212 1225 -1 1226 1224 1235 -1 1236 1219 1182 -1 1198 1180 1235 -1 1229 1235 1180 -1 1198 1235 1224 -1 1228 1233 1229 -1 1221 1219 1237 -1 1229 1233 1238 -1 1239 1240 1209 -1 1239 1209 1220 -1 1183 1168 1241 -1 1237 1219 1236 -1 1194 1220 1209 -1 1196 1197 1242 -1 1199 1242 1197 -1 1206 1243 1199 -1 1244 1245 1220 -1 1234 1246 1216 -1 1247 1246 1234 -1 1244 1220 1196 -1 1248 1244 1196 -1 1234 1217 1247 -1 1238 1233 1249 -1 1247 1218 1250 -1 1251 1249 1233 -1 1243 1206 1232 -1 1182 1184 1252 -1 1165 1183 1253 -1 1182 1252 1236 -1 1251 1246 1249 -1 1202 1165 1254 -1 1184 1202 1254 -1 1246 1247 1255 -1 1251 1233 1214 -1 1195 1251 1214 -1 1195 1216 1251 -1 1177 1231 1230 -1 1246 1251 1216 -1 1221 1237 1256 -1 1257 1215 1207 -1 1207 1208 1258 -1 1222 1258 1208 -1 1259 1222 1260 -1 1218 1247 1217 -1 1213 1261 1211 -1 1211 1261 1222 -1 1260 1222 1261 -1 1213 1226 1262 -1 1226 1235 1263 -1 1264 1226 1263 -1 1235 1229 1263 -1 1245 1239 1220 -1 1265 1229 1238 -1 1245 1244 1266 -1 1247 1250 1267 -1 1196 1242 1248 -1 1242 1199 1268 -1 1199 1243 1268 -1 1218 1230 1250 -1 1269 1245 1270 -1 1246 1255 1249 -1 1253 1183 1271 -1 1242 1268 1272 -1 1273 1255 1247 -1 1247 1267 1273 -1 1254 1274 1184 -1 1273 1267 1275 -1 1184 1274 1252 -1 1215 1276 1232 -1 1277 1236 1252 -1 1274 1277 1252 -1 1258 1257 1207 -1 1236 1278 1237 -1 1259 1258 1222 -1 1238 1249 1279 -1 1231 1221 1280 -1 1241 1168 1201 -1 1250 1231 1267 -1 1239 1281 1240 -1 1282 1240 1281 -1 1275 1267 1283 -1 1284 1267 1231 -1 1239 1245 1269 -1 1269 1281 1239 -1 1256 1280 1221 -1 1183 1241 1271 -1 1165 1253 1254 -1 1266 1270 1245 -1 1285 1215 1257 -1 1286 1236 1277 -1 1236 1286 1278 -1 1287 1278 1286 -1 1288 1266 1244 -1 1257 1258 1289 -1 1288 1248 1290 -1 1244 1248 1288 -1 1258 1259 1289 -1 1290 1248 1242 -1 1242 1272 1290 -1 1276 1215 1285 -1 1213 1291 1261 -1 1262 1291 1213 -1 1229 1265 1263 -1 1265 1238 1292 -1 1262 1226 1264 -1 1230 1231 1250 -1 1231 1293 1284 -1 1256 1237 1294 -1 1295 1255 1273 -1 1267 1284 1283 -1 1296 1232 1276 -1 1296 1276 1285 -1 1297 1298 1282 -1 1298 1297 1299 -1 1289 1285 1257 -1 1269 1270 1281 -1 1288 1300 1266 -1 1259 1260 1301 -1 1301 1260 1302 -1 1300 1288 1290 -1 1260 1291 1302 -1 1261 1291 1260 -1 1297 1281 1270 -1 1270 1266 1300 -1 1297 1270 1300 -1 1303 1237 1278 -1 1291 1262 1304 -1 1262 1264 1304 -1 1278 1287 1303 -1 1264 1263 1305 -1 1305 1306 1264 -1 1243 1296 1268 -1 1296 1243 1232 -1 1283 1284 1307 -1 1308 1289 1259 -1 1285 1289 1309 -1 1284 1310 1307 -1 1299 1311 1298 -1 1302 1291 1304 -1 1307 1310 1312 -1 1282 1281 1297 -1 1254 1313 1274 -1 1272 1268 1314 -1 1249 1315 1279 -1 1268 1296 1314 -1 1290 1272 1314 -1 1249 1255 1315 -1 1280 1256 1293 -1 1303 1294 1237 -1 1293 1231 1280 -1 1293 1256 1310 -1 1310 1284 1293 -1 1256 1294 1310 -1 1259 1301 1316 -1 1307 1317 1318 -1 1312 1317 1307 -1 1304 1264 1319 -1 1305 1263 1265 -1 1314 1296 1320 -1 1321 1277 1274 -1 1321 1322 1277 -1 1286 1277 1322 -1 1238 1279 1323 -1 1315 1323 1279 -1 1286 1324 1325 -1 1315 1255 1326 -1 1323 1315 1327 -1 1327 1328 1329 -1 1294 1303 1330 -1 1328 1327 1315 -1 1312 1310 1294 -1 1255 1295 1326 -1 1315 1326 1328 -1 1295 1273 1275 -1 1295 1275 1331 -1 1322 1324 1286 -1 1332 1323 1327 -1 1332 1327 1333 -1 1329 1333 1327 -1 1326 1295 1328 -1 1286 1334 1287 -1 1328 1295 1335 -1 1330 1303 1336 -1 1336 1337 1330 -1 1290 1314 1338 -1 1292 1238 1323 -1 1338 1300 1290 -1 1312 1330 1339 -1 1330 1337 1339 -1 1294 1330 1312 -1 1340 1307 1318 -1 1313 1254 1253 -1 1309 1296 1285 -1 1274 1313 1321 -1 1295 1331 1335 -1 1329 1335 1331 -1 1324 1322 1341 -1 1308 1259 1316 -1 1302 1304 1319 -1 1324 1342 1325 -1 1329 1328 1335 -1 1343 1287 1334 -1 1344 1275 1283 -1 1345 1344 1283 -1 1331 1275 1344 -1 1287 1336 1303 -1 1346 1292 1323 -1 1336 1287 1337 -1 1287 1343 1337 -1 1325 1334 1286 -1 1300 1338 1347 -1 1297 1300 1348 -1 1320 1338 1314 -1 1339 1337 1349 -1 1333 1329 1350 -1 1308 1309 1289 -1 1341 1322 1321 -1 1264 1306 1319 -1 1265 1306 1305 -1 1306 1265 1292 -1 1344 1345 1331 -1 1345 1283 1307 -1 1342 1324 1351 -1 1352 1331 1345 -1 1353 1352 1345 -1 1299 1297 1354 -1 1355 1301 1302 -1 1317 1312 1356 -1 1302 1319 1357 -1 1307 1340 1345 -1 1325 1343 1334 -1 1340 1318 1358 -1 1325 1342 1359 -1 1345 1340 1353 -1 1359 1343 1325 -1 1318 1317 1360 -1 1361 1337 1343 -1 1362 1323 1332 -1 1312 1339 1356 -1 1363 1332 1333 -1 1339 1349 1364 -1 1331 1352 1329 -1 1352 1353 1365 -1 1360 1358 1318 -1 1340 1358 1353 -1 1309 1308 1366 -1 1360 1317 1356 -1 1367 1347 1338 -1 1338 1320 1367 -1 1329 1352 1365 -1 1364 1356 1339 -1 1365 1353 1368 -1 1353 1369 1368 -1 1370 1323 1362 -1 1337 1361 1349 -1 1362 1332 1371 -1 1332 1363 1371 -1 1333 1372 1363 -1 1372 1333 1350 -1 1369 1358 1360 -1 1353 1358 1369 -1 1351 1324 1341 -1 1343 1359 1361 -1 1361 1359 1373 -1 1364 1349 1374 -1 1296 1309 1375 -1 1329 1365 1376 -1 1377 1375 1309 -1 1348 1300 1347 -1 1356 1364 1378 -1 1349 1361 1379 -1 1363 1372 1380 -1 1355 1302 1357 -1 1320 1381 1367 -1 1381 1320 1382 -1 1350 1329 1383 -1 1382 1320 1384 -1 1385 1363 1380 -1 1311 1299 1386 -1 1365 1387 1376 -1 1388 1387 1365 -1 1368 1388 1365 -1 1378 1360 1356 -1 1348 1354 1297 -1 1364 1374 1378 -1 1296 1375 1320 -1 1378 1374 1389 -1 1376 1383 1329 -1 1367 1381 1390 -1 1379 1361 1373 -1 1360 1368 1369 -1 1360 1378 1368 -1 1378 1389 1368 -1 1391 1366 1308 -1 1316 1391 1308 -1 1368 1389 1392 -1 1306 1393 1319 -1 1394 1393 1306 -1 1306 1292 1394 -1 1323 1370 1346 -1 1395 1346 1370 -1 1299 1354 1386 -1 1385 1371 1363 -1 1390 1381 1396 -1 1380 1372 1397 -1 1349 1379 1374 -1 1376 1387 1398 -1 1389 1399 1400 -1 1368 1392 1388 -1 1389 1400 1392 -1 1375 1377 1401 -1 1316 1301 1402 -1 1394 1292 1346 -1 1402 1301 1403 -1 1355 1403 1301 -1 1395 1370 1385 -1 1348 1347 1390 -1 1370 1362 1371 -1 1347 1367 1390 -1 1396 1381 1382 -1 1382 1384 1404 -1 1388 1405 1387 -1 1373 1359 1342 -1 1372 1350 1406 -1 1406 1397 1372 -1 1406 1383 1407 -1 1350 1383 1406 -1 1374 1399 1389 -1 1383 1376 1407 -1 1399 1374 1379 -1 1309 1366 1377 -1 1371 1385 1370 -1 1375 1408 1320 -1 1409 1388 1392 -1 1391 1377 1366 -1 1377 1391 1410 -1 1401 1377 1411 -1 1412 1394 1346 -1 1412 1346 1395 -1 1348 1390 1413 -1 1390 1396 1413 -1 1396 1382 1404 -1 1384 1320 1408 -1 1373 1414 1379 -1 1397 1415 1380 -1 1416 1399 1379 -1 1417 1415 1397 -1 1417 1397 1418 -1 1400 1399 1416 -1 1375 1401 1408 -1 1406 1407 1419 -1 1316 1402 1391 -1 1407 1376 1420 -1 1391 1402 1410 -1 1357 1319 1421 -1 1410 1411 1377 -1 1410 1402 1422 -1 1393 1423 1421 -1 1319 1393 1421 -1 1393 1394 1423 -1 1355 1357 1424 -1 1395 1385 1425 -1 1354 1348 1413 -1 1426 1373 1342 -1 1409 1405 1388 -1 1397 1406 1418 -1 1418 1406 1419 -1 1376 1398 1420 -1 1398 1387 1427 -1 1402 1403 1428 -1 1423 1394 1412 -1 1357 1421 1424 -1 1424 1429 1355 -1 1403 1355 1429 -1 1430 1385 1431 -1 1385 1380 1431 -1 1380 1415 1431 -1 1386 1354 1432 -1 1433 1415 1417 -1 1354 1413 1432 -1 1414 1373 1426 -1 1416 1379 1414 -1 1384 1408 1404 -1 1408 1434 1404 -1 1387 1405 1435 -1 1405 1409 1435 -1 1428 1403 1429 -1 1424 1421 1436 -1 1437 1395 1425 -1 1412 1395 1437 -1 1401 1438 1408 -1 1433 1431 1415 -1 1400 1439 1392 -1 1440 1407 1420 -1 1441 1392 1439 -1 1413 1396 1434 -1 1396 1404 1434 -1 1435 1409 1442 -1 1398 1427 1420 -1 1435 1427 1387 -1 1402 1428 1422 -1 1385 1430 1425 -1 1414 1426 1443 -1 1431 1433 1444 -1 1433 1417 1445 -1 1434 1408 1438 -1 1409 1392 1441 -1 1427 1435 1446 -1 1447 1420 1448 -1 1420 1427 1448 -1 1411 1449 1401 -1 1448 1427 1446 -1 1432 1413 1450 -1 1451 1413 1434 -1 1421 1423 1452 -1 1436 1421 1452 -1 1423 1412 1452 -1 1429 1424 1453 -1 1444 1433 1445 -1 1419 1407 1440 -1 1440 1420 1447 -1 1400 1416 1454 -1 1439 1400 1454 -1 1442 1409 1441 -1 1455 1442 1441 -1 1435 1442 1446 -1 1422 1456 1410 -1 1457 1446 1442 -1 1453 1424 1436 -1 1452 1412 1437 -1 1458 1459 1425 -1 1401 1449 1438 -1 1430 1431 1460 -1 1457 1448 1446 -1 1434 1438 1461 -1 1430 1458 1425 -1 1462 1460 1431 -1 1444 1462 1431 -1 1445 1417 1463 -1 1418 1463 1417 -1 1464 1440 1447 -1 1428 1429 1453 -1 1411 1410 1465 -1 1451 1434 1466 -1 1425 1467 1437 -1 1425 1459 1467 -1 1461 1438 1468 -1 1457 1442 1455 -1 1418 1419 1463 -1 1458 1467 1459 -1 1413 1451 1450 -1 1466 1434 1461 -1 1438 1449 1468 -1 1469 1430 1460 -1 1463 1419 1470 -1 1416 1414 1471 -1 1428 1453 1472 -1 1447 1448 1473 -1 1448 1474 1473 -1 1457 1474 1448 -1 1465 1410 1456 -1 1436 1452 1475 -1 1437 1467 1452 -1 1472 1436 1476 -1 1436 1472 1453 -1 1469 1458 1430 -1 1477 1469 1460 -1 1460 1462 1477 -1 1462 1444 1478 -1 1422 1428 1479 -1 1428 1472 1479 -1 1456 1422 1479 -1 1471 1414 1480 -1 1419 1440 1470 -1 1436 1475 1476 -1 1481 1455 1441 -1 1449 1482 1468 -1 1477 1462 1478 -1 1483 1475 1452 -1 1416 1484 1454 -1 1416 1471 1484 -1 1481 1441 1485 -1 1476 1486 1472 -1 1461 1468 1487 -1 1451 1466 1488 -1 1449 1489 1482 -1 1449 1411 1489 -1 1445 1478 1444 -1 1445 1463 1490 -1 1470 1440 1491 -1 1439 1454 1485 -1 1440 1464 1491 -1 1441 1439 1485 -1 1492 1475 1483 -1 1457 1455 1493 -1 1452 1467 1494 -1 1474 1457 1495 -1 1494 1467 1496 -1 1467 1458 1496 -1 1487 1468 1482 -1 1463 1470 1490 -1 1414 1443 1480 -1 1464 1447 1473 -1 1473 1474 1497 -1 1455 1481 1498 -1 1493 1495 1457 -1 1486 1499 1472 -1 1500 1476 1475 -1 1469 1496 1458 -1 1450 1451 1501 -1 1466 1461 1487 -1 1469 1477 1502 -1 1477 1478 1502 -1 1502 1478 1503 -1 1478 1445 1503 -1 1479 1472 1499 -1 1491 1504 1470 -1 1483 1452 1505 -1 1500 1475 1492 -1 1494 1505 1452 -1 1474 1495 1506 -1 1507 1486 1476 -1 1507 1476 1500 -1 1451 1488 1501 -1 1465 1489 1411 -1 1481 1485 1498 -1 1499 1456 1479 -1 1490 1470 1504 -1 1455 1498 1493 -1 1491 1464 1473 -1 1469 1508 1496 -1 1509 1466 1487 -1 1503 1445 1490 -1 1471 1480 1510 -1 1499 1511 1456 -1 1456 1512 1465 -1 1492 1483 1513 -1 1483 1505 1513 -1 1474 1506 1497 -1 1514 1500 1492 -1 1499 1486 1515 -1 1511 1499 1515 -1 1501 1488 1516 -1 1488 1466 1516 -1 1466 1509 1516 -1 1517 1482 1489 -1 1489 1465 1512 -1 1510 1484 1471 -1 1502 1503 1518 -1 1454 1484 1519 -1 1511 1512 1456 -1 1507 1515 1486 -1 1507 1500 1514 -1 1520 1517 1489 -1 1512 1520 1489 -1 1469 1502 1521 -1 1454 1519 1485 -1 1493 1522 1495 -1 1511 1515 1523 -1 1487 1482 1517 -1 1490 1504 1524 -1 1473 1497 1525 -1 1512 1511 1526 -1 1522 1493 1498 -1 1527 1515 1507 -1 1526 1511 1523 -1 1496 1528 1494 -1 1487 1517 1529 -1 1520 1529 1517 -1 1520 1512 1526 -1 1502 1530 1521 -1 1518 1503 1531 -1 1503 1490 1531 -1 1532 1492 1513 -1 1519 1484 1510 -1 1504 1491 1533 -1 1491 1473 1533 -1 1506 1495 1534 -1 1535 1505 1494 -1 1527 1507 1536 -1 1523 1515 1527 -1 1529 1509 1487 -1 1537 1498 1485 -1 1531 1490 1524 -1 1513 1535 1532 -1 1513 1505 1535 -1 1492 1532 1514 -1 1525 1533 1473 -1 1514 1536 1507 -1 1538 1523 1527 -1 1526 1523 1538 -1 1528 1496 1508 -1 1508 1469 1521 -1 1539 1501 1516 -1 1526 1540 1520 -1 1502 1518 1530 -1 1537 1485 1519 -1 1506 1534 1497 -1 1534 1495 1522 -1 1541 1509 1529 -1 1539 1516 1542 -1 1540 1526 1543 -1 1516 1509 1542 -1 1538 1543 1526 -1 1535 1544 1532 -1 1525 1497 1545 -1 1510 1546 1547 -1 1519 1510 1547 -1 1501 1539 1548 -1 1524 1504 1533 -1 1542 1509 1541 -1 1529 1520 1549 -1 1540 1549 1520 -1 1530 1550 1521 -1 1530 1518 1551 -1 1531 1551 1518 -1 1514 1532 1544 -1 1522 1498 1537 -1 1524 1533 1552 -1 1533 1525 1553 -1 1545 1497 1534 -1 1494 1528 1554 -1 1541 1529 1549 -1 1508 1521 1550 -1 1550 1530 1555 -1 1537 1519 1556 -1 1553 1552 1533 -1 1556 1519 1547 -1 1544 1535 1557 -1 1535 1494 1554 -1 1558 1528 1508 -1 1547 1546 1559 -1 1544 1536 1514 -1 1537 1560 1522 -1 1535 1554 1557 -1 1508 1550 1558 -1 1561 1539 1542 -1 1530 1551 1555 -1 1524 1562 1531 -1 1541 1549 1563 -1 1537 1556 1564 -1 1534 1522 1565 -1 1566 1538 1527 -1 1538 1566 1543 -1 1549 1540 1567 -1 1531 1562 1551 -1 1560 1537 1564 -1 1564 1556 1568 -1 1562 1524 1552 -1 1556 1547 1559 -1 1542 1541 1563 -1 1553 1525 1545 -1 1522 1560 1565 -1 1565 1545 1534 -1 1543 1566 1540 -1 1569 1544 1570 -1 1557 1570 1544 -1 1536 1544 1569 -1 1557 1554 1528 -1 1536 1571 1527 -1 1548 1539 1572 -1 1539 1561 1572 -1 1542 1563 1561 -1 1549 1567 1563 -1 1567 1540 1566 -1 1570 1573 1574 -1 1570 1557 1573 -1 1536 1569 1571 -1 1550 1555 1575 -1 1559 1576 1556 -1 1577 1556 1576 -1 1553 1545 1578 -1 1565 1578 1545 -1 1571 1566 1527 -1 1528 1558 1579 -1 1558 1550 1575 -1 1555 1551 1580 -1 1551 1562 1581 -1 1562 1552 1582 -1 1560 1564 1577 -1 1564 1568 1577 -1 1568 1556 1577 -1 1557 1528 1583 -1 1572 1561 1584 -1 1580 1551 1581 -1 1581 1562 1582 -1 1574 1569 1570 -1 1563 1567 1585 -1 1573 1586 1574 -1 1557 1583 1587 -1 1579 1583 1528 -1 1580 1575 1555 -1 1552 1553 1588 -1 1578 1588 1553 -1 1577 1589 1560 -1 1565 1560 1590 -1 1561 1563 1591 -1 1589 1590 1560 -1 1573 1557 1587 -1 1592 1572 1584 -1 1558 1593 1579 -1 1591 1584 1561 -1 1558 1575 1593 -1 1576 1559 1594 -1 1563 1585 1591 -1 1552 1588 1582 -1 1578 1565 1590 -1 1593 1575 1595 -1 1596 1595 1575 -1 1580 1596 1575 -1 1597 1580 1581 -1 1577 1576 1598 -1 1597 1581 1599 -1 1582 1599 1581 -1 1592 1584 1600 -1 1593 1583 1579 -1 1601 1596 1580 -1 1597 1602 1580 -1 1603 1604 1569 -1 1571 1569 1604 -1 1605 1589 1577 -1 1599 1582 1588 -1 1576 1594 1598 -1 1606 1571 1604 -1 1605 1577 1598 -1 1607 1567 1566 -1 1590 1608 1578 -1 1609 1590 1589 -1 1584 1591 1610 -1 1583 1593 1595 -1 1603 1574 1586 -1 1569 1574 1603 -1 1591 1611 1610 -1 1566 1571 1606 -1 1608 1599 1588 -1 1578 1608 1588 -1 1573 1587 1586 -1 1586 1587 1612 -1 1587 1583 1612 -1 1612 1583 1613 -1 1583 1595 1613 -1 1614 1613 1595 -1 1595 1596 1614 -1 1601 1580 1602 -1 1597 1599 1615 -1 1591 1585 1616 -1 1585 1567 1616 -1 1608 1590 1609 -1 1589 1617 1609 -1 1618 1586 1612 -1 1619 1600 1584 -1 1620 1601 1602 -1 1617 1605 1621 -1 1589 1605 1617 -1 1605 1598 1621 -1 1591 1616 1611 -1 1608 1622 1599 -1 1616 1567 1607 -1 1586 1618 1603 -1 1603 1618 1623 -1 1600 1619 1624 -1 1584 1610 1619 -1 1614 1596 1625 -1 1596 1601 1625 -1 1615 1599 1626 -1 1604 1627 1606 -1 1607 1606 1627 -1 1608 1609 1622 -1 1606 1607 1566 -1 1617 1628 1609 -1 1629 1618 1612 -1 1613 1629 1612 -1 1629 1613 1630 -1 1603 1623 1604 -1 1631 1611 1616 -1 1615 1602 1597 -1 1615 1626 1632 -1 1628 1617 1633 -1 1626 1599 1622 -1 1628 1634 1609 -1 1616 1607 1635 -1 1619 1610 1611 -1 1629 1636 1618 -1 1637 1636 1629 -1 1630 1637 1629 -1 1627 1604 1623 -1 1613 1614 1630 -1 1638 1639 1598 -1 1621 1598 1639 -1 1621 1633 1617 -1 1622 1609 1634 -1 1616 1635 1631 -1 1624 1619 1640 -1 1611 1640 1619 -1 1632 1602 1615 -1 1634 1641 1622 -1 1622 1641 1626 -1 1631 1640 1611 -1 1623 1618 1642 -1 1643 1630 1614 -1 1625 1601 1644 -1 1627 1623 1645 -1 1631 1635 1646 -1 1635 1607 1647 -1 1647 1607 1648 -1 1642 1618 1636 -1 1649 1635 1647 -1 1632 1620 1602 -1 1632 1626 1650 -1 1651 1624 1640 -1 1640 1631 1652 -1 1645 1648 1627 -1 1623 1642 1645 -1 1607 1627 1648 -1 1635 1649 1646 -1 1644 1601 1620 -1 1653 1632 1650 -1 1626 1641 1650 -1 1634 1628 1654 -1 1655 1654 1628 -1 1656 1642 1636 -1 1614 1625 1657 -1 1646 1652 1631 -1 1628 1633 1655 -1 1633 1621 1639 -1 1632 1653 1620 -1 1658 1641 1634 -1 1634 1654 1659 -1 1645 1642 1660 -1 1633 1639 1661 -1 1644 1620 1662 -1 1658 1650 1641 -1 1663 1645 1660 -1 1648 1645 1663 -1 1660 1642 1664 -1 1636 1637 1656 -1 1637 1630 1665 -1 1643 1665 1630 -1 1643 1614 1657 -1 1640 1652 1651 -1 1657 1625 1644 -1 1634 1666 1658 -1 1666 1634 1659 -1 1655 1667 1654 -1 1663 1668 1648 -1 1648 1669 1647 -1 1656 1664 1642 -1 1656 1637 1670 -1 1633 1661 1655 -1 1657 1644 1671 -1 1662 1620 1653 -1 1659 1654 1672 -1 1672 1654 1667 -1 1668 1669 1648 -1 1637 1665 1670 -1 1649 1647 1669 -1 1644 1662 1671 -1 1658 1666 1673 -1 1658 1674 1650 -1 1666 1659 1675 -1 1660 1676 1663 -1 1676 1660 1664 -1 1670 1665 1677 -1 1665 1643 1677 -1 1671 1643 1657 -1 1667 1655 1678 -1 1658 1673 1674 -1 1663 1676 1679 -1 1679 1668 1663 -1 1677 1643 1680 -1 1655 1661 1678 -1 1652 1646 1681 -1 1653 1650 1662 -1 1671 1662 1682 -1 1662 1650 1683 -1 1651 1652 1681 -1 1675 1673 1666 -1 1672 1684 1659 -1 1676 1664 1685 -1 1656 1670 1686 -1 1674 1683 1650 -1 1675 1659 1684 -1 1672 1667 1678 -1 1656 1686 1664 -1 1687 1686 1670 -1 1680 1643 1671 -1 1681 1646 1688 -1 1646 1649 1688 -1 1662 1683 1682 -1 1672 1678 1689 -1 1676 1690 1679 -1 1649 1669 1691 -1 1692 1649 1691 -1 1671 1682 1693 -1 1673 1675 1694 -1 1685 1664 1686 -1 1693 1680 1671 -1 1688 1649 1692 -1 1692 1695 1688 -1 1696 1673 1694 -1 1697 1694 1675 -1 1684 1697 1675 -1 1698 1684 1672 -1 1696 1683 1674 -1 1673 1696 1674 -1 1668 1679 1699 -1 1687 1670 1700 -1 1670 1677 1700 -1 1701 1680 1693 -1 1702 1693 1682 -1 1682 1683 1702 -1 1703 1702 1683 -1 1703 1683 1696 -1 1704 1705 1697 -1 1706 1707 1696 -1 1694 1706 1696 -1 1705 1706 1694 -1 1676 1708 1690 -1 1697 1705 1694 -1 1709 1686 1687 -1 1677 1680 1700 -1 1684 1698 1697 -1 1689 1698 1672 -1 1703 1696 1707 -1 1706 1710 1707 -1 1711 1679 1690 -1 1699 1679 1711 -1 1676 1685 1708 -1 1712 1668 1699 -1 1669 1668 1712 -1 1680 1713 1700 -1 1701 1713 1680 -1 1695 1692 1714 -1 1692 1691 1714 -1 1715 1702 1716 -1 1702 1703 1716 -1 1717 1707 1710 -1 1693 1715 1718 -1 1702 1715 1693 -1 1710 1706 1719 -1 1720 1669 1712 -1 1691 1669 1720 -1 1709 1685 1686 -1 1711 1690 1708 -1 1685 1721 1708 -1 1712 1699 1722 -1 1709 1721 1685 -1 1713 1723 1700 -1 1700 1723 1687 -1 1695 1724 1688 -1 1715 1716 1725 -1 1716 1703 1717 -1 1703 1707 1717 -1 1701 1693 1718 -1 1711 1722 1699 -1 1720 1726 1691 -1 1709 1687 1723 -1 1713 1701 1718 -1 1691 1726 1714 -1 1718 1715 1725 -1 1706 1705 1719 -1 1727 1728 1729 -1 1711 1708 1730 -1 1721 1731 1708 -1 1730 1708 1732 -1 1733 1734 1735 -1 1724 1695 1735 -1 1712 1722 1736 -1 1720 1712 1736 -1 1737 1738 1723 -1 1718 1739 1713 -1 1716 1717 1725 -1 1719 1705 1740 -1 1728 1727 1741 -1 1722 1742 1743 -1 1731 1732 1708 -1 1711 1742 1722 -1 1731 1744 1745 -1 1746 1747 1748 -1 1735 1749 1733 -1 1747 1750 1751 -1 1749 1735 1726 -1 1695 1726 1735 -1 1695 1714 1726 -1 1709 1723 1738 -1 1713 1737 1723 -1 1717 1752 1753 -1 1752 1717 1710 -1 1719 1752 1710 -1 1742 1729 1754 -1 1742 1711 1729 -1 1742 1754 1755 -1 1755 1743 1742 -1 1730 1727 1729 -1 1730 1729 1711 -1 1733 1756 1734 -1 1733 1749 1743 -1 1726 1757 1749 -1 1743 1736 1722 -1 1720 1757 1726 -1 1720 1736 1757 -1 1744 1738 1748 -1 1738 1744 1731 -1 1748 1738 1746 -1 1746 1738 1758 -1 1721 1709 1738 -1 1759 1746 1758 -1 1760 1761 1759 -1 1739 1737 1713 -1 1762 1763 1764 -1 1765 1764 1763 -1 1766 1765 1763 -1 1767 1766 1763 -1 1767 1763 1762 -1 1762 1739 1718 -1 1745 1768 1769 -1 1762 1718 1725 -1 1770 1730 1771 -1 1730 1770 1727 -1 1767 1762 1725 -1 1771 1730 1732 -1 1732 1745 1769 -1 1745 1732 1731 -1 1767 1725 1717 -1 1753 1767 1717 -1 1772 1773 1774 -1 1772 1769 1768 -1 1772 1768 1744 -1 1773 1772 1747 -1 1747 1751 1773 -1 1745 1744 1768 -1 1772 1744 1748 -1 1748 1747 1772 -1 1747 1746 1775 -1 1759 1775 1746 -1 1750 1747 1775 -1 1764 1761 1760 -1 1743 1755 1756 -1 1733 1743 1756 -1 1757 1743 1749 -1 1743 1757 1736 -1 1738 1731 1721 -1 1737 1758 1738 -1 1759 1758 1760 -1 1760 1758 1739 -1 1739 1758 1737 -1 1760 1739 1764 -1 1761 1775 1759 -1 1753 1766 1767 -1 1765 1761 1764 -1 1762 1764 1739 -1 1776 1777 1778 -1 1779 1777 1776 -1 1779 439 1777 -1 439 368 1777 -1 1780 367 1781 -1 444 1782 1783 -1 1781 367 366 -1 1781 366 391 -1 371 444 1783 -1 388 1784 461 -1 1785 1786 388 -1 1784 388 1786 -1 421 1787 388 -1 1778 1777 1788 -1 1789 1790 405 -1 1790 1787 405 -1 444 465 1782 -1 1787 421 405 -1 1789 405 505 -1 1782 1791 1783 -1 1792 1776 1778 -1 1793 367 1780 -1 1784 1786 1794 -1 391 461 1781 -1 388 1795 1785 -1 1793 1778 1788 -1 1788 1777 368 -1 1795 1790 1796 -1 465 1797 1782 -1 465 439 1797 -1 1798 1790 1789 -1 1799 1793 1780 -1 1781 1800 1780 -1 1801 517 507 -1 1800 1781 1794 -1 1784 1794 461 -1 1781 461 1794 -1 1788 367 1793 -1 367 1788 368 -1 1802 1794 1786 -1 1787 1790 1795 -1 1803 1785 1795 -1 1804 1791 1805 -1 1805 1791 1779 -1 1804 1805 1806 -1 1791 1782 1779 -1 439 1779 1797 -1 1799 1792 1778 -1 1799 1778 1793 -1 1805 1779 1776 -1 1802 1800 1794 -1 388 1787 1795 -1 1790 1798 1796 -1 1807 1808 1809 -1 1810 1798 1811 -1 1803 1812 1785 -1 1789 1813 1798 -1 1796 1803 1795 -1 1813 1789 505 -1 517 1813 505 -1 1791 1814 1815 -1 1816 1791 1815 -1 1791 1816 1783 -1 1814 1791 1804 -1 1817 523 1818 -1 1818 523 522 -1 1808 1819 1820 -1 1797 1779 1782 -1 1821 1783 1809 -1 371 1783 1821 -1 1822 1823 1792 -1 1805 1776 1806 -1 1823 1776 1792 -1 1780 1800 1824 -1 1825 1824 1826 -1 1810 1796 1798 -1 1827 1824 1828 -1 1802 1828 1800 -1 1800 1828 1824 -1 1807 1829 1830 -1 1810 1811 1831 -1 1829 1807 1832 -1 1828 1802 1833 -1 1811 1798 1834 -1 1802 1786 1833 -1 1808 1807 1835 -1 1836 1801 1837 -1 1833 1786 1785 -1 1832 1816 1815 -1 1837 1801 1838 -1 1838 1801 1818 -1 1785 1812 1833 -1 1816 1832 1807 -1 1813 1834 1798 -1 1809 1808 1820 -1 517 1834 1813 -1 1836 1834 1801 -1 1801 1834 517 -1 1816 1807 1809 -1 507 1817 1801 -1 507 523 1817 -1 1839 1804 1806 -1 1840 1822 1792 -1 1823 1806 1776 -1 1840 1792 1841 -1 1841 1792 1842 -1 1792 1799 1842 -1 1842 1799 1841 -1 1780 1841 1799 -1 1825 1780 1824 -1 1821 1809 1820 -1 1824 1827 1826 -1 1843 1840 1841 -1 1844 1840 1845 -1 1846 1840 1844 -1 1843 1841 1825 -1 1825 1841 1780 -1 1840 1847 1845 -1 1847 1840 1848 -1 1848 1840 1843 -1 1849 1826 1827 -1 1848 1843 1826 -1 1825 1826 1843 -1 1850 1851 1852 -1 1853 1854 1812 -1 1829 1850 1855 -1 1853 1812 1856 -1 1857 1836 1837 -1 1830 1829 1855 -1 1829 1858 1850 -1 1835 1807 1830 -1 1803 1856 1812 -1 1834 1836 1811 -1 1856 1803 1796 -1 1817 1818 1801 -1 1859 1814 1860 -1 1860 1814 1804 -1 1858 1814 1861 -1 1862 1863 1818 -1 1839 1864 1860 -1 1863 1838 1818 -1 1860 1804 1839 -1 1822 1839 1823 -1 1806 1823 1839 -1 1814 1858 1815 -1 1862 1818 1865 -1 1816 1809 1783 -1 1818 522 1865 -1 1840 1846 1822 -1 1866 1859 1860 -1 1867 1868 1869 -1 1810 1867 1870 -1 1810 1870 1853 -1 1844 1871 1864 -1 1871 1860 1864 -1 1853 1856 1810 -1 1864 1846 1844 -1 1831 1867 1810 -1 1845 1872 1873 -1 1868 1867 1831 -1 1847 1872 1845 -1 1810 1856 1796 -1 1874 1847 1848 -1 1837 1875 1876 -1 1827 1828 1877 -1 1828 1878 1877 -1 1878 1828 1879 -1 1880 1878 1879 -1 1848 1826 1849 -1 1879 1828 1833 -1 1833 1812 1880 -1 1881 1854 1853 -1 1881 1853 1869 -1 1882 1852 1851 -1 1854 1880 1812 -1 1833 1880 1879 -1 1883 1851 1884 -1 1861 1851 1850 -1 1859 1866 1885 -1 1859 1861 1814 -1 1850 1858 1861 -1 1864 1839 1846 -1 1852 1855 1850 -1 1822 1846 1839 -1 1815 1858 1829 -1 1861 1859 1886 -1 1887 1885 1866 -1 1888 1866 1889 -1 1889 1866 1860 -1 1890 1875 1891 -1 1871 1892 1893 -1 1875 1894 1895 -1 1873 1892 1871 -1 1889 1860 1871 -1 1896 1869 1868 -1 1869 1870 1867 -1 1868 1876 1897 -1 1897 1876 1890 -1 1898 1872 1899 -1 1847 1899 1872 -1 1876 1868 1831 -1 1847 1874 1899 -1 1900 1901 1902 -1 1901 1900 1903 -1 1876 1875 1890 -1 1855 1852 1901 -1 1831 1857 1876 -1 1811 1857 1831 -1 1857 1811 1836 -1 1875 1837 1894 -1 1838 1894 1837 -1 1894 1838 1863 -1 1827 1904 1849 -1 1904 1827 1877 -1 1883 1882 1851 -1 1905 1877 1878 -1 1905 1878 1906 -1 1882 1901 1852 -1 1849 1874 1848 -1 1886 1884 1851 -1 1854 1906 1880 -1 1886 1885 1884 -1 1886 1851 1861 -1 1878 1880 1906 -1 1907 1854 1881 -1 1829 1832 1815 -1 1896 1881 1869 -1 1869 1853 1870 -1 1885 1886 1859 -1 1908 1888 1893 -1 1909 1910 1868 -1 1911 1868 1897 -1 1883 1912 1913 -1 1911 1897 1914 -1 1897 1890 1915 -1 1893 1888 1889 -1 1888 1887 1866 -1 1884 1912 1883 -1 1915 1890 1891 -1 1912 1884 1887 -1 1887 1884 1885 -1 1895 1891 1875 -1 1893 1889 1871 -1 1868 1910 1896 -1 1873 1871 1844 -1 1857 1837 1876 -1 1872 1898 1916 -1 1898 1899 1917 -1 1918 1863 1862 -1 1873 1844 1845 -1 1873 1872 1919 -1 1905 1920 1877 -1 1902 1901 1921 -1 1922 1881 1910 -1 1900 1902 1923 -1 1896 1910 1881 -1 1899 1874 1849 -1 1855 1901 1903 -1 1924 1904 1877 -1 1830 1855 1903 -1 1925 1905 1906 -1 1906 1854 1925 -1 1854 1907 1925 -1 1883 1913 1882 -1 1849 1904 1917 -1 1926 1927 1882 -1 1927 1928 1921 -1 1929 1913 1930 -1 1931 1930 1932 -1 1909 1922 1910 -1 1933 1893 1892 -1 1911 1909 1868 -1 1930 1913 1912 -1 1892 1873 1919 -1 1914 1897 1915 -1 1932 1887 1888 -1 1898 1934 1916 -1 1894 1863 1935 -1 1916 1919 1872 -1 1898 1936 1934 -1 1937 1877 1920 -1 1937 1920 1938 -1 1882 1927 1901 -1 1920 1905 1925 -1 1920 1925 1907 -1 1920 1907 1938 -1 1922 1938 1881 -1 1881 1938 1907 -1 1898 1917 1939 -1 1924 1939 1904 -1 1917 1904 1939 -1 1899 1849 1917 -1 1940 1921 1941 -1 1942 1943 1922 -1 1944 1934 1945 -1 1922 1909 1942 -1 1934 1944 1946 -1 1947 1942 1911 -1 1942 1909 1911 -1 1945 1934 1936 -1 1921 1928 1941 -1 1908 1893 1948 -1 1928 1927 1926 -1 1947 1911 1914 -1 1932 1949 1931 -1 1948 1893 1933 -1 1919 1933 1892 -1 1950 1933 1919 -1 1931 1929 1930 -1 1929 1951 1913 -1 1913 1926 1882 -1 1930 1912 1932 -1 1950 1919 1916 -1 1887 1932 1912 -1 1916 1934 1952 -1 1877 1953 1924 -1 1953 1877 1937 -1 1954 1922 1943 -1 1939 1936 1898 -1 1955 1939 1924 -1 1927 1921 1901 -1 1956 1953 1937 -1 1937 1938 1957 -1 1938 1922 1957 -1 1954 1957 1922 -1 1936 1939 1955 -1 1941 1928 1951 -1 1926 1951 1928 -1 1914 1915 1958 -1 1949 1959 1931 -1 1935 1863 1918 -1 1960 1932 1888 -1 1961 1960 1908 -1 1908 1960 1888 -1 1962 1933 1946 -1 1952 1933 1950 -1 1952 1946 1933 -1 1952 1934 1946 -1 1916 1952 1950 -1 1955 1945 1936 -1 1924 1953 1955 -1 1954 1943 1963 -1 1956 1937 1954 -1 1954 1937 1957 -1 1956 1954 1964 -1 1962 1965 1948 -1 1962 1948 1933 -1 1941 1966 1967 -1 1962 1968 1965 -1 1969 1942 1970 -1 1942 1969 1943 -1 1971 1940 1941 -1 1970 1942 1947 -1 1972 1944 1973 -1 1921 1974 1902 -1 1973 1944 1945 -1 1908 1975 1961 -1 1891 1976 1915 -1 1976 1891 1895 -1 1951 1966 1941 -1 1895 1894 1935 -1 1975 1908 1948 -1 1951 1926 1913 -1 1931 1959 1977 -1 1931 1977 1929 -1 1978 1953 1979 -1 1953 1956 1979 -1 1980 1959 1949 -1 1949 1932 1960 -1 1955 1953 1981 -1 1973 1945 1955 -1 1973 1955 1981 -1 1982 1902 1974 -1 1983 1978 1979 -1 1923 1902 1982 -1 1984 1956 1985 -1 1984 1979 1956 -1 1978 1973 1981 -1 1981 1953 1978 -1 1941 1967 1971 -1 1986 1961 1975 -1 1964 1954 1963 -1 1966 1951 1929 -1 1940 1971 1987 -1 1988 1940 1987 -1 1969 1964 1943 -1 1963 1943 1964 -1 1964 1969 1989 -1 1990 1974 1988 -1 1988 1974 1940 -1 1921 1940 1974 -1 1946 1991 1962 -1 1992 1972 1978 -1 1991 1972 1968 -1 1977 1959 1993 -1 1959 1994 1993 -1 1968 1962 1991 -1 1946 1944 1991 -1 1980 1994 1959 -1 1972 1991 1944 -1 1994 1980 1995 -1 1958 1915 1976 -1 1973 1978 1972 -1 1980 1949 1960 -1 1980 1960 1961 -1 1985 1996 1984 -1 1982 1974 1997 -1 1995 1998 1999 -1 2000 1975 1948 -1 1986 1975 2001 -1 1986 1995 1961 -1 1986 2001 1998 -1 1995 1986 1998 -1 1947 1914 1970 -1 1958 1976 2002 -1 2003 2004 1967 -1 1976 1895 2005 -1 1895 1935 2006 -1 1967 2007 1971 -1 2008 1935 1918 -1 2009 1972 1992 -1 2010 2009 2011 -1 2011 2009 1992 -1 2012 1967 1993 -1 1990 1988 1987 -1 1999 1994 1995 -1 1999 1993 1994 -1 1995 1980 1961 -1 2013 1983 1979 -1 2014 1985 2015 -1 1985 1956 2016 -1 2017 1982 1997 -1 1956 1964 2016 -1 1964 1989 2016 -1 1997 2018 2019 -1 2018 1997 1990 -1 2018 1990 1987 -1 1965 2020 2021 -1 1970 1914 1958 -1 2001 1975 2000 -1 1990 1997 1974 -1 1895 2006 2005 -1 2021 1948 1965 -1 1999 1998 2022 -1 2009 2023 1972 -1 2024 1998 2025 -1 2004 2007 1967 -1 1992 1978 1983 -1 1965 1968 2023 -1 1967 2012 2003 -1 1972 2023 1968 -1 2026 2012 1999 -1 1999 2012 1993 -1 1967 1977 1993 -1 1966 1977 1967 -1 1977 1966 1929 -1 2011 1992 2013 -1 1984 2027 1979 -1 1983 2013 1992 -1 1985 2014 1996 -1 1985 2016 2015 -1 2015 2016 1989 -1 1984 1996 2027 -1 2014 2028 1996 -1 1969 1970 2029 -1 2007 2019 2018 -1 2007 2018 1971 -1 2020 1965 2030 -1 2023 2030 1965 -1 1935 2008 2006 -1 1971 2018 1987 -1 2000 1948 2021 -1 2009 2030 2023 -1 2009 2010 2031 -1 2012 2032 2003 -1 2032 2012 2026 -1 2032 2026 2033 -1 2026 1999 2022 -1 2024 2022 1998 -1 1998 2001 2025 -1 2025 2001 2000 -1 2015 1989 2034 -1 1989 1969 2035 -1 1970 1958 2036 -1 2027 1996 2037 -1 2014 2038 2028 -1 2014 2039 2038 -1 2039 2014 2015 -1 2000 2021 2040 -1 1997 2041 2017 -1 2031 2010 2042 -1 2010 2011 2043 -1 2027 2013 1979 -1 2024 2033 2022 -1 2026 2022 2033 -1 2035 1969 2029 -1 2036 2029 1970 -1 2036 1958 2002 -1 2002 1976 2005 -1 2042 2010 2043 -1 2007 2004 2044 -1 1996 2028 2037 -1 1997 2019 2045 -1 1997 2045 2041 -1 2040 2046 2000 -1 2047 2030 2031 -1 2009 2031 2030 -1 2024 2025 2046 -1 2030 2047 2020 -1 2047 2031 2042 -1 2000 2046 2025 -1 2048 2044 2004 -1 2013 2043 2011 -1 2043 2013 2027 -1 2015 2034 2039 -1 2037 2043 2027 -1 2049 2021 2020 -1 2021 2049 2040 -1 2041 2045 2050 -1 1989 2035 2034 -1 2048 2004 2003 -1 2032 2051 2003 -1 2032 2033 2052 -1 2052 2024 2053 -1 2024 2052 2033 -1 2002 2005 2054 -1 2024 2046 2053 -1 2028 2038 2055 -1 2038 2039 2056 -1 2045 2019 2057 -1 2054 2005 2058 -1 2040 2053 2046 -1 2005 2006 2059 -1 2060 2006 2008 -1 2061 2053 2040 -1 2044 2048 2062 -1 2047 2063 2020 -1 2007 2044 2019 -1 2063 2047 2042 -1 2048 2003 2051 -1 2032 2052 2051 -1 2054 2036 2002 -1 2006 2060 2059 -1 2042 2043 2064 -1 2064 2043 2037 -1 2037 2028 2065 -1 2039 2034 2066 -1 2061 2040 2049 -1 2049 2020 2063 -1 2029 2036 2067 -1 2036 2054 2068 -1 2059 2058 2005 -1 2059 2060 2069 -1 2065 2028 2055 -1 2055 2038 2056 -1 2057 2019 2044 -1 2070 2052 2053 -1 2058 2059 2069 -1 2064 2037 2065 -1 2056 2039 2066 -1 2044 2071 2057 -1 2044 2062 2071 -1 2066 2034 2072 -1 2051 2052 2073 -1 2029 2074 2035 -1 2036 2068 2067 -1 2053 2061 2070 -1 2068 2054 2075 -1 2054 2058 2075 -1 2058 2069 2075 -1 2050 2045 2076 -1 2045 2057 2076 -1 2035 2074 2034 -1 2074 2029 2067 -1 2070 2073 2052 -1 2063 2042 2077 -1 2074 2067 2078 -1 2068 2075 2079 -1 2080 2075 2069 -1 2051 2081 2048 -1 2051 2082 2081 -1 2082 2051 2073 -1 2065 2055 2083 -1 2083 2055 2056 -1 2072 2084 2066 -1 2034 2074 2072 -1 2078 2068 2079 -1 2067 2068 2078 -1 2079 2075 2080 -1 2076 2057 2085 -1 2063 2077 2086 -1 2042 2064 2077 -1 2064 2065 2087 -1 2056 2066 2084 -1 2063 2086 2049 -1 2072 2074 2088 -1 2089 2080 2069 -1 2071 2090 2057 -1 2081 2091 2048 -1 2048 2091 2062 -1 2082 2073 2092 -1 2093 2073 2070 -1 2093 2070 2094 -1 2070 2061 2094 -1 2083 2056 2095 -1 2084 2072 2096 -1 2062 2090 2071 -1 2049 2086 2097 -1 2088 2074 2098 -1 2099 2082 2092 -1 2078 2079 2098 -1 2086 2077 2100 -1 2087 2065 2101 -1 2100 2064 2087 -1 2064 2100 2077 -1 2090 2062 2091 -1 2084 2096 2102 -1 2103 2061 2049 -1 2057 2090 2085 -1 2074 2078 2098 -1 2098 2079 2104 -1 2104 2079 2080 -1 2101 2065 2083 -1 2095 2056 2105 -1 2105 2084 2102 -1 2103 2049 2097 -1 2072 2088 2096 -1 2092 2073 2093 -1 2104 2106 2098 -1 2081 2082 2099 -1 2089 2107 2080 -1 2056 2084 2105 -1 2076 2085 2108 -1 2094 2109 2093 -1 2104 2080 2110 -1 2099 2111 2081 -1 2081 2112 2091 -1 2113 2109 2094 -1 2085 2090 2114 -1 2090 2091 2114 -1 2085 2115 2108 -1 2094 2061 2113 -1 2113 2061 2103 -1 2096 2116 2102 -1 2096 2088 2117 -1 2106 2104 2110 -1 2118 2093 2109 -1 2101 2083 2119 -1 2095 2105 2120 -1 2105 2102 2116 -1 2116 2096 2117 -1 2093 2118 2121 -1 2121 2099 2092 -1 2092 2093 2121 -1 2115 2085 2114 -1 2106 2088 2098 -1 2112 2081 2111 -1 2114 2091 2112 -1 2110 2080 2122 -1 2122 2080 2123 -1 2097 2086 2124 -1 2083 2095 2119 -1 2119 2095 2120 -1 2105 2116 2125 -1 2113 2103 2097 -1 2106 2126 2088 -1 2126 2106 2110 -1 2121 2127 2099 -1 2112 2111 2127 -1 2111 2099 2127 -1 2080 2107 2123 -1 2124 2086 2100 -1 2128 2101 2119 -1 2125 2116 2129 -1 2088 2126 2117 -1 2126 2110 2130 -1 2123 2107 2131 -1 2118 2109 2132 -1 2133 2113 2134 -1 2135 2097 2124 -1 2100 2136 2124 -1 2137 2087 2128 -1 2087 2101 2128 -1 2125 2138 2105 -1 2112 2139 2114 -1 2116 2117 2129 -1 2108 2115 2140 -1 2141 2140 2115 -1 2121 2118 2142 -1 2142 2118 2132 -1 2127 2121 2142 -1 2132 2109 2113 -1 2143 2087 2137 -1 2100 2087 2143 -1 2119 2144 2128 -1 2119 2120 2144 -1 2120 2105 2138 -1 2139 2141 2115 -1 2139 2115 2114 -1 2113 2097 2134 -1 2134 2097 2135 -1 2129 2117 2145 -1 2117 2126 2145 -1 2130 2146 2126 -1 2110 2122 2147 -1 2123 2148 2122 -1 2148 2123 2131 -1 2112 2127 2149 -1 2135 2124 2136 -1 2144 2120 2150 -1 2150 2120 2138 -1 2138 2125 2129 -1 2151 2140 2141 -1 2145 2152 2129 -1 2141 2153 2151 -1 2146 2145 2126 -1 2130 2110 2147 -1 2133 2132 2113 -1 2154 2148 2131 -1 2154 2131 2155 -1 2136 2100 2143 -1 2141 2139 2153 -1 2139 2112 2156 -1 2156 2112 2149 -1 2140 2151 2157 -1 2157 2158 2140 -1 2138 2129 2152 -1 2142 2132 2159 -1 2122 2148 2147 -1 2147 2148 2154 -1 2160 2154 2155 -1 2138 2161 2150 -1 2138 2152 2161 -1 2162 2145 2146 -1 2163 2162 2146 -1 2133 2134 2164 -1 2163 2146 2130 -1 2163 2130 2147 -1 2165 2137 2128 -1 2166 2137 2165 -1 2149 2167 2156 -1 2139 2156 2168 -1 2144 2165 2128 -1 2157 2151 2169 -1 2161 2170 2150 -1 2171 2170 2161 -1 2153 2169 2151 -1 2161 2152 2172 -1 2152 2145 2162 -1 2127 2142 2159 -1 2135 2136 2173 -1 2136 2174 2173 -1 2143 2175 2136 -1 2136 2175 2174 -1 2147 2176 2163 -1 2137 2166 2175 -1 2175 2143 2137 -1 2168 2153 2139 -1 2176 2147 2154 -1 2176 2154 2160 -1 2144 2170 2165 -1 2150 2170 2144 -1 2135 2164 2134 -1 2172 2177 2161 -1 2176 2178 2163 -1 2127 2159 2179 -1 2180 2176 2160 -1 2167 2168 2156 -1 2181 2165 2171 -1 2171 2165 2170 -1 2162 2172 2152 -1 2182 2162 2163 -1 2182 2163 2178 -1 2149 2183 2167 -1 2149 2127 2179 -1 2132 2184 2159 -1 2178 2176 2180 -1 2180 2160 2185 -1 2133 2186 2132 -1 2175 2166 2187 -1 2167 2188 2168 -1 2157 2169 2189 -1 2179 2183 2149 -1 2186 2184 2132 -1 2186 2133 2164 -1 2164 2135 2173 -1 2174 2175 2187 -1 2190 2171 2177 -1 2161 2177 2171 -1 2188 2167 2183 -1 2191 2157 2189 -1 2172 2162 2192 -1 2192 2162 2182 -1 2184 2193 2159 -1 2179 2159 2193 -1 2178 2180 2194 -1 2182 2178 2194 -1 2187 2166 2195 -1 2166 2196 2195 -1 2165 2181 2196 -1 2165 2196 2166 -1 2171 2197 2181 -1 2169 2153 2198 -1 2198 2153 2168 -1 2192 2177 2172 -1 2173 2174 2199 -1 2196 2181 2197 -1 2171 2190 2197 -1 2200 2198 2168 -1 2200 2168 2188 -1 2201 2177 2202 -1 2202 2177 2192 -1 2193 2184 2186 -1 2164 2173 2203 -1 2174 2187 2199 -1 2197 2190 2204 -1 2177 2201 2204 -1 2188 2183 2205 -1 2190 2177 2204 -1 2205 2183 2179 -1 2206 2186 2164 -1 2203 2173 2199 -1 2206 2164 2203 -1 2207 2196 2197 -1 2200 2188 2208 -1 2169 2198 2189 -1 2202 2192 2209 -1 2210 2192 2182 -1 2182 2194 2210 -1 2194 2180 2211 -1 2212 2211 2180 -1 2185 2212 2180 -1 2195 2213 2187 -1 2187 2213 2199 -1 2195 2196 2207 -1 2188 2205 2214 -1 2188 2214 2208 -1 2198 2215 2189 -1 2216 2191 2189 -1 2210 2209 2192 -1 2191 2216 2217 -1 2179 2193 2205 -1 2206 2193 2186 -1 2203 2199 2218 -1 2195 2207 2219 -1 2204 2220 2197 -1 2200 2208 2221 -1 2205 2193 2222 -1 2210 2194 2211 -1 2206 2203 2223 -1 2224 2199 2213 -1 2220 2207 2197 -1 2215 2198 2221 -1 2200 2221 2198 -1 2216 2189 2215 -1 2206 2225 2193 -1 2223 2203 2218 -1 2218 2199 2224 -1 2224 2213 2226 -1 2226 2213 2227 -1 2213 2195 2227 -1 2195 2219 2227 -1 2214 2205 2228 -1 2204 2229 2220 -1 2210 2211 2230 -1 2222 2193 2225 -1 2219 2207 2220 -1 2201 2202 2231 -1 2204 2201 2229 -1 2223 2218 2232 -1 2228 2205 2222 -1 2225 2206 2233 -1 2234 2233 2206 -1 2202 2209 2231 -1 2221 2235 2215 -1 2209 2210 2230 -1 2234 2206 2223 -1 2236 2237 2221 -1 2219 2238 2227 -1 2219 2220 2239 -1 2239 2220 2229 -1 2229 2201 2231 -1 2236 2208 2214 -1 2240 2230 2211 -1 2221 2208 2236 -1 2240 2211 2241 -1 2211 2212 2241 -1 2216 2215 2242 -1 2241 2212 2243 -1 2235 2221 2237 -1 2215 2235 2244 -1 2234 2223 2245 -1 2223 2232 2245 -1 2242 2215 2244 -1 2231 2246 2229 -1 2236 2214 2247 -1 2248 2231 2230 -1 2209 2230 2231 -1 2217 2216 2249 -1 2222 2225 2250 -1 2251 2225 2233 -1 2233 2234 2251 -1 2224 2226 2252 -1 2253 2227 2254 -1 2226 2227 2253 -1 2238 2219 2239 -1 2239 2229 2246 -1 2214 2228 2247 -1 2237 2236 2255 -1 2228 2222 2250 -1 2232 2218 2256 -1 2247 2228 2257 -1 2246 2231 2248 -1 2236 2247 2255 -1 2249 2216 2242 -1 2228 2250 2257 -1 2251 2250 2225 -1 2224 2256 2218 -1 2252 2226 2258 -1 2234 2259 2251 -1 2250 2251 2260 -1 2256 2224 2252 -1 2253 2258 2226 -1 2246 2261 2239 -1 2245 2232 2262 -1 2244 2235 2263 -1 2255 2247 2264 -1 2264 2247 2257 -1 2249 2242 2265 -1 2238 2239 2266 -1 2239 2261 2266 -1 2234 2245 2259 -1 2262 2232 2256 -1 2230 2267 2248 -1 2265 2242 2268 -1 2265 2269 2249 -1 2270 2253 2254 -1 2227 2238 2254 -1 2271 2238 2266 -1 2259 2245 2262 -1 2246 2248 2272 -1 2240 2241 2273 -1 2244 2268 2242 -1 2251 2259 2260 -1 2256 2252 2274 -1 2274 2252 2258 -1 2275 2235 2237 -1 2263 2235 2275 -1 2237 2255 2276 -1 2264 2276 2255 -1 2267 2230 2240 -1 2273 2267 2240 -1 2268 2244 2263 -1 2241 2243 2277 -1 2238 2271 2254 -1 2248 2267 2278 -1 2263 2279 2268 -1 2280 2273 2241 -1 2241 2277 2280 -1 2262 2256 2274 -1 2281 2271 2266 -1 2261 2246 2282 -1 2275 2237 2276 -1 2246 2272 2282 -1 2265 2268 2279 -1 2258 2253 2283 -1 2284 2257 2250 -1 2272 2248 2278 -1 2285 2260 2286 -1 2253 2270 2283 -1 2257 2284 2264 -1 2254 2271 2270 -1 2279 2287 2265 -1 2259 2262 2288 -1 2282 2289 2261 -1 2284 2250 2285 -1 2250 2260 2285 -1 2260 2259 2288 -1 2279 2263 2290 -1 2263 2275 2290 -1 2264 2291 2276 -1 2264 2284 2291 -1 2292 2274 2258 -1 2283 2270 2293 -1 2288 2262 2294 -1 2278 2267 2295 -1 2260 2288 2286 -1 2273 2295 2267 -1 2273 2280 2296 -1 2287 2269 2265 -1 2272 2278 2297 -1 2275 2276 2291 -1 2292 2258 2283 -1 2296 2280 2298 -1 2290 2275 2299 -1 2291 2284 2300 -1 2262 2274 2301 -1 2266 2261 2281 -1 2302 2273 2296 -1 2284 2303 2300 -1 2291 2304 2275 -1 2299 2275 2304 -1 2300 2304 2291 -1 2287 2279 2305 -1 2274 2292 2301 -1 2301 2294 2262 -1 2293 2306 2283 -1 2270 2271 2307 -1 2307 2271 2281 -1 2284 2285 2303 -1 2286 2288 2308 -1 2272 2297 2309 -1 2295 2273 2302 -1 2292 2283 2306 -1 2301 2292 2310 -1 2290 2305 2279 -1 2311 2306 2293 -1 2281 2261 2289 -1 2295 2312 2278 -1 2290 2299 2313 -1 2303 2285 2314 -1 2285 2286 2314 -1 2288 2294 2308 -1 2293 2270 2307 -1 2282 2272 2309 -1 2278 2312 2297 -1 2310 2292 2306 -1 2269 2287 2305 -1 2289 2315 2281 -1 2315 2307 2281 -1 2314 2286 2316 -1 2289 2282 2309 -1 2302 2296 2317 -1 2290 2318 2305 -1 2294 2301 2319 -1 2311 2293 2320 -1 2316 2321 2314 -1 2308 2316 2286 -1 2297 2312 2322 -1 2317 2296 2298 -1 2300 2323 2304 -1 2304 2323 2299 -1 2318 2290 2313 -1 2319 2301 2310 -1 2314 2321 2303 -1 2307 2324 2293 -1 2323 2300 2325 -1 2289 2326 2315 -1 2308 2294 2327 -1 2328 2313 2299 -1 2318 2313 2328 -1 2300 2303 2329 -1 2308 2327 2330 -1 2306 2311 2331 -1 2307 2315 2332 -1 2333 2326 2289 -1 2289 2309 2333 -1 2299 2323 2328 -1 2323 2325 2328 -1 2305 2318 2334 -1 2318 2335 2336 -1 2318 2328 2335 -1 2327 2294 2319 -1 2310 2306 2331 -1 2319 2310 2331 -1 2320 2331 2311 -1 2293 2324 2320 -1 2324 2307 2332 -1 2329 2303 2321 -1 2337 2321 2316 -1 2325 2300 2329 -1 2325 2329 2338 -1 2328 2325 2339 -1 2328 2340 2335 -1 2309 2297 2341 -1 2309 2341 2333 -1 2295 2302 2312 -1 2340 2336 2335 -1 2329 2321 2338 -1 2339 2325 2338 -1 2328 2339 2342 -1 2330 2316 2308 -1 2340 2328 2342 -1 2319 2331 2343 -1 2344 2334 2318 -1 2305 2334 2345 -1 2318 2336 2344 -1 2327 2319 2346 -1 2343 2346 2319 -1 2343 2331 2320 -1 2297 2322 2341 -1 2341 2322 2347 -1 2348 2349 2350 -1 2321 2351 2338 -1 2352 2338 2351 -1 2327 2346 2353 -1 2352 2339 2338 -1 2352 2342 2339 -1 2354 2343 2320 -1 2327 2353 2330 -1 2336 2340 2355 -1 2340 2342 2356 -1 2357 2348 2358 -1 2359 2358 2360 -1 2351 2321 2337 -1 2361 2356 2342 -1 2354 2320 2324 -1 2315 2326 2332 -1 2326 2333 2362 -1 2363 2333 2341 -1 2322 2312 2347 -1 2360 2358 2348 -1 2344 2336 2364 -1 2336 2355 2364 -1 2365 2359 2360 -1 2366 2354 2324 -1 2354 2366 2367 -1 2363 2368 2333 -1 2342 2352 2361 -1 2312 2302 2347 -1 2356 2369 2340 -1 2340 2369 2355 -1 2343 2354 2367 -1 2370 2360 2371 -1 2362 2333 2368 -1 2348 2350 2360 -1 2364 2355 2371 -1 2370 2355 2369 -1 2372 2347 2302 -1 2302 2317 2372 -1 2360 2370 2369 -1 2365 2360 2369 -1 2373 2351 2337 -1 2337 2316 2374 -1 2374 2316 2330 -1 2358 2359 2375 -1 2330 2353 2374 -1 2376 2351 2373 -1 2376 2361 2351 -1 2361 2352 2351 -1 2346 2377 2353 -1 2377 2346 2378 -1 2346 2343 2378 -1 2355 2370 2371 -1 2371 2360 2350 -1 2371 2350 2379 -1 2380 2334 2344 -1 2381 2382 2357 -1 2366 2324 2383 -1 2369 2356 2384 -1 2364 2380 2344 -1 2385 2359 2365 -1 2375 2381 2358 -1 2357 2358 2381 -1 2337 2374 2373 -1 2386 2353 2377 -1 2353 2386 2374 -1 2376 2387 2361 -1 2378 2343 2367 -1 2356 2361 2387 -1 2324 2332 2383 -1 2380 2364 2388 -1 2388 2389 2380 -1 2332 2326 2362 -1 2363 2341 2390 -1 2341 2347 2390 -1 2374 2391 2373 -1 2376 2373 2391 -1 2392 2386 2377 -1 2356 2393 2384 -1 2384 2365 2369 -1 2375 2359 2385 -1 2364 2371 2388 -1 2379 2388 2371 -1 2379 2389 2388 -1 2383 2332 2394 -1 2356 2387 2393 -1 2385 2365 2384 -1 2395 2377 2378 -1 2386 2391 2374 -1 2387 2376 2396 -1 2397 2393 2387 -1 2398 2393 2397 -1 2392 2377 2395 -1 2399 2393 2398 -1 2399 2384 2393 -1 2375 2385 2400 -1 2381 2375 2400 -1 2381 2401 2382 -1 2402 2366 2383 -1 2394 2332 2362 -1 2390 2347 2403 -1 2376 2391 2396 -1 2396 2397 2387 -1 2367 2395 2378 -1 2404 2395 2367 -1 2381 2405 2401 -1 2402 2406 2366 -1 2383 2407 2402 -1 2408 2402 2407 -1 2385 2384 2399 -1 2400 2385 2399 -1 2400 2405 2381 -1 2394 2362 2407 -1 2394 2407 2383 -1 2408 2406 2402 -1 2409 2407 2362 -1 2406 2408 2410 -1 2368 2409 2362 -1 2372 2403 2347 -1 2411 2403 2372 -1 2412 2386 2392 -1 2366 2406 2404 -1 2391 2386 2412 -1 2413 2399 2398 -1 2414 2400 2399 -1 2415 2408 2407 -1 2416 2410 2408 -1 2417 2409 2368 -1 2363 2417 2368 -1 2404 2367 2366 -1 2398 2397 2418 -1 2415 2407 2409 -1 2415 2416 2408 -1 2415 2409 2417 -1 2416 2415 2417 -1 2419 2363 2390 -1 2392 2395 2420 -1 2395 2404 2421 -1 2422 2396 2391 -1 2412 2422 2391 -1 2418 2397 2396 -1 2414 2399 2413 -1 2405 2400 2423 -1 2401 2405 2424 -1 2363 2419 2417 -1 2390 2425 2419 -1 2403 2426 2390 -1 2392 2422 2412 -1 2392 2427 2422 -1 2427 2392 2420 -1 2421 2420 2395 -1 2413 2398 2418 -1 2406 2410 2428 -1 2429 2410 2416 -1 2430 2429 2416 -1 2430 2416 2431 -1 2416 2417 2431 -1 2419 2431 2417 -1 2390 2426 2425 -1 2404 2406 2428 -1 2428 2410 2432 -1 2432 2410 2429 -1 2418 2433 2413 -1 2432 2429 2434 -1 2414 2413 2433 -1 2423 2400 2414 -1 2405 2423 2424 -1 2435 2431 2436 -1 2431 2419 2436 -1 2436 2419 2425 -1 2403 2411 2437 -1 2438 2396 2422 -1 2418 2396 2438 -1 2422 2439 2438 -1 2420 2440 2427 -1 2427 2439 2422 -1 2427 2440 2439 -1 2440 2420 2441 -1 2442 2440 2441 -1 2414 2443 2423 -1 2444 2443 2414 -1 2445 2423 2443 -1 2443 2444 2446 -1 2404 2428 2447 -1 2438 2433 2418 -1 2448 2433 2438 -1 2449 2450 2451 -1 2449 2452 2453 -1 2424 2423 2454 -1 2455 2424 2456 -1 2437 2426 2403 -1 2435 2436 2457 -1 2458 2439 2440 -1 2459 2435 2460 -1 2460 2435 2461 -1 2440 2442 2462 -1 2439 2448 2438 -1 2463 2444 2433 -1 2414 2433 2444 -1 2454 2423 2464 -1 2423 2445 2464 -1 2463 2465 2444 -1 2446 2444 2465 -1 2466 2443 2446 -1 2445 2443 2466 -1 2467 2450 2446 -1 2442 2468 2469 -1 2429 2470 2434 -1 2430 2470 2429 -1 2430 2431 2459 -1 2459 2431 2435 -1 2470 2430 2459 -1 2471 2470 2459 -1 2472 2469 2473 -1 2474 2469 2475 -1 2475 2469 2472 -1 2472 2473 2476 -1 2477 2478 2479 -1 2479 2478 2450 -1 2480 2481 2478 -1 2478 2481 2451 -1 2482 2450 2483 -1 2451 2450 2478 -1 2449 2483 2450 -1 2475 2481 2480 -1 2484 2485 2486 -1 2481 2475 2487 -1 2481 2487 2488 -1 2456 2424 2454 -1 2489 2449 2451 -1 2488 2490 2451 -1 2449 2489 2452 -1 2436 2425 2491 -1 2457 2436 2491 -1 2426 2491 2425 -1 2492 2493 2494 -1 2493 2492 2495 -1 2493 2495 2496 -1 2496 2495 2497 -1 2404 2447 2421 -1 2421 2441 2420 -1 2428 2498 2447 -1 2447 2498 2441 -1 2499 2500 2492 -1 2500 2499 2501 -1 2458 2440 2462 -1 2500 2495 2492 -1 2442 2441 2468 -1 2499 2502 2503 -1 2499 2503 2501 -1 2501 2504 2500 -1 2433 2448 2463 -1 2501 2503 2504 -1 2448 2439 2458 -1 2463 2448 2458 -1 2505 2497 2500 -1 2463 2458 2465 -1 2506 2465 2458 -1 2467 2507 2508 -1 2446 2465 2507 -1 2466 2446 2482 -1 2482 2446 2450 -1 2467 2479 2450 -1 2428 2432 2509 -1 2498 2428 2509 -1 2434 2509 2432 -1 2474 2462 2442 -1 2434 2510 2511 -1 2468 2511 2469 -1 2469 2474 2442 -1 2434 2470 2510 -1 2469 2511 2473 -1 2487 2475 2472 -1 2459 2460 2471 -1 2512 2467 2508 -1 2461 2435 2457 -1 2460 2461 2513 -1 2476 2460 2514 -1 2472 2476 2514 -1 2514 2460 2513 -1 2472 2515 2487 -1 2515 2472 2485 -1 2472 2514 2485 -1 2485 2514 2513 -1 2516 2485 2513 -1 2456 2454 2493 -1 2492 2466 2499 -1 2491 2426 2517 -1 2517 2426 2437 -1 2502 2518 2503 -1 2495 2500 2497 -1 2504 2503 2483 -1 2483 2519 2504 -1 2447 2441 2421 -1 2468 2441 2498 -1 2453 2520 2483 -1 2465 2506 2507 -1 2520 2519 2483 -1 2508 2506 2462 -1 2508 2462 2521 -1 2512 2508 2521 -1 2522 2453 2523 -1 2507 2506 2508 -1 2520 2453 2522 -1 2482 2518 2466 -1 2499 2466 2502 -1 2446 2507 2467 -1 2466 2518 2502 -1 2468 2498 2509 -1 2511 2509 2434 -1 2468 2509 2511 -1 2461 2457 2524 -1 2525 2461 2524 -1 2525 2524 2526 -1 2510 2470 2471 -1 2511 2510 2473 -1 2527 2473 2510 -1 2476 2471 2460 -1 2527 2476 2473 -1 2521 2477 2512 -1 2467 2512 2479 -1 2525 2528 2461 -1 2479 2512 2477 -1 2477 2521 2480 -1 2480 2474 2475 -1 2478 2477 2480 -1 2516 2513 2528 -1 2483 2518 2482 -1 2529 2530 2531 -1 2531 2530 2515 -1 2518 2483 2503 -1 2485 2484 2515 -1 2483 2449 2453 -1 2481 2488 2451 -1 2489 2451 2490 -1 2487 2490 2488 -1 2487 2530 2490 -1 2529 2489 2490 -1 2530 2529 2490 -1 2529 2531 2489 -1 2453 2452 2523 -1 2494 2454 2464 -1 2494 2493 2454 -1 2494 2464 2445 -1 2466 2494 2445 -1 2494 2466 2492 -1 2457 2491 2517 -1 2526 2457 2517 -1 2524 2457 2526 -1 2462 2506 2458 -1 2513 2461 2528 -1 2462 2474 2521 -1 2474 2480 2521 -1 2510 2471 2527 -1 2476 2527 2471 -1 2530 2487 2515 -1 2515 2484 2532 -1 2532 2484 2486 -1 2533 2534 2535 -1 2536 2537 2538 -1 2537 2539 2540 -1 2538 2537 352 -1 356 352 2537 -1 2537 2540 356 -1 356 2540 441 -1 2541 2542 2543 -1 2533 2544 2534 -1 1819 2545 2546 -1 2534 2547 2535 -1 2535 2547 456 -1 2545 2548 2546 -1 2546 2548 2549 -1 381 2535 456 -1 453 2535 381 -1 2533 2549 2548 -1 2550 2537 2536 -1 462 2546 2549 -1 2549 372 462 -1 2539 2551 2540 -1 2541 2543 2551 -1 2543 441 2551 -1 2540 2551 441 -1 2543 2542 369 -1 2544 2552 2534 -1 2553 2554 2555 -1 2556 2554 2557 -1 2539 2537 2558 -1 2546 1821 1819 -1 2533 2548 2544 -1 2535 453 2533 -1 2536 2538 2547 -1 453 2549 2533 -1 462 1821 2546 -1 1821 462 371 -1 456 2538 352 -1 2559 2552 2544 -1 2553 2555 2559 -1 2549 453 372 -1 2551 2539 2560 -1 2555 2561 2559 -1 2561 2552 2559 -1 2541 2551 2560 -1 2543 369 441 -1 2541 2562 2563 -1 2541 2563 2542 -1 2564 2565 2566 -1 2554 2553 2567 -1 2568 2565 2569 -1 2570 2553 2559 -1 2571 2559 2572 -1 2544 2572 2559 -1 2568 2542 2563 -1 2573 2574 2548 -1 2548 2572 2544 -1 2552 2561 2575 -1 2534 2552 2575 -1 2576 2536 2575 -1 2534 2575 2547 -1 2547 2575 2536 -1 2577 2545 1819 -1 2554 2556 2555 -1 1819 1821 1820 -1 2545 2573 2548 -1 2561 2555 2576 -1 2550 2536 2576 -1 2550 2576 2537 -1 2576 2558 2537 -1 2558 2556 2539 -1 2539 2556 2578 -1 2547 2538 456 -1 2557 2579 2580 -1 2556 2557 2581 -1 2557 2580 2581 -1 2556 2581 2578 -1 2566 2580 2579 -1 2580 2566 2565 -1 2581 2562 2578 -1 2560 2562 2541 -1 2563 2562 2581 -1 2568 2563 2580 -1 2582 2583 2584 -1 2565 2568 2580 -1 2553 2585 2567 -1 2584 2586 2571 -1 2565 2564 2587 -1 2554 2567 2588 -1 2565 2587 2569 -1 2589 2557 2590 -1 2579 2557 2589 -1 2570 2591 2553 -1 2570 2559 2592 -1 2576 2575 2561 -1 2557 2554 2588 -1 2556 2558 2555 -1 2558 2576 2555 -1 2593 2594 2582 -1 2539 2578 2560 -1 2582 2584 2595 -1 2580 2563 2581 -1 2595 2593 2582 -1 2562 2560 2578 -1 2593 2595 2573 -1 2545 2577 2596 -1 2584 2571 2595 -1 2571 2586 2592 -1 2559 2571 2592 -1 2574 2573 2595 -1 2571 2574 2595 -1 2571 2572 2574 -1 2548 2574 2572 -1 2577 1808 2597 -1 1808 2577 1819 -1 2598 2599 2585 -1 2600 2584 2583 -1 2601 2598 2602 -1 2585 2591 2602 -1 2585 2602 2598 -1 2591 2585 2553 -1 2598 2601 2600 -1 2567 2585 2603 -1 2600 2601 2584 -1 2584 2601 2586 -1 2604 2605 2606 -1 2604 2583 2605 -1 2603 2607 2567 -1 2607 2608 2567 -1 2588 2567 2609 -1 2557 2588 2590 -1 2610 2579 2589 -1 2611 2579 2610 -1 2579 2611 2566 -1 2583 2582 2594 -1 2597 2594 2596 -1 2594 2593 2596 -1 2596 2577 2597 -1 2593 2545 2596 -1 2573 2545 2593 -1 2600 2612 2613 -1 2612 2600 2614 -1 2614 2600 2583 -1 2598 2600 2613 -1 2608 2609 2567 -1 2615 2599 2598 -1 2590 2609 2616 -1 2602 2617 2601 -1 2616 2618 2610 -1 1903 2606 2605 -1 2605 2583 1835 -1 1835 2583 2594 -1 1903 2605 1830 -1 1835 2594 2597 -1 1835 2597 1808 -1 2586 2619 2592 -1 2586 2617 2619 -1 2620 2612 2621 -1 2621 2612 2614 -1 2604 2614 2583 -1 2609 2590 2588 -1 2613 2622 2615 -1 2613 2615 2598 -1 2589 2590 2616 -1 2589 2616 2610 -1 2586 2601 2617 -1 2610 2618 2611 -1 1900 2623 2606 -1 2604 2606 2623 -1 1903 1900 2606 -1 2611 2624 2566 -1 1830 2605 1835 -1 2625 2626 2564 -1 2587 2564 2626 -1 2608 2627 2609 -1 2615 2628 2599 -1 2602 2591 2617 -1 2629 2607 2603 -1 2616 2609 2627 -1 2616 2630 2618 -1 2624 2618 2630 -1 2624 2611 2618 -1 2614 2604 2623 -1 2631 2570 2592 -1 2612 2632 2613 -1 2599 2628 2585 -1 2607 2633 2608 -1 2633 2627 2608 -1 2623 1900 1923 -1 2633 2634 2635 -1 2636 2607 2629 -1 2637 2624 2638 -1 2614 2623 2639 -1 2564 2566 2640 -1 2622 2641 2615 -1 2591 2570 2642 -1 2631 2642 2570 -1 2643 2625 2564 -1 2644 2645 2646 -1 2646 2645 2628 -1 2645 2634 2647 -1 2641 2628 2615 -1 2585 2647 2603 -1 2628 2647 2585 -1 2603 2636 2629 -1 2648 2649 2635 -1 2633 2607 2636 -1 2633 2635 2627 -1 2627 2635 2650 -1 2651 2635 2649 -1 2635 2651 2650 -1 2652 2650 2651 -1 2651 2649 2653 -1 2653 2652 2651 -1 2654 2652 2653 -1 2652 2654 2616 -1 2630 2616 2654 -1 2627 2652 2616 -1 2630 2638 2624 -1 2640 2566 2624 -1 2643 2564 2640 -1 2617 2591 2642 -1 2644 2655 2645 -1 2634 2645 2655 -1 2656 2621 2639 -1 2645 2647 2628 -1 2655 2648 2634 -1 2621 2614 2639 -1 2646 2628 2641 -1 2612 2620 2632 -1 2613 2632 2657 -1 2657 2658 2613 -1 2636 2603 2647 -1 2659 2660 2661 -1 2644 2660 2655 -1 2634 2648 2635 -1 2622 2613 2658 -1 2632 2620 2662 -1 2663 2664 2665 -1 2634 2636 2647 -1 2664 2666 2665 -1 2665 2667 2655 -1 2648 2668 2669 -1 2646 2660 2644 -1 2669 2670 2648 -1 2661 2622 2659 -1 2661 2660 2641 -1 2622 2661 2641 -1 2633 2636 2634 -1 2660 2646 2641 -1 2648 2670 2649 -1 2670 2671 2649 -1 2649 2671 2672 -1 2672 2653 2649 -1 2652 2627 2650 -1 2630 2654 2653 -1 2638 2630 2653 -1 2640 2624 2637 -1 2642 2619 2617 -1 2620 2621 2673 -1 2667 2668 2655 -1 2663 2665 2655 -1 2674 2671 2670 -1 2622 2658 2659 -1 2668 2648 2655 -1 2655 2659 2663 -1 2659 2655 2660 -1 2675 2664 2663 -1 2638 2653 2672 -1 2676 2665 2666 -1 2677 2625 2643 -1 2668 2667 2678 -1 2679 2668 2678 -1 2679 2680 2668 -1 2669 2668 2680 -1 2620 2681 2662 -1 2682 2674 2670 -1 2682 2670 2669 -1 2639 2623 2683 -1 2683 2623 1923 -1 2663 2684 2685 -1 2663 2659 2657 -1 2681 2684 2686 -1 2681 2686 2662 -1 2686 2632 2662 -1 2686 2657 2632 -1 2687 2671 2674 -1 2675 2688 2664 -1 2673 2621 2656 -1 2672 2671 2689 -1 2666 2664 2688 -1 2639 2683 2656 -1 2676 2666 2690 -1 2676 2667 2665 -1 2685 2675 2663 -1 2638 2691 2637 -1 2692 2677 2643 -1 2684 2663 2657 -1 2693 2685 2681 -1 2685 2684 2681 -1 2642 2631 2619 -1 2592 2619 2631 -1 2686 2684 2657 -1 2658 2657 2659 -1 2673 2681 2620 -1 2694 2679 2695 -1 2694 2680 2679 -1 2687 2689 2671 -1 2696 2697 2676 -1 2667 2676 2697 -1 1982 2683 1923 -1 2698 2640 2637 -1 2640 2698 2643 -1 2692 2643 2698 -1 2673 2656 2699 -1 2669 2680 2682 -1 2700 2693 2673 -1 2681 2673 2693 -1 2017 2656 2683 -1 2694 2701 2680 -1 2680 2701 2702 -1 2700 2673 2699 -1 2703 2696 2690 -1 2699 2656 2704 -1 2690 2696 2676 -1 2704 2656 2017 -1 2666 2688 2690 -1 2017 2683 1982 -1 2638 2672 2691 -1 2696 2705 2697 -1 2706 2695 2707 -1 2706 2708 2695 -1 2708 2694 2695 -1 2678 2697 2709 -1 2667 2697 2678 -1 2679 2709 2695 -1 2678 2709 2679 -1 2708 2701 2694 -1 2675 2685 2710 -1 2688 2675 2711 -1 2693 2700 2712 -1 2712 2700 2699 -1 2711 2713 2688 -1 2680 2702 2682 -1 2041 2704 2017 -1 2682 2702 2674 -1 2714 2703 2713 -1 2703 2690 2713 -1 2703 2715 2696 -1 2637 2716 2698 -1 2713 2690 2688 -1 2705 2696 2717 -1 2705 2709 2697 -1 2705 2707 2695 -1 2709 2705 2695 -1 2691 2672 2718 -1 2693 2719 2685 -1 2715 2717 2696 -1 2716 2720 2698 -1 2711 2675 2710 -1 2721 2708 2706 -1 2702 2722 2674 -1 2687 2674 2722 -1 2689 2723 2672 -1 2714 2724 2703 -1 2719 2693 2712 -1 2724 2715 2703 -1 2715 2725 2717 -1 2719 2710 2685 -1 2692 2698 2726 -1 2707 2717 2725 -1 2717 2707 2705 -1 2701 2708 2721 -1 2725 2727 2728 -1 2724 2727 2715 -1 2727 2725 2715 -1 2711 2729 2713 -1 2710 2730 2711 -1 2711 2730 2729 -1 2714 2713 2729 -1 2725 2731 2732 -1 2733 2725 2732 -1 2707 2725 2733 -1 2050 2704 2041 -1 2733 2732 2706 -1 2733 2706 2707 -1 2721 2706 2732 -1 2732 2734 2721 -1 2734 2735 2721 -1 2712 2699 2736 -1 2689 2687 2737 -1 2723 2689 2737 -1 2672 2723 2718 -1 2637 2691 2738 -1 2637 2738 2716 -1 2698 2720 2726 -1 2739 2725 2728 -1 2739 2731 2725 -1 2734 2732 2740 -1 2721 2735 2701 -1 2710 2719 2741 -1 2732 2731 2740 -1 2740 2742 2734 -1 2730 2710 2741 -1 2701 2743 2702 -1 2744 2722 2702 -1 2723 2737 2745 -1 2746 2716 2738 -1 2719 2712 2747 -1 2728 2748 2739 -1 2724 2749 2727 -1 2739 2750 2731 -1 2731 2751 2742 -1 2724 2714 2729 -1 2742 2740 2731 -1 2730 2741 2752 -1 2735 2743 2701 -1 2687 2722 2744 -1 2718 2723 2753 -1 2718 2738 2691 -1 2716 2746 2720 -1 2712 2736 2754 -1 2728 2727 2749 -1 2748 2750 2739 -1 2719 2747 2741 -1 2750 2751 2731 -1 2734 2742 2755 -1 2724 2729 2756 -1 2735 2734 2755 -1 2743 2744 2702 -1 2745 2753 2723 -1 2753 2738 2718 -1 2738 2753 2757 -1 2704 2758 2699 -1 2736 2699 2758 -1 2712 2754 2747 -1 2748 2728 2749 -1 2747 2752 2741 -1 2759 2724 2756 -1 2704 2050 2760 -1 2744 2737 2687 -1 2738 2757 2746 -1 2758 2704 2760 -1 2754 2761 2747 -1 2742 2751 2762 -1 2724 2759 2749 -1 2762 2763 2742 -1 2755 2742 2763 -1 2764 2730 2752 -1 2729 2730 2764 -1 2760 2050 2076 -1 2765 2757 2753 -1 2766 2754 2736 -1 2750 2748 2767 -1 2748 2749 2767 -1 2729 2764 2756 -1 2765 2753 2745 -1 2765 2746 2757 -1 2758 2766 2736 -1 2754 2766 2761 -1 2766 2758 2768 -1 2752 2747 2769 -1 2769 2747 2761 -1 2770 2756 2764 -1 2755 2743 2735 -1 2759 2756 2770 -1 2737 2744 2771 -1 2758 2760 2076 -1 2767 2749 2772 -1 2767 2751 2750 -1 2749 2759 2772 -1 2769 2761 2773 -1 2076 2768 2758 -1 2766 2774 2761 -1 2775 2752 2769 -1 2751 2776 2762 -1 2759 2770 2777 -1 2778 2764 2775 -1 2764 2752 2775 -1 2743 2755 2779 -1 2744 2743 2779 -1 2737 2771 2745 -1 2765 2745 2780 -1 2772 2759 2777 -1 2770 2764 2778 -1 2744 2779 2771 -1 2746 2781 2720 -1 2768 2774 2766 -1 2767 2772 2782 -1 2751 2767 2782 -1 2763 2779 2755 -1 2770 2778 2777 -1 2780 2745 2771 -1 2765 2780 2783 -1 2784 2765 2783 -1 2746 2765 2784 -1 2785 2746 2784 -1 2781 2746 2785 -1 2776 2751 2786 -1 2076 2108 2768 -1 2761 2774 2787 -1 2773 2761 2787 -1 2774 2768 2788 -1 2778 2775 2789 -1 2751 2782 2786 -1 2782 2772 2790 -1 2769 2773 2791 -1 2777 2792 2793 -1 2777 2778 2792 -1 2789 2792 2778 -1 2788 2768 2794 -1 2763 2762 2776 -1 2795 2779 2796 -1 2763 2796 2779 -1 2771 2779 2795 -1 2777 2797 2772 -1 2798 2781 2785 -1 2790 2772 2799 -1 2773 2800 2791 -1 2774 2788 2787 -1 2773 2787 2800 -1 2763 2776 2796 -1 2771 2795 2801 -1 2772 2797 2799 -1 2793 2802 2803 -1 2792 2802 2793 -1 2802 2789 2804 -1 2805 2782 2790 -1 2802 2792 2789 -1 2786 2782 2805 -1 2776 2786 2806 -1 2768 2108 2794 -1 2797 2793 2807 -1 2777 2793 2797 -1 2783 2780 2808 -1 2785 2784 2809 -1 2798 2810 2781 -1 2775 2769 2804 -1 2807 2793 2803 -1 2800 2787 2788 -1 2806 2786 2805 -1 2789 2775 2804 -1 2796 2776 2806 -1 2795 2796 2811 -1 2794 2108 2140 -1 2780 2771 2812 -1 2784 2783 2808 -1 2769 2791 2804 -1 2805 2790 2813 -1 2806 2805 2814 -1 2771 2801 2812 -1 2815 2797 2807 -1 2806 2814 2816 -1 2806 2811 2796 -1 2788 2794 2158 -1 2802 2817 2803 -1 2818 2817 2804 -1 2818 2804 2791 -1 2817 2802 2804 -1 2814 2805 2813 -1 2799 2797 2815 -1 2811 2806 2816 -1 2819 2790 2799 -1 2790 2819 2813 -1 2820 2795 2811 -1 2821 2795 2820 -1 2801 2795 2821 -1 2822 2817 2818 -1 2780 2812 2823 -1 2808 2780 2823 -1 2808 2809 2784 -1 2807 2803 2824 -1 2794 2140 2158 -1 2799 2815 2825 -1 2819 2826 2813 -1 2803 2817 2827 -1 2827 2817 2822 -1 2813 2826 2814 -1 2828 2800 2829 -1 2816 2814 2830 -1 2822 2818 2831 -1 2818 2791 2831 -1 2832 2801 2821 -1 2809 2833 2785 -1 2833 2798 2785 -1 2815 2807 2834 -1 2835 2158 2157 -1 2788 2158 2835 -1 2803 2827 2824 -1 2826 2830 2814 -1 2791 2800 2831 -1 2800 2828 2831 -1 2800 2788 2829 -1 2801 2832 2812 -1 2824 2834 2807 -1 2825 2836 2799 -1 2834 2825 2815 -1 2788 2835 2837 -1 2837 2829 2788 -1 2816 2830 2838 -1 2819 2799 2836 -1 2819 2836 2839 -1 2812 2832 2840 -1 2841 2808 2823 -1 2837 2842 2829 -1 2829 2842 2828 -1 2843 2826 2839 -1 2826 2843 2830 -1 2816 2820 2811 -1 2826 2819 2839 -1 2844 2808 2841 -1 2820 2845 2821 -1 2827 2822 2846 -1 2840 2823 2812 -1 2822 2831 2847 -1 2809 2808 2844 -1 2838 2820 2816 -1 2822 2847 2846 -1 2848 2840 2832 -1 2849 2831 2828 -1 2840 2850 2823 -1 2851 2830 2843 -1 2838 2830 2851 -1 2798 2852 2810 -1 2835 2157 2191 -1 2847 2831 2849 -1 2844 2841 2853 -1 2854 2809 2844 -1 2828 2842 2855 -1 2833 2809 2854 -1 2842 2837 2856 -1 2836 2825 2857 -1 2848 2832 2821 -1 2824 2827 2858 -1 2840 2848 2859 -1 2855 2849 2828 -1 2842 2856 2855 -1 2824 2858 2860 -1 2834 2824 2860 -1 2857 2825 2834 -1 2798 2833 2852 -1 2861 2836 2857 -1 2862 2839 2836 -1 2835 2863 2837 -1 2841 2823 2850 -1 2846 2847 2864 -1 2865 2833 2854 -1 2862 2836 2861 -1 2843 2839 2851 -1 2845 2820 2838 -1 2821 2866 2848 -1 2837 2863 2856 -1 2840 2859 2850 -1 2841 2850 2867 -1 2853 2841 2867 -1 2827 2868 2858 -1 2852 2833 2865 -1 2857 2834 2860 -1 2821 2845 2866 -1 2835 2869 2863 -1 2867 2850 2870 -1 2835 2191 2869 -1 2858 2868 2871 -1 2854 2844 2872 -1 2866 2845 2838 -1 2859 2870 2850 -1 2863 2855 2856 -1 2844 2853 2873 -1 2827 2846 2874 -1 2854 2872 2865 -1 2868 2827 2874 -1 2875 2851 2839 -1 2855 2863 2876 -1 2874 2846 2877 -1 2868 2874 2871 -1 2849 2855 2878 -1 2846 2864 2879 -1 2879 2877 2846 -1 2880 2857 2860 -1 2861 2857 2880 -1 2862 2861 2880 -1 2838 2851 2881 -1 2882 2839 2862 -1 2875 2839 2882 -1 2883 2848 2866 -1 2883 2884 2848 -1 2859 2848 2884 -1 2859 2884 2870 -1 2844 2873 2872 -1 2872 2885 2865 -1 2847 2849 2886 -1 2864 2847 2886 -1 2866 2838 2887 -1 2876 2878 2855 -1 2869 2191 2217 -1 2876 2863 2869 -1 2888 2872 2873 -1 2874 2877 2871 -1 2849 2878 2886 -1 2858 2871 2889 -1 2858 2890 2860 -1 2880 2860 2890 -1 2891 2880 2890 -1 2887 2838 2881 -1 2862 2880 2882 -1 2892 2870 2884 -1 2867 2870 2893 -1 2853 2867 2894 -1 2886 2878 2895 -1 2889 2890 2858 -1 2851 2875 2896 -1 2891 2882 2880 -1 2866 2887 2883 -1 2876 2869 2897 -1 2217 2897 2869 -1 2853 2894 2873 -1 2885 2872 2888 -1 2851 2896 2881 -1 2882 2898 2875 -1 2895 2876 2899 -1 2878 2876 2895 -1 2883 2900 2884 -1 2892 2884 2900 -1 2901 2889 2871 -1 2871 2877 2901 -1 2893 2870 2892 -1 2894 2867 2893 -1 2898 2896 2875 -1 2885 2902 2865 -1 2891 2903 2882 -1 2887 2881 2904 -1 2876 2897 2899 -1 2904 2905 2906 -1 2883 2887 2906 -1 2907 2883 2906 -1 2897 2217 2249 -1 2883 2907 2900 -1 2895 2908 2886 -1 2892 2900 2909 -1 2896 2898 2910 -1 2910 2904 2896 -1 2890 2889 2911 -1 2894 2893 2912 -1 2891 2890 2911 -1 2904 2881 2896 -1 2882 2903 2913 -1 2914 2902 2915 -1 2905 2904 2910 -1 2910 2916 2905 -1 2887 2904 2906 -1 2879 2864 2917 -1 2913 2910 2898 -1 2910 2913 2916 -1 2891 2911 2918 -1 2903 2891 2919 -1 2913 2903 2920 -1 2913 2898 2882 -1 2873 2921 2888 -1 2885 2915 2902 -1 2899 2897 2922 -1 2901 2911 2889 -1 2908 2895 2923 -1 2909 2900 2924 -1 2892 2909 2925 -1 2864 2908 2917 -1 2893 2892 2925 -1 2893 2925 2912 -1 2926 2877 2879 -1 2894 2921 2873 -1 2901 2877 2926 -1 2888 2915 2885 -1 2916 2913 2927 -1 2918 2919 2891 -1 2905 2916 2928 -1 2903 2919 2929 -1 2929 2920 2903 -1 2905 2928 2930 -1 2920 2927 2913 -1 2931 2906 2905 -1 2931 2932 2906 -1 2906 2932 2907 -1 2925 2909 2924 -1 2864 2886 2908 -1 2879 2917 2933 -1 2926 2879 2933 -1 2922 2897 2249 -1 2916 2927 2928 -1 2927 2920 2934 -1 2934 2928 2927 -1 2901 2926 2935 -1 2921 2936 2888 -1 2937 2938 2936 -1 2918 2911 2935 -1 2915 2888 2936 -1 2905 2930 2931 -1 2939 2920 2929 -1 2931 2940 2932 -1 2895 2899 2941 -1 2907 2932 2942 -1 2900 2907 2942 -1 2943 2908 2923 -1 2917 2908 2943 -1 2901 2935 2911 -1 2936 2921 2944 -1 2944 2937 2936 -1 2919 2918 2945 -1 2939 2934 2920 -1 2930 2928 2946 -1 2931 2930 2947 -1 2946 2947 2930 -1 2931 2947 2940 -1 2895 2941 2923 -1 2924 2900 2942 -1 2917 2948 2933 -1 2948 2949 2933 -1 2926 2933 2949 -1 2921 2894 2950 -1 2935 2926 2949 -1 2944 2921 2950 -1 2918 2935 2951 -1 2919 2945 2952 -1 2952 2929 2919 -1 2936 2938 2953 -1 2915 2936 2953 -1 2954 2946 2955 -1 2956 2932 2940 -1 2941 2899 2957 -1 2957 2922 2958 -1 2899 2922 2957 -1 2912 2925 2959 -1 2960 2925 2924 -1 2917 2943 2948 -1 2922 2249 2269 -1 2894 2912 2950 -1 2928 2955 2946 -1 2934 2955 2928 -1 2947 2946 2940 -1 2960 2924 2942 -1 2961 2925 2960 -1 2959 2925 2961 -1 2946 2954 2940 -1 2940 2954 2962 -1 2956 2942 2932 -1 2912 2959 2961 -1 2961 2950 2912 -1 2949 2951 2935 -1 2951 2963 2918 -1 2964 2950 2965 -1 2945 2918 2963 -1 2944 2950 2964 -1 2965 2966 2967 -1 2942 2956 2968 -1 2942 2968 2960 -1 2941 2957 2969 -1 2970 2950 2961 -1 2929 2952 2971 -1 2934 2939 2972 -1 2972 2955 2934 -1 2950 2970 2965 -1 2949 2973 2951 -1 2962 2956 2940 -1 2968 2956 2974 -1 2923 2975 2943 -1 2961 2960 2968 -1 2952 2945 2971 -1 2971 2939 2929 -1 2973 2948 2976 -1 2949 2948 2973 -1 2963 2951 2973 -1 2948 2943 2977 -1 2970 2966 2965 -1 2962 2954 2978 -1 2962 2974 2956 -1 2922 2269 2958 -1 2977 2943 2975 -1 2976 2948 2977 -1 2970 2968 2979 -1 2961 2968 2970 -1 2939 2971 2972 -1 2955 2978 2954 -1 2974 2962 2980 -1 2941 2981 2923 -1 2966 2970 2982 -1 2981 2941 2969 -1 2982 2983 2966 -1 2975 2923 2981 -1 2984 2972 2971 -1 2972 2984 2955 -1 2974 2980 2985 -1 2974 2979 2968 -1 2970 2979 2982 -1 2957 2958 2986 -1 2945 2963 2987 -1 2980 2962 2978 -1 2978 2955 2988 -1 2982 2979 2989 -1 2984 2990 2955 -1 2973 2976 2991 -1 2957 2986 2969 -1 2963 2973 2991 -1 2971 2945 2992 -1 2990 2984 2993 -1 2994 2980 2978 -1 2994 2985 2980 -1 2979 2974 2985 -1 2977 2991 2976 -1 2987 2963 2995 -1 2992 2984 2971 -1 2996 2983 2997 -1 2997 2983 2982 -1 2981 2969 2998 -1 2987 2992 2945 -1 2975 2981 2998 -1 2999 2996 2997 -1 2955 2990 2988 -1 2305 2958 2269 -1 2982 2989 2997 -1 2995 2963 2991 -1 2986 2998 2969 -1 2977 2975 3000 -1 2991 2977 3000 -1 2992 2987 2995 -1 2985 2994 3001 -1 2985 2989 2979 -1 3000 2975 3002 -1 3003 2984 2992 -1 3003 2993 2984 -1 2978 2988 2994 -1 3002 2975 2998 -1 3004 2985 3001 -1 2989 2985 3004 -1 2990 3005 2988 -1 2989 3004 2997 -1 3005 2994 2988 -1 3006 2997 3004 -1 2999 2997 3006 -1 2994 3007 3001 -1 3008 3001 3009 -1 3004 3001 3010 -1 2958 2305 2345 -1 3011 3002 2998 -1 3001 3008 3010 -1 3010 3006 3004 -1 2994 3005 3007 -1 3009 3001 3007 -1 2986 2958 2345 -1 3012 3007 3005 -1 3009 3012 3013 -1 3007 3012 3009 -1 3014 3015 3016 -1 3016 3017 3014 -1 3016 3018 3017 -1 3018 3019 3017 -1 2991 3000 3020 -1 3020 3000 3015 -1 3021 3019 3018 -1 3015 3014 3020 -1 3021 3022 3019 -1 3022 3023 3019 -1 3023 3022 3024 -1 3025 3021 3018 -1 3021 3025 3026 -1 3027 3009 3013 -1 3015 3028 3016 -1 3016 3028 2349 -1 3002 3029 3000 -1 3016 2349 3018 -1 3006 3030 2999 -1 2992 2995 3031 -1 3031 3032 2992 -1 3029 3002 3033 -1 3034 3035 3023 -1 3035 3034 3036 -1 3000 3029 3015 -1 3011 2986 3037 -1 2998 2986 3011 -1 3033 3028 3029 -1 3002 3011 3033 -1 3028 3015 3029 -1 3005 3036 3012 -1 2991 3020 3031 -1 2991 3031 2995 -1 3018 2349 3038 -1 3038 3025 3018 -1 3023 3024 3034 -1 3034 3024 3039 -1 3036 3034 3039 -1 3012 3040 3013 -1 3041 3009 3027 -1 3008 3009 3041 -1 3042 3014 3017 -1 3017 3035 3042 -1 3035 3017 3019 -1 3035 3019 3023 -1 3003 2992 3032 -1 2990 2993 3043 -1 3044 3042 3035 -1 3035 3036 3044 -1 3036 3005 3043 -1 2986 2345 3037 -1 3045 3011 3037 -1 3005 2990 3043 -1 3011 3045 3033 -1 3020 3014 3031 -1 3031 3014 3042 -1 3038 2349 2348 -1 2357 3038 2348 -1 2357 3046 3038 -1 3025 3038 3046 -1 3047 3022 3021 -1 3047 3021 3026 -1 3048 3013 3049 -1 3048 3027 3013 -1 3012 3036 3040 -1 2382 3046 2357 -1 3050 3025 3046 -1 3006 3010 3051 -1 3030 3006 3051 -1 3052 3022 3047 -1 3024 3022 3052 -1 3053 2349 3028 -1 3026 3025 3050 -1 3041 3054 3008 -1 3024 3055 3039 -1 3031 3042 3056 -1 3049 3013 3040 -1 3043 2993 3003 -1 3043 3044 3036 -1 2334 3037 2345 -1 3057 3040 3036 -1 3055 3024 3052 -1 3058 3053 3033 -1 3055 3057 3039 -1 3039 3057 3036 -1 3028 3033 3053 -1 3010 3008 3054 -1 3031 3056 3032 -1 3032 3056 3003 -1 3044 3056 3042 -1 3003 3044 3043 -1 3041 3027 3048 -1 3033 3045 3058 -1 3053 3059 2349 -1 3044 3003 3056 -1 3050 3046 3060 -1 3047 3026 3050 -1 3054 3041 3061 -1 3057 3055 3062 -1 3010 3054 3051 -1 3037 3063 3045 -1 2334 3063 3037 -1 3058 3063 2389 -1 3045 3063 3058 -1 3040 3057 3064 -1 3058 3059 3053 -1 3058 2389 2379 -1 2350 2349 3059 -1 3040 3065 3049 -1 3060 3046 3066 -1 3063 2334 2380 -1 3062 3055 3052 -1 3048 3061 3041 -1 3067 3050 3060 -1 2380 2389 3063 -1 2379 3059 3058 -1 3059 2379 2350 -1 3065 3040 3064 -1 3052 3047 3068 -1 3047 3050 3068 -1 2382 3066 3046 -1 3057 3062 3064 -1 3051 3054 3069 -1 3068 3070 3052 -1 3068 3050 3067 -1 3071 3048 3049 -1 3048 3072 3061 -1 3067 3060 3073 -1 3073 3060 3066 -1 3066 2382 2401 -1 3074 3064 3062 -1 3062 3052 3070 -1 3049 3065 3071 -1 3072 3048 3071 -1 3069 3054 3075 -1 3068 3067 3070 -1 3075 3054 3061 -1 3076 3072 3071 -1 3073 3066 3077 -1 3066 2401 3077 -1 3062 3070 3074 -1 3078 3079 3080 -1 3071 3081 3076 -1 3076 3082 3072 -1 3065 3064 3083 -1 3073 3084 3067 -1 3070 3067 3084 -1 3065 3083 3085 -1 3081 3065 3085 -1 3071 3065 3081 -1 3078 3080 3081 -1 3076 3081 3080 -1 3061 3072 3082 -1 3082 3075 3061 -1 3080 3082 3076 -1 3083 3064 3074 -1 3077 3084 3073 -1 3074 3070 3086 -1 3086 3070 3084 -1 2401 2424 3077 -1 3081 3085 3078 -1 3087 3088 3089 -1 3089 3078 3087 -1 3083 3074 3088 -1 3083 3088 3087 -1 3087 3085 3083 -1 3078 3085 3087 -1 3090 3091 3089 -1 3091 3090 3092 -1 3093 3094 3092 -1 3094 3093 3095 -1 3096 3089 3091 -1 3078 3089 3096 -1 3086 3097 3098 -1 3084 3097 3086 -1 3097 3084 3077 -1 2455 3077 2424 -1 3099 3095 3093 -1 2456 3100 3101 -1 2456 3099 3100 -1 3100 3102 3101 -1 3100 3103 3102 -1 3103 3100 3093 -1 3093 3100 3099 -1 3086 3088 3074 -1 3088 3086 3098 -1 3090 3098 3103 -1 3089 3098 3090 -1 3088 3098 3089 -1 3092 3090 3103 -1 3092 3103 3093 -1 3098 3097 3102 -1 3102 3103 3098 -1 3101 3077 2455 -1 3097 3077 3101 -1 3102 3097 3101 -1 3101 2455 2456 -1 2493 3099 2456 -1 2493 2496 3099 -1 276 3104 306 -1 3105 3104 3106 -1 3106 3107 3105 -1 3107 3106 3108 -1 3109 440 3110 -1 3110 440 401 -1 3111 3112 3113 -1 3114 3112 3111 -1 3115 3108 3106 -1 306 3112 3114 -1 3114 397 306 -1 3112 3104 3116 -1 306 3104 3112 -1 3117 3115 3118 -1 3117 3118 3119 -1 3110 3120 3109 -1 3110 490 3120 -1 3110 401 485 -1 3110 485 490 -1 3121 3122 3113 -1 3113 3122 3111 -1 397 3114 3123 -1 276 491 3104 -1 3124 3120 490 -1 491 3106 3104 -1 3116 3113 3112 -1 3116 3104 3105 -1 375 3106 491 -1 422 3124 490 -1 3116 3105 3125 -1 3106 3126 3115 -1 426 3124 422 -1 3124 426 544 -1 3127 544 3128 -1 3129 375 293 -1 3118 3115 3126 -1 3126 3129 3118 -1 3109 3119 3118 -1 440 3129 293 -1 3129 440 3118 -1 3118 440 3109 -1 3130 3119 3109 -1 3108 3115 3117 -1 509 3131 3132 -1 509 3132 468 -1 3117 3133 3134 -1 3135 3130 3136 -1 3119 3133 3117 -1 3130 3109 3136 -1 3120 3136 3109 -1 513 482 3137 -1 3138 3122 3121 -1 3113 3139 3121 -1 3111 3123 3114 -1 3123 518 397 -1 3106 375 3126 -1 3129 3126 375 -1 3139 3113 3140 -1 3113 3116 3140 -1 3141 3124 3142 -1 3120 3124 3141 -1 544 530 3128 -1 3105 3107 3125 -1 3143 3144 3107 -1 3142 3127 3145 -1 544 3127 3142 -1 3127 3128 3132 -1 3132 3128 468 -1 3128 452 468 -1 3146 3133 3147 -1 3145 3127 3132 -1 3139 3148 3121 -1 3149 3145 3132 -1 3133 3119 3150 -1 3150 3119 3151 -1 3152 3153 3135 -1 3149 3132 3154 -1 3155 3143 3156 -1 3144 3143 3155 -1 3154 3131 3157 -1 3152 3135 3158 -1 3154 3157 3159 -1 3140 3116 3125 -1 3125 3144 3140 -1 3144 3125 3107 -1 3157 3131 893 -1 893 908 3157 -1 3156 3143 3160 -1 3161 3160 3143 -1 3107 3161 3143 -1 509 515 3131 -1 3161 3162 3163 -1 3164 3138 3121 -1 3136 3120 3165 -1 3131 515 893 -1 3141 3165 3120 -1 3134 3161 3107 -1 3166 3167 3168 -1 3145 3166 3141 -1 3124 544 3142 -1 3107 3108 3117 -1 3117 3134 3107 -1 3161 3134 3133 -1 3141 3142 3145 -1 513 3169 539 -1 3161 3133 3162 -1 3133 3146 3162 -1 3128 530 452 -1 3150 3147 3133 -1 3130 3151 3119 -1 3170 3148 3139 -1 3171 3149 3154 -1 3130 3135 3151 -1 3139 3140 3172 -1 3155 3140 3144 -1 3153 3150 3151 -1 3132 3131 3154 -1 3151 3135 3153 -1 3171 3154 3173 -1 3140 3155 3172 -1 3159 3173 3154 -1 3174 3175 3171 -1 3159 3157 3176 -1 908 3176 3157 -1 908 929 3176 -1 3158 3177 3178 -1 3161 3163 3160 -1 3178 3177 3179 -1 3179 3180 3178 -1 3136 3181 3135 -1 3168 3181 3136 -1 3182 3146 3183 -1 3182 3162 3146 -1 1865 543 3184 -1 3165 3168 3136 -1 3184 543 539 -1 961 3176 929 -1 3168 3165 3166 -1 3169 3184 539 -1 3165 3141 3166 -1 3181 3168 3167 -1 3181 3167 3177 -1 3167 3166 3185 -1 3145 3185 3166 -1 3179 3177 3186 -1 3177 3167 3186 -1 3167 3185 3187 -1 3185 3145 3149 -1 3188 513 3137 -1 3137 482 518 -1 3148 3189 3164 -1 3121 3148 3164 -1 518 3123 3190 -1 3122 3123 3111 -1 3160 3163 3191 -1 3191 3162 3192 -1 3186 3167 3187 -1 3191 3163 3162 -1 3193 3194 3179 -1 3193 3179 3186 -1 3192 3182 3195 -1 3182 3192 3162 -1 3193 3186 3187 -1 3193 3196 3197 -1 3187 3171 3193 -1 3196 3193 3175 -1 3187 3185 3171 -1 3171 3185 3149 -1 3193 3171 3175 -1 3183 3147 3153 -1 3196 3175 3198 -1 3171 3173 3174 -1 3198 3175 3174 -1 3146 3147 3183 -1 3147 3150 3153 -1 3199 3198 3174 -1 3174 3200 3199 -1 3153 3201 3183 -1 3200 3174 3173 -1 3152 3201 3153 -1 3201 3152 3202 -1 3173 3159 3200 -1 3135 3181 3158 -1 3178 3203 3158 -1 961 3200 3159 -1 3200 961 960 -1 3138 3164 3204 -1 3159 3176 961 -1 3122 3138 3205 -1 3158 3181 3177 -1 3180 3206 3178 -1 3123 3205 3190 -1 3122 3205 3123 -1 3189 3148 3207 -1 522 543 1865 -1 3208 3156 3160 -1 3172 3170 3139 -1 3155 3156 3172 -1 3160 3191 3209 -1 3191 3192 3209 -1 3210 3192 3195 -1 3196 3198 3211 -1 3195 3182 3212 -1 3198 3213 3214 -1 3214 3213 3215 -1 3199 3213 3198 -1 3216 3182 3183 -1 3217 3213 3199 -1 3217 3199 3200 -1 3189 3218 3164 -1 3188 3137 3190 -1 3219 3216 3201 -1 3216 3183 3201 -1 3201 3202 3219 -1 3190 3137 518 -1 3202 3152 3203 -1 1865 3184 3220 -1 3203 3152 3158 -1 3203 3206 3221 -1 3170 3156 3222 -1 3203 3178 3206 -1 3223 3221 3224 -1 3206 3224 3221 -1 3208 3160 3210 -1 3225 3226 3210 -1 3226 3208 3210 -1 3210 3160 3209 -1 3194 3193 3197 -1 3170 3172 3156 -1 3202 3223 3227 -1 3215 3213 3228 -1 3223 3202 3203 -1 3213 3217 3228 -1 3223 3203 3221 -1 3205 3138 3229 -1 960 3230 3200 -1 3231 3223 3224 -1 3232 3233 3224 -1 3222 3207 3148 -1 3148 3170 3222 -1 3224 3206 3232 -1 3206 3180 3232 -1 3156 3208 3222 -1 3194 3180 3179 -1 3232 3234 3233 -1 3226 3225 3235 -1 3232 3194 3234 -1 3236 3225 3210 -1 3234 3237 3233 -1 3197 3234 3194 -1 3210 3209 3192 -1 3234 3197 3238 -1 3211 3238 3197 -1 3195 3236 3210 -1 3211 3197 3196 -1 3211 3198 3214 -1 3212 3239 3195 -1 3212 3219 3239 -1 3182 3216 3212 -1 3216 3219 3212 -1 1865 3240 1862 -1 3220 3240 1865 -1 3241 3219 3202 -1 3242 3214 3215 -1 3220 3184 3169 -1 3241 3202 3227 -1 3243 3227 3223 -1 3244 3245 3246 -1 3188 3169 513 -1 3245 3244 3214 -1 3214 3242 3245 -1 3245 3247 3248 -1 3204 3229 3138 -1 3189 3207 3249 -1 3249 3250 3189 -1 3251 3247 3215 -1 3252 3207 3253 -1 3243 3223 3231 -1 3200 3230 3217 -1 3217 993 3228 -1 3207 3222 3254 -1 3222 3208 3254 -1 3224 3233 3231 -1 3231 3233 3255 -1 3247 3251 3256 -1 3255 3233 3237 -1 3256 3257 3247 -1 3251 993 992 -1 3236 3258 3225 -1 3232 3180 3194 -1 992 3256 3251 -1 990 3230 960 -1 3244 3259 3260 -1 993 3230 990 -1 3239 3236 3195 -1 3261 3220 3169 -1 3262 3239 3219 -1 3236 3239 3262 -1 3238 3244 3263 -1 3211 3244 3238 -1 3262 3219 3264 -1 3264 3219 3265 -1 3244 3211 3214 -1 3227 3266 3265 -1 3241 3265 3219 -1 3267 3204 3218 -1 3218 3189 3250 -1 3218 3204 3164 -1 3266 3227 3243 -1 3242 3215 3247 -1 3266 3243 3268 -1 3268 3243 3269 -1 3215 3228 3251 -1 3228 993 3251 -1 3230 993 3217 -1 3231 3269 3243 -1 3190 3270 3188 -1 3269 3231 3255 -1 3257 3256 3271 -1 3229 3204 3272 -1 3256 992 3273 -1 3254 3208 3274 -1 3208 3226 3274 -1 3263 3260 3255 -1 3263 3255 3237 -1 3235 3258 3275 -1 3225 3258 3235 -1 3240 1918 1862 -1 3276 3275 3258 -1 3258 3236 3277 -1 3260 3263 3244 -1 3276 3258 3277 -1 3264 3276 3277 -1 3277 3262 3264 -1 3238 3237 3234 -1 3236 3262 3277 -1 3238 3263 3237 -1 3276 3264 3278 -1 3259 3244 3279 -1 3244 3246 3279 -1 3280 3264 3281 -1 3264 3265 3281 -1 3250 3267 3218 -1 3227 3265 3241 -1 3247 3245 3242 -1 3247 3282 3248 -1 3282 3247 3257 -1 3266 3268 3283 -1 3261 3169 3188 -1 3261 3188 3270 -1 3284 3285 3286 -1 3282 3257 3287 -1 3268 3269 3285 -1 3257 3271 3287 -1 3190 3229 3270 -1 3273 3271 3256 -1 3286 3269 3255 -1 3190 3205 3229 -1 3273 992 1039 -1 3288 3286 3255 -1 3252 3253 3289 -1 3207 3254 3253 -1 3289 3253 3254 -1 3260 3288 3255 -1 3276 3290 3275 -1 3240 3220 3261 -1 3291 3259 3292 -1 3259 3293 3292 -1 3278 3264 3280 -1 3294 3278 3280 -1 3295 3296 3293 -1 3295 3279 3246 -1 3281 3265 3266 -1 3246 3245 3248 -1 3295 3246 3248 -1 3295 3248 3296 -1 3281 3266 3283 -1 3296 3248 3282 -1 3296 3282 3297 -1 3298 3296 3297 -1 3267 3272 3204 -1 3282 3287 3299 -1 3269 3286 3285 -1 3300 3250 3249 -1 3270 3301 3261 -1 3300 3249 3252 -1 1039 1081 3273 -1 3288 3291 3302 -1 3207 3252 3249 -1 3303 3288 3260 -1 3288 3303 3291 -1 3226 3235 3274 -1 3291 3303 3259 -1 3303 3260 3259 -1 3304 3291 3305 -1 3305 3291 3306 -1 3292 3306 3291 -1 3259 3279 3293 -1 3279 3295 3293 -1 3281 3294 3280 -1 3293 3307 3292 -1 3294 3281 3283 -1 3293 3296 3308 -1 3296 3298 3308 -1 3299 3297 3282 -1 3309 3268 3285 -1 3284 3309 3285 -1 3287 3271 3310 -1 3284 3286 3311 -1 3286 3302 3311 -1 3311 3302 3312 -1 3312 3313 3311 -1 3302 3291 3312 -1 3312 3291 3304 -1 3286 3288 3302 -1 3289 3254 3274 -1 1081 3271 3273 -1 3305 3314 3304 -1 3278 3290 3276 -1 3314 3305 3306 -1 3235 3275 3315 -1 3307 3306 3292 -1 3306 3307 3316 -1 3293 3317 3307 -1 3318 3319 3278 -1 3308 3317 3293 -1 3278 3294 3320 -1 3321 3272 3267 -1 3322 3284 3311 -1 3229 3301 3270 -1 3312 3304 3313 -1 3313 3304 3323 -1 3323 3304 3324 -1 3304 3314 3324 -1 3278 3319 3290 -1 3314 3306 3316 -1 3317 3316 3307 -1 3318 3278 3320 -1 3308 3298 3325 -1 3294 3283 3320 -1 3283 3326 3320 -1 1918 3240 3327 -1 3320 3326 3328 -1 3287 3310 3299 -1 3326 3283 3309 -1 3268 3309 3283 -1 3329 3300 3330 -1 3331 3332 3313 -1 3267 3250 3333 -1 3329 3250 3300 -1 3301 3229 3334 -1 3252 3330 3300 -1 3252 3289 3335 -1 3335 3289 3336 -1 3337 3314 3338 -1 3314 3316 3338 -1 3317 3338 3316 -1 3336 3289 3274 -1 3339 3340 3290 -1 3275 3290 3340 -1 3341 3240 3261 -1 3261 3301 3342 -1 3318 3343 3319 -1 3318 3328 3344 -1 3328 3318 3320 -1 3326 3345 3328 -1 3326 3346 3345 -1 3309 3346 3326 -1 3347 3339 3290 -1 3290 3319 3347 -1 3315 3275 3340 -1 3343 3318 3344 -1 3348 3343 3344 -1 3345 3346 3349 -1 3346 3284 3349 -1 3346 3309 3284 -1 3327 3240 3341 -1 3333 3321 3267 -1 3321 3350 3272 -1 3322 3351 3352 -1 3322 3353 3351 -1 3354 3355 3330 -1 3355 3329 3330 -1 3349 3284 3322 -1 3332 3322 3311 -1 3329 3333 3250 -1 3313 3332 3311 -1 3301 3334 3350 -1 3323 3331 3313 -1 3229 3272 3334 -1 3356 3323 3324 -1 3324 3314 3337 -1 3335 3330 3252 -1 3274 3357 3336 -1 3274 3235 3357 -1 3319 3358 3347 -1 3352 3349 3322 -1 3322 3332 3353 -1 3359 3331 3323 -1 3359 3323 3360 -1 3343 3358 3319 -1 3360 3323 3356 -1 3356 3324 3337 -1 3361 3348 3328 -1 3328 3348 3344 -1 3361 3328 3345 -1 3352 3345 3349 -1 3333 3362 3321 -1 3333 3329 3355 -1 3334 3272 3350 -1 3330 3335 3363 -1 3336 3364 3335 -1 3235 3315 3357 -1 2008 1918 3365 -1 3365 1918 3327 -1 3348 3366 3343 -1 3361 3366 3348 -1 3345 3367 3361 -1 3352 3351 3367 -1 3368 3359 3360 -1 3353 3331 3359 -1 3332 3331 3353 -1 3337 3338 3369 -1 3342 3301 3370 -1 3371 3301 3350 -1 3330 3363 3354 -1 3363 3335 3372 -1 3372 3335 3364 -1 3357 3364 3336 -1 3315 3339 3373 -1 3339 3315 3340 -1 3358 3374 3347 -1 3359 3375 3353 -1 3368 3375 3359 -1 3358 3343 3366 -1 3345 3352 3367 -1 3360 3356 3376 -1 3351 3353 3377 -1 3375 3377 3353 -1 3355 3378 3379 -1 3354 3378 3355 -1 3371 3370 3301 -1 3360 3376 3368 -1 3380 3350 3321 -1 3381 3333 3355 -1 3337 3376 3356 -1 3376 3337 3369 -1 3362 3333 3382 -1 3261 3342 3341 -1 3383 3378 3363 -1 3378 3354 3363 -1 3357 3373 3364 -1 3373 3357 3315 -1 3373 3339 3384 -1 3374 3384 3347 -1 3384 3339 3347 -1 3385 3374 3358 -1 3375 3368 3386 -1 3327 3341 3387 -1 3366 3361 3388 -1 3377 3367 3351 -1 3367 3377 3389 -1 3376 3386 3368 -1 3386 3376 3390 -1 3376 3369 3390 -1 3371 3350 3380 -1 3390 3369 3391 -1 3379 3381 3355 -1 3382 3333 3381 -1 3372 3383 3363 -1 3374 3385 3392 -1 3393 3377 3375 -1 2060 2008 3365 -1 3327 3387 3365 -1 3381 3379 3394 -1 3384 3374 3395 -1 3392 3395 3374 -1 3364 3373 3396 -1 3397 3392 3385 -1 3385 3358 3398 -1 3398 3358 3366 -1 3361 3367 3388 -1 3399 3371 3380 -1 2060 3365 3400 -1 3342 3401 3341 -1 3370 3401 3342 -1 3402 3394 3379 -1 3396 3372 3364 -1 3384 3396 3373 -1 3396 3384 3395 -1 3403 3393 3375 -1 3397 3385 3398 -1 3403 3375 3386 -1 3403 3386 3404 -1 3404 3405 3403 -1 3404 3386 3406 -1 3406 3386 3390 -1 3388 3367 3389 -1 3365 3387 3400 -1 3407 3408 3409 -1 3408 3407 3410 -1 3321 3362 3411 -1 3362 3382 3411 -1 3411 3380 3321 -1 3389 3377 3412 -1 3407 3412 3410 -1 3412 3377 3393 -1 3413 3408 3410 -1 3371 3399 3370 -1 3411 3382 3414 -1 3382 3381 3414 -1 3381 3394 3414 -1 3378 3383 3415 -1 3383 3372 3416 -1 3417 3372 3395 -1 3366 3418 3398 -1 3395 3372 3396 -1 3366 3419 3418 -1 3408 3420 3409 -1 3401 3387 3341 -1 3407 3389 3412 -1 3393 3410 3412 -1 3416 3372 3417 -1 3395 3421 3417 -1 3421 3395 3392 -1 3402 3379 3422 -1 3379 3378 3415 -1 3416 3415 3383 -1 3403 3405 3423 -1 3419 3366 3388 -1 3424 3419 3388 -1 3407 3409 3425 -1 3414 3426 3411 -1 3380 3411 3426 -1 3392 3397 3427 -1 3414 3394 3426 -1 3379 3415 3422 -1 3428 3409 3429 -1 3430 3413 3410 -1 3393 3430 3410 -1 2069 2060 3400 -1 3430 3403 3423 -1 3393 3403 3430 -1 3431 3424 3388 -1 3425 3409 3424 -1 3389 3431 3388 -1 3407 3431 3389 -1 3425 3431 3407 -1 3421 3392 3427 -1 3394 3402 3432 -1 3402 3422 3433 -1 3432 3426 3394 -1 3434 3422 3415 -1 3428 3424 3409 -1 2089 3400 3435 -1 3409 3420 3429 -1 3431 3425 3424 -1 3420 3408 3436 -1 3408 3413 3437 -1 3438 3426 3432 -1 3415 3416 3434 -1 3439 3413 3440 -1 3428 3419 3424 -1 3441 3429 3420 -1 2069 3400 2089 -1 3437 3436 3408 -1 3437 3413 3439 -1 3426 3438 3380 -1 3399 3380 3442 -1 3442 3380 3438 -1 3402 3433 3432 -1 3416 3417 3443 -1 3438 3432 3444 -1 3444 3432 3445 -1 3434 3416 3446 -1 3397 3398 3418 -1 3440 3413 3430 -1 3419 3428 3447 -1 3429 3447 3428 -1 3387 3401 3448 -1 3446 3416 3443 -1 3370 3399 3449 -1 3443 3417 3421 -1 3433 3422 3450 -1 3430 3423 3451 -1 3401 3370 3452 -1 3429 3453 3447 -1 3454 3420 3436 -1 3437 3454 3436 -1 3437 3439 3455 -1 3370 3449 3452 -1 3442 3449 3399 -1 3434 3450 3422 -1 3432 3433 3445 -1 3418 3456 3397 -1 3454 3441 3420 -1 3442 3438 3457 -1 3458 3443 3421 -1 2107 2089 3435 -1 3457 3438 3444 -1 3435 3400 3387 -1 3459 3450 3434 -1 3446 3459 3434 -1 3460 3445 3461 -1 3445 3460 3444 -1 3458 3421 3427 -1 3401 3452 3448 -1 3460 3457 3444 -1 3462 3463 3439 -1 3439 3440 3462 -1 3419 3464 3418 -1 3447 3464 3419 -1 3442 3457 3449 -1 3443 3465 3446 -1 3466 3461 3445 -1 3466 3445 3433 -1 3427 3397 3456 -1 3430 3451 3467 -1 3464 3447 3453 -1 3429 3468 3453 -1 3454 3437 3455 -1 3455 3439 3463 -1 3457 3469 3449 -1 3466 3433 3450 -1 3449 3469 3452 -1 3457 3460 3469 -1 3466 3450 3470 -1 3471 3459 3472 -1 3446 3465 3459 -1 3450 3459 3471 -1 3461 3469 3460 -1 3443 3458 3473 -1 3430 3467 3440 -1 3429 3441 3468 -1 3474 3454 3455 -1 3469 3475 3452 -1 3465 3472 3459 -1 3470 3461 3466 -1 3473 3458 3476 -1 3443 3473 3465 -1 3470 3450 3471 -1 3453 3477 3464 -1 3453 3468 3478 -1 3478 3477 3453 -1 3474 3455 3463 -1 3464 3456 3418 -1 3435 3387 3479 -1 3469 3461 3480 -1 3387 3448 3479 -1 3475 3469 3480 -1 3470 3481 3461 -1 3463 3462 3482 -1 3483 3462 3440 -1 3458 3427 3484 -1 3484 3427 3456 -1 3485 3468 3441 -1 3474 3486 3454 -1 3487 2107 3435 -1 3481 3480 3461 -1 3475 3480 3488 -1 3482 3462 3483 -1 3458 3484 3476 -1 3480 3489 3488 -1 3490 3472 3465 -1 3473 3490 3465 -1 3491 3484 3492 -1 2107 3487 2131 -1 3476 3484 3491 -1 3483 3440 3467 -1 3479 3448 3493 -1 3448 3452 3494 -1 3452 3475 3494 -1 3495 3464 3477 -1 3441 3454 3486 -1 3486 3474 3463 -1 3489 3480 3481 -1 3476 3490 3473 -1 2131 3487 2155 -1 3492 3484 3456 -1 3485 3441 3486 -1 3496 3495 3477 -1 3497 3498 3463 -1 3499 3478 3468 -1 3486 3463 3498 -1 3500 3475 3488 -1 3501 3481 3470 -1 3490 3476 3502 -1 2155 3487 3503 -1 3448 3494 3493 -1 3495 3456 3464 -1 3477 3478 3496 -1 3503 3487 3504 -1 3487 3435 3504 -1 3435 3479 3504 -1 3471 3501 3470 -1 3482 3497 3463 -1 3501 3471 3472 -1 3456 3505 3492 -1 3475 3500 3494 -1 3499 3496 3478 -1 3468 3485 3499 -1 3502 3476 3491 -1 3481 3501 3506 -1 3507 3494 3500 -1 3456 3495 3505 -1 3498 3485 3486 -1 2155 3503 2160 -1 3472 3490 3508 -1 3495 3496 3509 -1 3498 3497 3510 -1 3508 3490 3511 -1 3490 3502 3511 -1 3491 3492 3512 -1 3502 3491 3513 -1 3514 3493 3494 -1 3509 3505 3495 -1 2185 2160 3503 -1 3496 3499 3509 -1 3503 3504 3515 -1 3489 3481 3516 -1 3506 3501 3517 -1 3481 3506 3518 -1 3472 3508 3501 -1 3482 3519 3497 -1 3504 3479 3520 -1 3479 3493 3520 -1 3518 3506 3521 -1 3500 3488 3516 -1 3517 3521 3506 -1 3488 3489 3516 -1 3513 3491 3512 -1 3522 3499 3485 -1 3522 3485 3498 -1 3523 3508 3524 -1 3501 3508 3517 -1 3508 3511 3524 -1 3525 3511 3502 -1 3492 3505 3526 -1 3522 3498 3510 -1 3517 3508 3523 -1 3527 3525 3502 -1 3502 3513 3527 -1 3505 3509 3528 -1 3509 3499 3529 -1 3530 3500 3516 -1 3481 3518 3516 -1 3504 3520 3515 -1 3497 3519 3510 -1 3528 3509 3529 -1 3529 3499 3522 -1 3518 3521 3531 -1 3521 3517 3532 -1 3512 3492 3533 -1 3533 3534 3512 -1 2185 3503 3535 -1 3493 3536 3520 -1 3500 3530 3537 -1 3514 3494 3507 -1 3510 3519 3538 -1 3539 3532 3517 -1 3512 3540 3513 -1 3505 3528 3541 -1 2185 3535 2212 -1 3492 3526 3533 -1 3528 3529 3542 -1 3529 3543 3542 -1 3529 3522 3543 -1 3507 3500 3537 -1 3493 3514 3536 -1 3531 3521 3532 -1 3530 3516 3518 -1 3517 3523 3539 -1 3524 3544 3523 -1 3524 3511 3525 -1 3527 3513 3540 -1 3534 3540 3512 -1 3526 3505 3541 -1 3535 3503 3515 -1 3534 3533 3545 -1 3523 3546 3539 -1 3527 3547 3525 -1 3524 3525 3544 -1 3548 3535 3515 -1 3549 3522 3510 -1 3549 3510 3538 -1 3546 3523 3544 -1 3544 3525 3550 -1 2212 3535 2243 -1 3540 3534 3545 -1 3543 3522 3549 -1 3531 3551 3518 -1 3552 3507 3537 -1 3518 3551 3530 -1 3532 3553 3531 -1 2243 3535 3548 -1 3527 3540 3554 -1 3545 3554 3540 -1 3555 3541 3528 -1 3528 3542 3555 -1 3545 3533 3556 -1 3526 3557 3533 -1 3542 3543 3549 -1 3530 3551 3537 -1 3546 3558 3539 -1 3525 3547 3550 -1 3526 3541 3559 -1 3532 3539 3553 -1 3546 3544 3560 -1 3515 3520 3561 -1 3533 3557 3556 -1 3562 3542 3549 -1 3549 3538 3562 -1 3560 3544 3563 -1 3563 3544 3550 -1 3547 3527 3554 -1 3548 3515 3561 -1 3554 3545 3564 -1 3526 3559 3557 -1 3536 3514 3565 -1 3531 3566 3551 -1 3531 3553 3567 -1 3547 3554 3568 -1 3520 3536 3561 -1 3562 3538 3569 -1 3567 3553 3570 -1 3539 3558 3553 -1 3514 3507 3565 -1 3541 3555 3559 -1 3556 3564 3545 -1 3537 3551 3571 -1 3566 3531 3567 -1 3550 3547 3568 -1 3536 3565 3572 -1 3542 3562 3573 -1 3562 3569 3574 -1 3552 3565 3507 -1 3542 3575 3555 -1 3560 3558 3546 -1 3570 3553 3558 -1 3576 3550 3568 -1 3577 3556 3557 -1 3548 3561 3578 -1 3579 3557 3559 -1 3579 3559 3580 -1 3575 3559 3555 -1 3561 3536 3581 -1 3551 3566 3571 -1 3563 3550 3582 -1 3550 3576 3582 -1 3581 3536 3572 -1 3580 3559 3575 -1 3554 3564 3568 -1 3557 3579 3577 -1 3578 3561 3581 -1 3573 3575 3542 -1 3566 3567 3570 -1 3583 3560 3563 -1 3556 3577 3584 -1 3537 3571 3552 -1 3585 3570 3586 -1 3570 3558 3587 -1 3560 3583 3558 -1 2243 3548 2277 -1 3548 3578 2277 -1 3564 3556 3584 -1 3572 3565 3588 -1 3570 3585 3566 -1 3583 3563 3589 -1 3589 3563 3582 -1 3568 3564 3590 -1 3566 3585 3571 -1 3586 3570 3587 -1 3591 3576 3568 -1 3564 3584 3590 -1 3577 3592 3584 -1 3565 3552 3588 -1 3587 3558 3583 -1 2277 3578 3593 -1 3593 3578 3594 -1 3581 3594 3578 -1 3577 3579 3592 -1 3573 3562 3574 -1 3576 3595 3582 -1 3584 3592 3596 -1 3592 3579 3597 -1 3581 3572 3594 -1 3598 3580 3575 -1 3598 3575 3573 -1 3588 3552 3599 -1 3552 3571 3599 -1 3600 3571 3585 -1 3601 3585 3586 -1 3576 3591 3595 -1 3591 3568 3590 -1 2277 3602 2280 -1 3579 3580 3597 -1 3585 3601 3600 -1 3583 3589 3603 -1 2277 3593 3602 -1 3572 3604 3594 -1 3600 3599 3571 -1 3587 3583 3605 -1 2298 2280 3602 -1 3602 3593 3606 -1 3607 3580 3598 -1 3604 3572 3608 -1 3588 3608 3572 -1 3582 3595 3609 -1 3594 3606 3593 -1 3573 3574 3610 -1 3605 3583 3603 -1 3589 3582 3609 -1 3591 3590 3611 -1 3590 3584 3611 -1 3611 3584 3596 -1 3598 3573 3610 -1 3604 3608 3612 -1 3613 3599 3600 -1 3609 3603 3589 -1 3614 3592 3597 -1 3588 3599 3613 -1 3595 3591 3615 -1 3616 3607 3598 -1 3598 3610 3616 -1 3588 3613 3608 -1 3601 3617 3600 -1 3609 3595 3615 -1 3591 3611 3615 -1 2298 3602 3618 -1 3606 3594 3604 -1 3612 3608 3619 -1 3613 3619 3608 -1 3603 3609 3620 -1 3611 3596 3621 -1 3607 3597 3580 -1 3618 3602 3606 -1 3606 3604 3622 -1 3613 3623 3619 -1 3624 3613 3600 -1 3617 3624 3600 -1 3615 3620 3609 -1 3596 3592 3621 -1 3625 3611 3621 -1 3616 3610 3626 -1 3618 3606 3622 -1 3627 3617 3601 -1 3621 3592 3614 -1 3617 3627 3624 -1 3586 3587 3628 -1 3629 3624 3627 -1 2317 2298 3630 -1 3631 3605 3603 -1 3623 3632 3619 -1 3624 3623 3613 -1 3615 3611 3633 -1 3611 3625 3633 -1 3634 3597 3607 -1 3607 3616 3634 -1 3635 3634 3616 -1 3629 3627 3636 -1 3627 3601 3636 -1 3601 3586 3628 -1 3628 3587 3605 -1 3603 3620 3637 -1 3604 3612 3622 -1 3624 3629 3623 -1 3634 3614 3597 -1 3638 2298 3618 -1 3635 3616 3639 -1 3638 3618 3622 -1 3616 3626 3639 -1 3632 3640 3619 -1 3631 3641 3605 -1 3628 3605 3641 -1 3603 3637 3631 -1 3620 3615 3642 -1 2298 3638 3630 -1 3640 3612 3619 -1 3623 3629 3643 -1 3643 3629 3644 -1 3601 3628 3636 -1 3614 3634 3645 -1 3632 3623 3646 -1 3647 3641 3631 -1 3637 3620 3642 -1 3633 3642 3615 -1 3621 3614 3645 -1 3648 3645 3634 -1 3648 3634 3635 -1 3638 3622 3640 -1 3612 3640 3622 -1 3623 3643 3646 -1 3629 3636 3644 -1 3649 3636 3628 -1 3641 3649 3628 -1 3637 3642 3650 -1 3642 3633 3651 -1 3652 3633 3625 -1 3625 3621 3652 -1 3639 3653 3635 -1 3649 3641 3647 -1 3631 3637 3654 -1 3645 3655 3621 -1 3656 3638 3640 -1 3648 3635 3653 -1 3640 3632 3656 -1 3646 3643 3657 -1 3636 3649 3644 -1 3654 3637 3650 -1 3642 3651 3650 -1 2317 3630 3658 -1 3656 3632 3646 -1 3659 3649 3647 -1 3647 3631 3654 -1 3651 3633 3652 -1 3652 3621 3655 -1 3645 3648 3655 -1 3630 3638 3660 -1 3638 3656 3660 -1 2372 2317 3658 -1 3658 3630 3661 -1 3646 3662 3656 -1 3657 3662 3646 -1 3659 3644 3649 -1 3661 3630 3660 -1 3663 3659 3647 -1 3663 3647 3654 -1 3643 3644 3657 -1 3654 3650 3664 -1 3665 3651 3652 -1 3652 3655 3665 -1 3648 3666 3655 -1 3666 3648 3653 -1 3667 3666 3653 -1 3658 2411 2372 -1 3658 3661 3668 -1 3669 3644 3659 -1 3663 3654 3670 -1 3670 3654 3664 -1 3656 3662 3660 -1 3655 3666 3671 -1 3671 3666 3667 -1 3668 3672 3658 -1 3669 3659 3673 -1 3651 3674 3650 -1 3675 3665 3655 -1 3676 3675 3655 -1 3676 3655 3671 -1 3667 3677 3671 -1 3678 3679 3680 -1 3681 3679 3678 -1 2411 3658 3672 -1 3644 3669 3657 -1 3650 3674 3664 -1 3663 3670 3682 -1 3651 3665 3674 -1 3671 3683 3676 -1 3677 3684 3671 -1 3679 3684 3677 -1 3685 3679 3681 -1 3686 3681 3678 -1 3687 3662 3657 -1 3659 3663 3688 -1 3688 3663 3682 -1 3682 3670 3664 -1 3689 3674 3665 -1 3665 3675 3689 -1 3675 3676 3690 -1 3691 3683 3671 -1 3691 3671 3684 -1 3692 3691 3684 -1 3679 3693 3684 -1 3694 3685 3681 -1 3695 3672 3668 -1 3668 3661 3696 -1 3669 3673 3657 -1 3660 3662 3687 -1 3659 3688 3697 -1 3698 3683 3691 -1 3657 3699 3687 -1 3673 3699 3657 -1 3673 3659 3697 -1 3700 3688 3682 -1 3693 3692 3684 -1 3685 3693 3679 -1 3686 3694 3681 -1 3701 3700 3702 -1 3703 3704 3705 -1 2411 3672 2437 -1 2437 3672 3706 -1 3695 3706 3672 -1 3668 3696 3695 -1 3687 3696 3661 -1 3661 3660 3687 -1 3683 3690 3676 -1 3707 3708 3709 -1 3710 3711 3707 -1 3712 3713 3714 -1 3708 3707 3711 -1 3715 3697 3688 -1 3715 3688 3700 -1 3682 3716 3700 -1 3664 3674 3682 -1 3682 3674 3689 -1 3689 3675 3690 -1 3717 3718 3714 -1 3702 3719 3701 -1 3703 3702 3704 -1 3720 3704 3721 -1 3702 3721 3704 -1 3722 3703 3705 -1 3723 3724 3725 -1 3720 3705 3704 -1 3685 3726 3693 -1 3727 3726 3685 -1 3685 3694 3727 -1 3710 3707 3728 -1 3729 3730 3731 -1 3728 3707 3709 -1 3732 3733 3691 -1 3732 3691 3692 -1 3706 2517 2437 -1 3710 3734 3711 -1 3734 3710 3713 -1 3712 3734 3713 -1 3696 3687 3695 -1 3687 3735 3695 -1 3734 3736 3711 -1 3736 3737 3711 -1 3736 3734 3712 -1 3673 3738 3739 -1 3740 3739 3738 -1 3708 3741 3709 -1 3673 3697 3738 -1 3741 3708 3742 -1 3739 3735 3699 -1 3735 3739 3743 -1 3697 3715 3738 -1 3735 3687 3699 -1 3739 3699 3673 -1 3716 3682 3689 -1 3744 3689 3690 -1 3713 3739 3740 -1 3740 3745 3713 -1 3714 3713 3745 -1 3714 3745 3717 -1 3715 3745 3740 -1 3715 3700 3745 -1 3745 3719 3717 -1 3717 3746 3718 -1 3701 3719 3745 -1 3746 3717 3719 -1 3718 3736 3712 -1 3718 3712 3714 -1 3736 3723 3737 -1 3718 3723 3736 -1 3746 3724 3718 -1 3723 3718 3724 -1 3724 3746 3722 -1 3700 3701 3745 -1 3719 3702 3703 -1 3721 3702 3700 -1 3721 3700 3716 -1 3722 3719 3703 -1 3722 3725 3724 -1 3705 3725 3722 -1 2526 3706 3747 -1 2525 2526 3747 -1 3747 2528 2525 -1 3725 3705 3748 -1 3749 3725 3748 -1 3748 3750 3749 -1 3705 3720 3748 -1 3751 3752 3753 -1 3753 3752 3730 -1 3751 3748 3720 -1 3753 3748 3751 -1 3754 3748 3753 -1 3750 3748 3754 -1 3754 3753 3730 -1 3698 3691 3733 -1 3726 3692 3693 -1 3695 3755 3706 -1 3740 3738 3715 -1 3695 3735 3755 -1 3716 3689 3744 -1 3735 3743 3755 -1 3719 3722 3746 -1 3709 3741 3756 -1 3755 3728 3709 -1 2526 2517 3706 -1 3743 3728 3755 -1 3728 3743 3710 -1 3755 3747 3706 -1 3710 3743 3713 -1 3713 3743 3739 -1 3747 3755 2528 -1 3755 3709 2528 -1 3721 3716 3751 -1 3720 3721 3751 -1 3709 2516 2528 -1 3751 3716 3744 -1 3709 3756 2516 -1 3744 3752 3751 -1 3698 3744 3690 -1 3752 3744 3698 -1 3698 3731 3752 -1 3698 3690 3683 -1 3752 3731 3730 -1 1083 1082 1110 -1 3757 3758 3299 -1 3759 3271 1083 -1 3271 1081 1083 -1 3759 1083 1110 -1 3760 3758 3757 -1 3757 3759 3760 -1 1110 1112 3761 -1 3325 3298 3758 -1 3297 3758 3298 -1 3297 3299 3758 -1 3757 3299 3310 -1 3759 3757 3310 -1 3759 3762 3760 -1 3762 3759 3761 -1 1110 3761 3759 -1 3761 1112 1126 -1 3325 3763 3308 -1 3325 3764 3765 -1 3766 3325 3758 -1 3759 3310 3271 -1 3763 3317 3308 -1 3763 3325 3765 -1 3766 3764 3325 -1 3760 3766 3758 -1 3766 3760 3767 -1 3767 3760 3762 -1 3761 3767 3762 -1 3767 3761 3768 -1 1126 3768 3761 -1 1126 3769 3768 -1 3770 3763 3765 -1 3767 3764 3766 -1 3764 3767 3771 -1 3768 3772 3767 -1 3768 3769 3772 -1 1119 3769 1126 -1 1119 1160 3769 -1 1160 1147 3773 -1 3317 3763 3774 -1 3765 3764 3771 -1 3767 3772 3771 -1 1160 3775 3769 -1 3775 1160 3776 -1 3776 1160 3773 -1 3777 3773 1147 -1 3778 3777 1147 -1 3778 1147 1185 -1 3338 3317 3774 -1 3765 3771 3770 -1 3769 3775 3772 -1 3369 3338 3774 -1 3779 3773 3780 -1 3777 3780 3773 -1 3777 3778 3781 -1 3771 3772 3782 -1 3772 3775 3783 -1 3781 3784 3780 -1 3780 3777 3781 -1 3781 3785 3784 -1 3774 3391 3369 -1 3778 3786 3781 -1 3763 3787 3774 -1 3787 3763 3770 -1 1185 3786 3778 -1 3786 1185 1200 -1 3788 3770 3771 -1 3786 1200 1209 -1 3775 3776 3789 -1 3790 3786 3791 -1 3786 1209 1240 -1 1240 3791 3786 -1 3770 3788 3787 -1 3782 3772 3783 -1 3783 3775 3789 -1 3776 3773 3792 -1 3792 3779 3776 -1 3779 3792 3773 -1 3784 3779 3780 -1 3779 3784 3785 -1 3785 3793 3779 -1 3793 3794 3779 -1 3785 3781 3786 -1 3785 3786 3790 -1 3794 3793 3795 -1 3779 3794 3776 -1 3391 3796 3390 -1 3793 3785 3790 -1 3791 1240 1282 -1 3797 3391 3774 -1 3774 3787 3797 -1 3798 3788 3782 -1 3788 3771 3782 -1 3405 3404 3799 -1 3404 3406 3799 -1 3794 3789 3776 -1 3800 3799 3406 -1 3795 3793 3801 -1 3793 3790 3802 -1 3391 3803 3796 -1 3802 3790 3791 -1 3798 3782 3804 -1 3782 3783 3804 -1 3794 3795 3805 -1 3405 3799 3806 -1 3800 3406 3807 -1 3803 3391 3808 -1 3797 3808 3391 -1 1298 3809 3802 -1 1311 3809 1298 -1 3797 3787 3810 -1 3798 3811 3788 -1 3789 3794 3812 -1 3812 3794 3805 -1 3806 3799 3800 -1 3806 3800 3813 -1 3807 3813 3800 -1 3802 3791 1282 -1 1298 3802 1282 -1 3406 3390 3807 -1 3390 3796 3807 -1 3803 3807 3796 -1 3811 3810 3787 -1 3788 3811 3787 -1 3798 3804 3814 -1 3813 3815 3806 -1 3801 3793 3802 -1 3801 3802 3816 -1 3811 3798 3814 -1 3423 3405 3817 -1 3806 3817 3405 -1 3817 3806 3815 -1 3816 3802 3809 -1 3818 3808 3797 -1 3797 3810 3818 -1 3783 3789 3812 -1 3805 3795 3819 -1 3813 3807 3820 -1 3795 3801 3821 -1 3801 3816 3821 -1 3820 3807 3803 -1 3822 3818 3810 -1 3822 3810 3823 -1 3810 3811 3823 -1 3423 3817 3451 -1 3804 3783 3824 -1 3812 3824 3783 -1 3815 3813 3825 -1 3819 3795 3821 -1 3821 3816 3826 -1 3803 3808 3827 -1 3827 3808 3822 -1 3818 3822 3808 -1 3823 3811 3814 -1 3828 3814 3804 -1 3828 3804 3824 -1 3451 3817 3829 -1 3817 3815 3829 -1 3830 3824 3812 -1 3819 3830 3812 -1 3813 3820 3831 -1 3805 3819 3812 -1 3816 3809 3826 -1 3803 3827 3820 -1 3822 3832 3827 -1 3823 3832 3822 -1 3833 3834 3823 -1 3814 3835 3823 -1 3823 3835 3833 -1 3835 3814 3828 -1 3833 3835 3828 -1 3824 3836 3828 -1 3837 3451 3829 -1 3825 3829 3815 -1 3819 3821 3838 -1 3813 3831 3825 -1 3839 3831 3820 -1 3826 3809 3840 -1 1311 3840 3809 -1 3841 3839 3820 -1 3820 3827 3841 -1 3841 3827 3832 -1 3834 3832 3823 -1 1386 3840 1311 -1 3834 3833 3842 -1 3833 3828 3842 -1 3451 3837 3467 -1 3825 3843 3829 -1 3831 3839 3844 -1 3844 3839 3845 -1 3839 3841 3845 -1 3832 3834 3846 -1 3847 3845 3841 -1 3832 3847 3841 -1 3846 3847 3832 -1 3837 3829 3848 -1 3849 3830 3819 -1 3819 3838 3849 -1 3831 3850 3825 -1 3844 3850 3831 -1 3851 3844 3845 -1 3826 3840 3852 -1 3846 3834 3853 -1 3853 3834 3842 -1 3842 3828 3836 -1 3824 3854 3836 -1 3829 3843 3848 -1 3850 3844 3855 -1 3851 3855 3844 -1 3852 3840 3856 -1 3851 3845 3857 -1 3847 3846 3858 -1 3856 3840 1386 -1 3842 3836 3859 -1 3836 3854 3859 -1 3824 3830 3854 -1 3843 3825 3860 -1 3850 3855 3861 -1 3826 3852 3862 -1 3863 3857 3845 -1 3847 3863 3845 -1 3858 3846 3853 -1 3858 3853 3864 -1 3865 3854 3830 -1 3859 3854 3865 -1 3467 3837 3483 -1 3826 3866 3821 -1 3825 3850 3860 -1 3855 3851 3867 -1 3856 1386 3868 -1 3853 3842 3869 -1 3870 3848 3843 -1 3860 3850 3861 -1 3826 3862 3866 -1 3867 3851 3857 -1 3847 3858 3863 -1 3864 3853 3869 -1 3863 3858 3871 -1 3871 3858 3864 -1 3865 3830 3872 -1 3830 3849 3872 -1 3849 3838 3873 -1 3838 3821 3874 -1 1386 1432 3868 -1 3482 3483 3875 -1 3837 3848 3483 -1 3876 3864 3869 -1 3869 3842 3877 -1 3877 3842 3859 -1 3859 3865 3878 -1 3865 3872 3878 -1 3838 3874 3873 -1 3843 3860 3870 -1 3861 3855 3879 -1 3855 3867 3879 -1 3880 3856 3868 -1 3871 3864 3876 -1 3872 3849 3873 -1 3821 3866 3874 -1 3483 3848 3875 -1 3881 3848 3870 -1 3857 3882 3867 -1 3877 3859 3878 -1 3878 3872 3883 -1 3875 3848 3881 -1 3866 3862 3884 -1 3860 3885 3870 -1 3873 3874 3886 -1 3866 3886 3874 -1 3866 3884 3886 -1 3884 3862 3887 -1 3887 3862 3852 -1 3879 3888 3861 -1 3889 3879 3867 -1 1450 3868 1432 -1 3863 3882 3857 -1 3871 3882 3863 -1 3876 3869 3890 -1 3869 3891 3890 -1 3891 3869 3877 -1 3892 3883 3872 -1 3872 3873 3892 -1 3856 3887 3852 -1 3860 3861 3888 -1 3871 3893 3882 -1 3856 3880 3887 -1 1450 3880 3868 -1 3889 3867 3894 -1 3894 3867 3882 -1 3871 3876 3895 -1 3896 3890 3891 -1 3877 3896 3891 -1 3519 3482 3875 -1 3883 3892 3897 -1 3519 3875 3898 -1 3892 3873 3897 -1 3886 3897 3873 -1 3899 3870 3885 -1 3860 3888 3885 -1 3894 3882 3893 -1 3893 3871 3895 -1 3890 3895 3876 -1 3881 3898 3875 -1 3888 3879 3900 -1 3877 3878 3901 -1 3878 3883 3901 -1 3870 3899 3881 -1 3897 3886 3902 -1 3902 3886 3903 -1 3884 3903 3886 -1 3884 3904 3905 -1 3888 3900 3885 -1 3884 3887 3904 -1 3880 1450 3906 -1 3907 3893 3908 -1 3893 3895 3908 -1 3890 3896 3909 -1 3905 3903 3884 -1 3887 3880 3906 -1 3906 1450 3910 -1 3900 3879 3911 -1 3879 3889 3911 -1 3911 3889 3912 -1 3889 3894 3912 -1 3895 3890 3913 -1 3913 3890 3909 -1 3896 3877 3901 -1 3897 3901 3883 -1 3907 3914 3893 -1 3895 3913 3908 -1 3899 3885 3900 -1 3904 3887 3915 -1 3894 3893 3914 -1 1450 1501 3910 -1 3913 3916 3908 -1 3909 3896 3917 -1 3901 3897 3918 -1 3897 3902 3919 -1 3538 3519 3898 -1 3898 3881 3920 -1 3915 3887 3906 -1 3911 3921 3900 -1 3912 3922 3911 -1 3912 3894 3914 -1 3923 3907 3908 -1 3923 3908 3916 -1 3924 3916 3913 -1 3917 3896 3901 -1 3925 3901 3918 -1 3569 3898 3920 -1 3920 3881 3926 -1 3918 3897 3919 -1 3900 3921 3927 -1 3911 3922 3921 -1 3913 3909 3924 -1 3928 3917 3901 -1 3905 3929 3902 -1 3902 3903 3905 -1 3881 3899 3926 -1 3906 3910 3930 -1 3914 3907 3931 -1 3907 3923 3932 -1 3924 3923 3916 -1 3924 3909 3933 -1 3928 3901 3925 -1 3915 3906 3934 -1 3935 3930 3910 -1 3922 3912 3936 -1 1501 3937 3910 -1 3914 3931 3936 -1 3932 3931 3907 -1 3909 3917 3933 -1 3928 3938 3917 -1 3925 3918 3939 -1 3898 3569 3538 -1 3919 3902 3929 -1 3934 3906 3930 -1 3910 3937 3935 -1 3936 3912 3914 -1 3932 3923 3940 -1 3923 3924 3940 -1 3924 3933 3940 -1 3918 3941 3939 -1 3918 3919 3941 -1 3905 3904 3942 -1 3927 3921 3943 -1 3938 3928 3944 -1 3928 3925 3944 -1 3929 3905 3945 -1 3919 3929 3941 -1 3942 3945 3905 -1 3942 3904 3946 -1 3904 3915 3946 -1 3915 3934 3946 -1 3934 3930 3935 -1 3947 3921 3922 -1 3917 3948 3933 -1 3948 3917 3938 -1 3944 3925 3939 -1 3569 3920 3949 -1 3899 3950 3926 -1 3947 3943 3921 -1 3940 3933 3951 -1 3939 3941 3952 -1 3920 3926 3953 -1 3950 3953 3926 -1 3900 3954 3899 -1 3927 3955 3900 -1 3933 3948 3956 -1 3899 3954 3950 -1 3946 3934 3957 -1 3934 3935 3958 -1 3935 3937 3959 -1 1501 1548 3937 -1 3960 3922 3936 -1 3951 3933 3956 -1 3961 3956 3948 -1 3944 3962 3938 -1 3941 3929 3963 -1 3949 3920 3953 -1 3954 3900 3955 -1 3927 3943 3955 -1 3964 3943 3947 -1 3931 3960 3936 -1 3965 3960 3931 -1 3931 3932 3965 -1 3932 3940 3966 -1 3940 3951 3966 -1 3944 3939 3967 -1 3957 3934 3958 -1 3964 3955 3943 -1 3958 3935 3959 -1 3960 3947 3922 -1 3968 3937 1548 -1 3966 3965 3932 -1 3969 3956 3961 -1 3962 3948 3938 -1 3967 3962 3944 -1 3967 3939 3952 -1 3945 3963 3929 -1 3970 3945 3942 -1 3942 3946 3971 -1 3971 3946 3957 -1 3959 3937 3972 -1 3947 3960 3973 -1 3974 3960 3965 -1 3961 3948 3962 -1 3574 3569 3949 -1 3952 3941 3963 -1 3971 3970 3942 -1 3958 3959 3975 -1 3954 3955 3976 -1 3972 3937 3968 -1 3973 3977 3947 -1 3966 3951 3969 -1 3951 3956 3969 -1 3961 3962 3978 -1 3979 3962 3967 -1 3967 3952 3980 -1 3963 3945 3981 -1 3975 3959 3972 -1 3947 3977 3964 -1 3982 3965 3966 -1 3979 3978 3962 -1 3945 3983 3981 -1 3945 3970 3983 -1 3970 3971 3984 -1 3964 3985 3955 -1 3975 3972 3986 -1 3987 3972 3968 -1 3977 3973 3988 -1 3974 3988 3973 -1 3960 3974 3973 -1 1572 3968 1548 -1 3989 3961 3978 -1 3979 3967 3980 -1 3950 3990 3953 -1 3991 3950 3954 -1 3985 3976 3955 -1 3986 3972 3987 -1 3985 3964 3977 -1 1592 3968 1572 -1 3969 3992 3966 -1 3989 3969 3961 -1 3993 3981 3983 -1 3977 3988 3994 -1 3984 3971 3995 -1 3957 3995 3971 -1 3974 3965 3996 -1 3965 3982 3996 -1 3997 3982 3966 -1 3966 3992 3997 -1 3998 3963 3981 -1 3993 3983 3970 -1 3957 3958 3999 -1 3954 3976 3991 -1 3979 3980 4000 -1 3980 3952 4001 -1 3952 3963 4001 -1 3963 3998 4001 -1 3977 3994 4002 -1 3968 1592 4003 -1 3978 3979 4000 -1 4001 3998 4004 -1 3998 3981 3993 -1 3975 3999 3958 -1 3985 3977 4002 -1 3996 3988 3974 -1 3574 3949 4005 -1 3998 3993 4006 -1 3993 3970 4006 -1 4006 3970 3984 -1 4007 3995 3957 -1 1600 4003 1592 -1 3982 4008 3996 -1 3992 4009 3997 -1 3992 3969 4010 -1 3989 4010 3969 -1 3978 4000 3989 -1 3953 4011 3949 -1 4011 3953 3990 -1 3995 4007 3984 -1 4012 3976 3985 -1 3988 4013 3994 -1 3999 4007 3957 -1 3975 3986 4014 -1 3987 3968 4003 -1 3982 4015 4008 -1 3982 3997 4009 -1 4009 3992 4010 -1 3949 4011 4005 -1 3950 3991 3990 -1 3998 4006 4016 -1 3984 4007 4017 -1 4012 4018 3976 -1 3986 3987 4014 -1 3988 3996 4013 -1 3989 4019 4010 -1 4020 4001 4004 -1 4016 4004 3998 -1 3991 3976 4018 -1 3985 4021 4012 -1 4002 3994 4022 -1 3994 4013 4022 -1 4014 3987 4003 -1 4009 4015 3982 -1 3980 4023 4000 -1 4023 3980 4020 -1 3980 4001 4020 -1 4006 3984 4024 -1 4018 4012 4025 -1 3999 3975 4014 -1 4015 4009 4026 -1 3610 3574 4005 -1 3989 4000 4027 -1 4012 4021 4025 -1 4020 4016 4028 -1 4016 4020 4004 -1 4016 4006 4024 -1 4013 3996 4029 -1 4024 3984 4017 -1 4008 4029 3996 -1 4008 4015 4026 -1 4003 1600 4030 -1 4019 3989 4031 -1 4031 3989 4027 -1 4023 4027 4000 -1 4032 4020 4028 -1 4028 4016 4024 -1 4033 4007 4034 -1 4007 3999 4034 -1 3985 4002 4021 -1 1600 1624 4030 -1 4009 4010 4026 -1 4026 4010 4035 -1 4010 4019 4035 -1 4031 4027 4023 -1 4017 4007 4033 -1 3999 4014 4034 -1 4014 4036 4034 -1 4002 4022 4021 -1 4030 4014 4003 -1 4022 4013 4029 -1 4037 4029 4008 -1 4008 4026 4038 -1 4032 4023 4020 -1 3990 4039 4011 -1 3991 4040 3990 -1 4014 4030 4036 -1 4022 4041 4021 -1 4029 4037 4042 -1 4037 4008 4038 -1 4038 4026 4043 -1 4043 4026 4044 -1 4035 4044 4026 -1 4031 4035 4019 -1 3626 3610 4005 -1 4018 4040 3991 -1 4025 4045 4018 -1 4029 4041 4022 -1 4031 4023 4046 -1 4047 4028 4024 -1 4048 3626 4005 -1 4024 4017 4049 -1 4005 4011 4048 -1 4033 4049 4017 -1 4033 4034 4050 -1 4040 4039 3990 -1 4041 4051 4021 -1 4045 4040 4018 -1 4025 4021 4052 -1 4038 4043 4053 -1 4043 4044 4053 -1 4035 4031 4054 -1 4054 4044 4035 -1 4047 4032 4028 -1 4024 4055 4047 -1 4055 4024 4049 -1 4011 4039 4048 -1 4050 4049 4033 -1 4030 1624 1651 -1 4052 4021 4051 -1 4051 4041 4056 -1 4053 4044 4057 -1 4054 4031 4046 -1 4034 4036 4050 -1 4052 4058 4025 -1 4032 4046 4023 -1 4046 4032 4059 -1 3626 4048 3639 -1 4050 4060 4049 -1 4030 4061 4036 -1 4045 4025 4058 -1 4052 4051 4062 -1 4056 4041 4063 -1 4063 4041 4042 -1 4041 4029 4042 -1 4037 4038 4053 -1 4044 4054 4064 -1 4059 4032 4047 -1 4050 4065 4060 -1 4066 4064 4054 -1 4047 4055 4067 -1 4055 4049 4068 -1 4061 4050 4036 -1 4050 4061 4065 -1 4039 4069 4048 -1 4045 4070 4040 -1 4053 4071 4037 -1 4053 4057 4071 -1 4054 4046 4066 -1 4059 4047 4067 -1 4067 4055 4068 -1 3639 4048 4072 -1 4061 4030 1651 -1 4040 4069 4039 -1 4058 4052 4062 -1 4062 4051 4056 -1 4063 4042 4073 -1 4071 4042 4037 -1 4066 4046 4059 -1 4049 4060 4068 -1 4069 4072 4048 -1 4074 4070 4045 -1 4045 4058 4074 -1 4072 3653 3639 -1 4071 4057 4075 -1 4057 4064 4075 -1 4057 4044 4064 -1 4064 4066 4076 -1 4077 4065 4061 -1 4074 4058 4078 -1 4062 4078 4058 -1 4073 4079 4063 -1 4080 4060 4065 -1 4069 4040 4081 -1 4070 4082 4040 -1 4062 4056 4078 -1 4056 4063 4079 -1 4075 4064 4083 -1 4064 4076 4083 -1 4068 4060 4084 -1 4085 1681 1688 -1 4073 4042 4071 -1 3653 4072 4086 -1 4087 4071 4075 -1 4088 4086 4072 -1 4069 4088 4072 -1 4066 4059 4076 -1 4073 4071 4087 -1 3667 3653 4086 -1 4089 4083 4090 -1 4083 4076 4090 -1 4076 4059 4091 -1 4092 4088 4069 -1 4092 4069 4081 -1 4040 4082 4081 -1 4084 4060 4080 -1 4080 4065 4093 -1 4093 4065 4077 -1 4079 4078 4056 -1 4077 4061 4094 -1 4061 1651 4094 -1 4087 4095 4096 -1 4089 4095 4087 -1 4089 4087 4075 -1 4075 4083 4089 -1 4097 4090 4076 -1 4098 4076 4091 -1 4059 4067 4091 -1 4067 4068 4091 -1 4068 4084 4099 -1 4100 4082 4070 -1 4101 4079 4073 -1 4076 4098 4097 -1 4088 4092 4102 -1 4081 4103 4092 -1 4082 4103 4081 -1 4074 4100 4070 -1 4093 4104 4080 -1 4096 4101 4073 -1 4087 4096 4073 -1 4095 4089 4105 -1 4105 4089 4106 -1 4089 4090 4106 -1 4097 4106 4090 -1 4107 4106 4097 -1 4086 4088 4108 -1 4109 4110 4111 -1 4112 4107 4097 -1 4109 3680 4113 -1 4114 4097 4098 -1 4115 4109 4113 -1 4116 4091 4068 -1 4117 4082 4100 -1 4078 4118 4074 -1 4101 4118 4078 -1 4078 4079 4101 -1 4096 4095 4119 -1 4119 4095 4105 -1 4105 4106 4120 -1 4106 4107 4120 -1 4086 4108 3667 -1 4088 4102 4108 -1 4102 4092 4121 -1 4103 4121 4092 -1 4122 4077 4094 -1 4082 4117 4103 -1 1681 4094 1651 -1 4100 4074 4123 -1 4119 4101 4096 -1 4119 4105 4124 -1 3680 4125 4126 -1 4120 4127 4128 -1 4120 4107 4127 -1 3678 4109 4111 -1 4109 4115 4110 -1 4129 4107 4112 -1 4116 4114 4098 -1 4091 4116 4098 -1 4068 4099 4116 -1 4113 3680 4126 -1 4115 4113 4130 -1 4093 4131 4104 -1 4123 4117 4100 -1 4085 4094 1681 -1 4118 4123 4074 -1 4108 3677 3667 -1 4132 4118 4101 -1 4133 4118 4132 -1 4132 4124 4133 -1 4101 4119 4132 -1 4124 4132 4119 -1 4105 4134 4124 -1 4120 4134 4105 -1 4134 4128 4135 -1 4125 3680 3679 -1 4128 4134 4120 -1 4125 3677 4108 -1 4102 4125 4108 -1 4127 4107 4129 -1 4114 4112 4097 -1 4109 3678 3680 -1 4125 4102 4126 -1 4136 4104 4137 -1 4080 4104 4136 -1 4115 4130 4138 -1 4126 4139 4113 -1 4140 4114 4116 -1 4099 4140 4116 -1 4136 4084 4080 -1 4077 4122 4093 -1 4133 4141 4142 -1 4124 4141 4133 -1 4124 4134 4141 -1 4085 1688 1724 -1 4127 4129 4143 -1 4102 4144 4126 -1 3679 3677 4125 -1 3678 4111 3686 -1 4110 4115 4138 -1 4126 4145 4139 -1 4113 4139 4130 -1 4099 4146 4140 -1 4147 4123 4118 -1 4131 4137 4104 -1 4148 4135 4128 -1 4149 4122 4094 -1 4150 4149 4094 -1 4128 4127 4148 -1 4094 4085 4150 -1 4151 4152 4153 -1 4129 4154 4143 -1 4154 4129 4112 -1 4112 4114 4154 -1 4114 4140 4155 -1 4111 4110 4156 -1 4145 4130 4139 -1 4145 4126 4144 -1 4144 4102 4121 -1 4157 4121 4103 -1 4157 4103 4117 -1 4123 4147 4158 -1 4159 4160 4161 -1 4162 4161 4160 -1 4163 4162 4160 -1 4164 4160 4159 -1 4165 4166 4167 -1 4157 4168 4121 -1 3686 4111 4156 -1 4169 4145 4170 -1 4143 4154 4171 -1 4169 4172 4145 -1 4110 4173 4156 -1 4169 4170 4174 -1 4138 4173 4110 -1 4175 4176 4170 -1 4155 4154 4114 -1 4176 4177 4178 -1 4179 4138 4130 -1 4168 4157 4117 -1 4180 4179 4130 -1 4181 4182 4183 -1 4184 4123 4158 -1 4182 4156 4183 -1 4146 4099 4136 -1 4099 4084 4136 -1 4185 4183 4156 -1 4093 4186 4131 -1 4187 4188 4189 -1 4190 4191 4192 -1 4193 4190 4194 -1 4138 4179 4195 -1 4196 4197 4198 -1 4199 4198 4194 -1 4199 4200 4201 -1 4201 4200 4202 -1 4203 4178 4177 -1 4204 4205 4206 -1 4204 4207 4205 -1 4118 4133 4147 -1 4158 4208 4209 -1 4210 4211 4212 -1 4141 4134 4210 -1 4213 4148 4214 -1 4204 4215 4216 -1 4207 4204 4216 -1 4217 4207 4216 -1 4207 4218 4219 -1 4127 4220 4148 -1 4221 4222 4223 -1 4223 4153 4221 -1 4224 4152 4151 -1 4225 4152 4224 -1 4226 4227 4228 -1 4164 4227 4226 -1 4163 4160 4229 -1 4160 4164 4230 -1 4230 4164 4226 -1 4229 4160 4230 -1 4231 4230 4166 -1 4232 4229 4231 -1 4233 4234 4228 -1 4226 4228 4235 -1 4236 4144 4121 -1 4236 4121 4168 -1 4237 4238 4234 -1 4144 4170 4145 -1 4174 4172 4169 -1 4239 4238 4240 -1 4236 4168 4175 -1 4166 4165 4231 -1 4174 4170 4176 -1 4174 4176 4178 -1 4241 4242 4239 -1 4117 4123 4184 -1 4241 4243 4242 -1 4175 4168 4184 -1 4184 4168 4117 -1 4244 4176 4175 -1 4177 4176 4244 -1 4184 4158 4209 -1 4245 4246 4247 -1 4247 4246 4248 -1 4244 4249 4212 -1 4250 4172 4191 -1 4251 4250 4191 -1 4190 4251 4191 -1 4192 4191 4252 -1 4145 4180 4130 -1 4172 4180 4145 -1 4192 4253 4190 -1 4180 4172 4250 -1 4254 4248 4255 -1 4253 4256 4190 -1 4257 4156 4182 -1 4253 4192 4252 -1 4181 4257 4182 -1 4252 4178 4203 -1 4203 4258 4256 -1 4194 4198 4197 -1 4245 4232 4259 -1 4246 4245 4259 -1 4156 4173 4185 -1 4246 4259 4255 -1 4248 4246 4255 -1 4190 4256 4194 -1 4260 4261 4196 -1 4196 4262 4263 -1 4200 4199 4258 -1 4262 4201 4202 -1 4262 4202 4222 -1 4264 4265 4266 -1 4267 4203 4177 -1 4177 4268 4267 -1 4154 4269 4171 -1 4258 4203 4267 -1 4267 4268 4258 -1 4155 4269 4154 -1 4177 4244 4212 -1 4177 4212 4270 -1 4155 4271 4269 -1 4271 4155 4140 -1 4212 4211 4270 -1 4195 4185 4138 -1 4272 4240 4273 -1 4195 4179 4274 -1 4275 4200 4258 -1 4202 4200 4275 -1 4276 4272 4273 -1 4277 4278 4279 -1 4202 4275 4280 -1 4275 4205 4280 -1 4279 4281 4277 -1 4193 4277 4281 -1 4179 4180 4274 -1 4202 4280 4223 -1 4222 4202 4223 -1 4280 4205 4223 -1 4274 4281 4279 -1 4282 4215 4206 -1 4281 4251 4190 -1 4281 4190 4193 -1 4283 4284 4285 -1 4146 4271 4140 -1 4207 4219 4223 -1 4146 4286 4271 -1 4277 4193 4287 -1 4158 4147 4288 -1 4286 4146 4136 -1 4193 4197 4287 -1 4158 4288 4208 -1 4197 4261 4287 -1 4142 4147 4133 -1 4249 4209 4208 -1 4212 4249 4210 -1 4289 4290 4285 -1 4142 4141 4210 -1 4291 4186 4093 -1 4093 4122 4291 -1 4283 4292 4293 -1 4283 4294 4292 -1 4292 4294 4295 -1 4213 4135 4148 -1 4215 4282 4213 -1 4296 4189 4297 -1 4298 4299 4300 -1 4301 4213 4214 -1 4301 4302 4216 -1 4217 4216 4302 -1 4303 4217 4302 -1 4304 4305 4306 -1 4307 4300 4299 -1 1728 4305 4304 -1 4308 1755 4187 -1 4308 4187 4309 -1 1756 1755 4308 -1 4220 4127 4143 -1 4310 4143 4311 -1 4150 4085 4312 -1 1734 4313 4314 -1 4237 4310 4311 -1 4311 4143 4171 -1 4260 4196 4263 -1 4315 4260 4263 -1 4316 4315 4263 -1 4317 4262 4222 -1 4316 4317 4152 -1 4153 4152 4317 -1 4309 1756 4308 -1 4317 4222 4221 -1 4153 4317 4221 -1 4318 4223 4219 -1 4224 4319 4318 -1 4318 4159 4224 -1 4159 4318 4219 -1 4224 4161 4225 -1 4161 4224 4159 -1 4320 4162 4163 -1 4283 4293 4321 -1 4285 4298 4283 -1 4298 4285 4299 -1 4283 4298 4294 -1 4223 4319 4153 -1 4153 4319 4151 -1 4322 4295 4294 -1 4319 4224 4151 -1 4294 4297 4322 -1 4266 4323 4324 -1 4266 4188 4264 -1 4324 4188 4266 -1 4223 4318 4319 -1 4188 4322 4189 -1 4304 4264 4188 -1 4304 4188 4187 -1 4322 4297 4189 -1 4296 4309 4189 -1 4189 4309 4187 -1 4298 4300 4297 -1 4299 4290 4291 -1 4291 4307 4299 -1 4122 4149 4291 -1 4150 4307 4149 -1 4325 4297 4300 -1 4325 4296 4297 -1 4313 4296 4325 -1 4300 4307 4325 -1 4313 4309 4296 -1 1734 4309 4313 -1 4312 4325 4307 -1 4313 4325 4312 -1 1724 4312 4085 -1 4170 4144 4236 -1 4170 4236 4175 -1 4217 4218 4207 -1 4217 4326 4218 -1 4172 4174 4178 -1 4252 4172 4178 -1 4218 4159 4219 -1 4227 4326 4233 -1 4175 4184 4209 -1 4228 4227 4233 -1 4164 4159 4227 -1 4306 4264 4304 -1 4249 4244 4209 -1 1729 1728 4304 -1 4191 4172 4252 -1 1754 4304 4187 -1 1755 1754 4187 -1 4185 4173 4138 -1 4229 4230 4231 -1 4278 4185 4195 -1 4234 4233 4303 -1 4228 4234 4235 -1 4256 4252 4203 -1 4235 4327 4226 -1 4195 4279 4278 -1 4201 4198 4199 -1 4261 4197 4196 -1 4199 4194 4256 -1 4238 4237 4328 -1 1756 4309 1734 -1 4328 4240 4238 -1 4256 4258 4199 -1 4235 4234 4238 -1 4201 4196 4198 -1 4195 4274 4279 -1 4238 4239 4235 -1 4314 1735 1734 -1 4226 4327 4230 -1 4201 4262 4196 -1 4274 4180 4250 -1 4230 4327 4166 -1 4327 4239 4242 -1 4327 4167 4166 -1 4167 4327 4242 -1 4232 4231 4165 -1 4258 4268 4275 -1 4259 4232 4165 -1 4167 4242 4329 -1 4270 4268 4177 -1 4270 4282 4268 -1 4274 4251 4281 -1 4274 4250 4251 -1 4329 4242 4243 -1 4293 4243 4321 -1 4197 4193 4194 -1 4163 4229 4320 -1 4330 4320 4229 -1 4206 4205 4275 -1 4206 4215 4204 -1 4205 4207 4223 -1 4288 4147 4142 -1 4208 4288 4142 -1 4249 4208 4142 -1 4282 4270 4211 -1 4210 4134 4331 -1 4243 4332 4329 -1 4333 4332 4334 -1 4148 4220 4214 -1 4332 4243 4293 -1 4213 4282 4335 -1 4334 4332 4293 -1 4326 4217 4303 -1 4213 4216 4215 -1 4216 4213 4301 -1 4323 4334 4295 -1 4326 4303 4233 -1 4254 4255 4265 -1 4214 4220 4301 -1 4265 4323 4266 -1 4301 4310 4302 -1 4264 4336 4265 -1 4143 4310 4220 -1 4310 4303 4302 -1 4310 4237 4234 -1 4171 4328 4311 -1 4171 4269 4328 -1 4237 4311 4328 -1 4269 4273 4328 -1 4262 4316 4263 -1 4316 4262 4317 -1 4272 4337 4240 -1 4240 4337 4239 -1 4338 4337 4272 -1 4271 4273 4269 -1 4271 4276 4273 -1 4338 4272 4276 -1 4241 4284 4321 -1 4241 4321 4243 -1 4338 4339 4284 -1 4284 4283 4321 -1 4284 4339 4285 -1 4286 4137 4340 -1 4137 4341 4340 -1 4286 4136 4137 -1 4341 4137 4131 -1 4341 4289 4339 -1 4341 4276 4340 -1 4289 4285 4339 -1 4290 4299 4285 -1 4186 4341 4131 -1 4289 4341 4186 -1 4290 4289 4186 -1 4186 4291 4290 -1 4297 4294 4298 -1 4323 4295 4324 -1 4324 4322 4188 -1 4324 4295 4322 -1 4175 4209 4244 -1 4252 4256 4253 -1 4159 4218 4227 -1 4291 4149 4307 -1 4326 4227 4218 -1 4206 4268 4282 -1 4275 4268 4206 -1 4245 4229 4232 -1 4210 4249 4142 -1 4211 4210 4331 -1 4331 4135 4211 -1 4239 4327 4235 -1 4312 4307 4150 -1 4313 4312 4314 -1 4335 4211 4135 -1 4213 4335 4135 -1 4282 4211 4335 -1 1729 4304 1754 -1 4135 4331 4134 -1 1724 4314 4312 -1 4329 4165 4167 -1 4220 4310 4301 -1 4234 4303 4310 -1 4245 4247 4229 -1 1735 4314 1724 -1 4165 4333 4259 -1 4333 4165 4329 -1 4329 4332 4333 -1 4255 4259 4333 -1 4265 4255 4333 -1 4265 4333 4323 -1 4323 4333 4334 -1 4265 4336 4254 -1 4273 4240 4328 -1 4239 4337 4241 -1 4337 4284 4241 -1 4284 4337 4338 -1 4339 4338 4276 -1 4271 4286 4340 -1 4276 4271 4340 -1 4276 4341 4339 -1 4295 4334 4293 -1 4295 4293 4292 -1 718 4342 1074 -1 1074 4342 1033 -1 4342 718 742 -1 1033 4342 1099 -1 1099 4342 4343 -1 4344 1060 1099 -1 1062 1060 4344 -1 782 783 4345 -1 782 4345 4346 -1 4345 4347 4348 -1 742 4343 4342 -1 758 782 4349 -1 829 758 4349 -1 4346 4349 782 -1 4345 4348 4346 -1 783 4347 4345 -1 4350 4343 742 -1 1062 4344 1186 -1 4348 4351 4346 -1 4343 4352 1099 -1 4344 1099 4352 -1 811 4347 783 -1 788 4353 742 -1 4350 742 4353 -1 4350 4352 4343 -1 4344 4352 1186 -1 4354 1186 4352 -1 4347 4355 4348 -1 4355 4356 4348 -1 811 809 4357 -1 811 4357 4358 -1 4355 4347 4358 -1 4348 4356 4351 -1 4359 4357 809 -1 4347 811 4358 -1 4359 809 805 -1 4349 4360 829 -1 4360 4349 4346 -1 1186 4354 4361 -1 1201 1186 4361 -1 4362 4356 4355 -1 4360 4363 829 -1 4351 4360 4346 -1 4354 4352 4364 -1 4365 1201 4361 -1 4366 4356 4367 -1 4368 4363 4360 -1 4351 4356 4366 -1 786 4369 788 -1 855 4359 805 -1 4363 828 829 -1 4360 4370 4368 -1 4351 4370 4360 -1 4350 4371 4352 -1 4372 4357 4359 -1 828 4363 851 -1 4363 4368 4373 -1 4362 4367 4356 -1 4373 4368 4370 -1 4366 4370 4351 -1 4353 788 4369 -1 4365 1241 1201 -1 4363 4373 4374 -1 4369 818 4375 -1 818 4369 786 -1 1241 4376 1271 -1 4377 4371 4350 -1 4364 4361 4354 -1 4361 4378 4365 -1 4357 4372 4358 -1 4363 4374 851 -1 1271 4379 1253 -1 4373 4370 4380 -1 1241 4365 4376 -1 4377 4350 4353 -1 4364 4352 4371 -1 4359 855 4381 -1 4382 4359 4381 -1 4372 4383 4358 -1 4383 4355 4358 -1 4355 4383 4362 -1 818 833 4375 -1 4376 4379 1271 -1 1253 4379 1313 -1 4361 4364 4378 -1 4384 4359 4382 -1 4359 4384 4372 -1 4375 833 853 -1 4385 4362 4383 -1 4362 4385 4386 -1 4367 4362 4386 -1 4387 4388 4367 -1 4366 4380 4370 -1 4387 4389 4388 -1 4390 4391 4373 -1 4380 4390 4373 -1 4369 4392 4353 -1 4393 4365 4378 -1 853 851 4374 -1 4375 853 4394 -1 4374 4373 4395 -1 4392 4369 4394 -1 4367 4380 4366 -1 4396 4383 4372 -1 4396 4385 4383 -1 4386 4397 4367 -1 4387 4367 4397 -1 4387 4397 4398 -1 4389 4387 4399 -1 1313 4400 1321 -1 4399 4387 4401 -1 4402 4399 4401 -1 1341 1321 4403 -1 4399 4404 4405 -1 4395 853 4374 -1 853 4395 4394 -1 1342 1351 4406 -1 4404 4399 4402 -1 4381 855 4407 -1 4375 4394 4369 -1 4394 4391 4392 -1 4391 4395 4373 -1 4384 4408 4372 -1 4392 4391 4409 -1 4396 4372 4408 -1 4391 4390 4409 -1 4390 4380 4410 -1 4367 4388 4380 -1 4392 4411 4353 -1 4411 4377 4353 -1 4379 4376 4412 -1 4387 4398 4401 -1 4379 4413 1313 -1 4364 4371 4414 -1 4389 4399 4405 -1 4400 1313 4415 -1 4364 4416 4378 -1 4402 4401 4417 -1 4400 4403 1321 -1 4394 4395 4391 -1 4365 4393 4418 -1 4404 4402 4419 -1 4390 4410 4409 -1 4419 4420 4404 -1 4380 4388 4421 -1 4422 4384 4382 -1 4392 4409 4411 -1 4408 4384 4422 -1 4377 4423 4371 -1 4397 4386 4424 -1 4416 4364 4414 -1 4420 4425 4404 -1 4420 4419 4426 -1 4413 4415 1313 -1 4427 1341 4403 -1 4405 4404 4425 -1 4406 1351 4428 -1 862 4407 855 -1 4421 4410 4380 -1 4426 4419 4429 -1 4376 4365 4430 -1 4431 4409 4410 -1 4385 4396 4432 -1 4379 4412 4413 -1 4414 4371 4423 -1 4398 4397 4424 -1 4386 4385 4433 -1 4424 4386 4433 -1 4421 4388 4434 -1 4393 4378 4416 -1 4435 4420 4426 -1 4435 4426 4436 -1 1341 4427 1351 -1 4430 4365 4418 -1 4402 4437 4419 -1 4410 4421 4431 -1 4422 4438 4408 -1 4396 4408 4438 -1 4432 4396 4438 -1 4412 4376 4430 -1 4433 4385 4432 -1 4439 4400 4415 -1 4388 4440 4434 -1 4403 4400 4427 -1 4441 1351 4427 -1 4402 4417 4437 -1 862 867 4407 -1 4381 4442 4382 -1 4429 4436 4426 -1 4443 4377 4411 -1 4423 4377 4443 -1 4444 4445 4435 -1 4445 4420 4435 -1 4446 4416 4414 -1 4393 4416 4447 -1 4448 4398 4424 -1 4449 4435 4436 -1 4388 4389 4440 -1 4389 4405 4440 -1 4418 4393 4447 -1 4417 4401 4398 -1 4450 4417 4398 -1 4405 4425 4440 -1 1351 4441 4451 -1 4418 4452 4430 -1 4437 4417 4453 -1 4437 4429 4419 -1 4411 4409 4431 -1 4445 4425 4420 -1 4407 867 4442 -1 4442 4381 4407 -1 4412 4430 4454 -1 4443 4414 4423 -1 4412 4454 4455 -1 4412 4455 4413 -1 4444 4446 4445 -1 4416 4446 4456 -1 4439 4427 4400 -1 4447 4416 4456 -1 4428 1351 4451 -1 1342 4406 1426 -1 4449 4418 4447 -1 4418 4449 4452 -1 4442 4422 4382 -1 4431 4421 4457 -1 4430 4452 4454 -1 4422 4458 4459 -1 4460 4454 4452 -1 4461 4425 4445 -1 4455 4462 4413 -1 4432 4438 4463 -1 4433 4432 4464 -1 4456 4446 4444 -1 4446 4461 4445 -1 4439 4441 4427 -1 4444 4435 4447 -1 4435 4449 4447 -1 4442 867 4458 -1 4422 4442 4458 -1 4411 4431 4465 -1 4455 4454 4466 -1 4457 4421 4434 -1 4415 4413 4462 -1 4425 4461 4467 -1 4415 4468 4439 -1 4463 4464 4432 -1 4469 4441 4439 -1 4447 4456 4444 -1 4448 4424 4433 -1 4406 4428 4470 -1 4440 4425 4467 -1 4448 4471 4398 -1 4453 4417 4450 -1 4472 867 872 -1 4460 4452 4473 -1 4460 4466 4454 -1 4465 4431 4457 -1 4459 4474 4422 -1 4474 4438 4422 -1 4475 4415 4462 -1 4474 4463 4438 -1 4415 4475 4468 -1 4468 4469 4439 -1 4443 4446 4414 -1 4446 4443 4461 -1 4434 4440 4467 -1 4451 4441 4469 -1 4450 4398 4471 -1 1426 4406 4470 -1 4436 4429 4476 -1 4472 4477 867 -1 4477 4458 867 -1 4449 4436 4478 -1 4473 4452 4478 -1 4459 4458 4479 -1 4480 4433 4464 -1 4461 4465 4481 -1 4448 4433 4482 -1 4411 4465 4443 -1 4465 4461 4443 -1 1443 1426 4470 -1 4478 4436 4476 -1 4483 4429 4437 -1 4452 4449 4478 -1 4457 4481 4465 -1 4467 4461 4481 -1 4480 4482 4433 -1 4484 4472 872 -1 4485 4486 4472 -1 4477 4472 4486 -1 4487 4466 4460 -1 4455 4466 4488 -1 4489 4462 4455 -1 4451 4469 4490 -1 4491 4453 4450 -1 4467 4457 4434 -1 4457 4467 4481 -1 4492 4483 4437 -1 4483 4476 4429 -1 4472 4484 4485 -1 4473 4478 4476 -1 4487 4460 4473 -1 4493 4466 4487 -1 4489 4455 4488 -1 4494 4462 4489 -1 4462 4494 4475 -1 4495 4482 4480 -1 4468 4475 4496 -1 4468 4497 4469 -1 4498 4451 4490 -1 4471 4491 4450 -1 4499 4458 4477 -1 4499 4479 4458 -1 4492 4437 4453 -1 4464 4463 4480 -1 4482 4500 4448 -1 4497 4490 4469 -1 4476 4483 4473 -1 4451 4498 4501 -1 4451 4501 4428 -1 4473 4483 4487 -1 4474 4459 4502 -1 4480 4463 4503 -1 4504 4448 4500 -1 4471 4448 4504 -1 4492 4453 4491 -1 4496 4497 4468 -1 4484 872 4505 -1 4485 4484 4506 -1 4470 4428 4501 -1 4483 4507 4487 -1 4487 4507 4493 -1 4493 4507 4508 -1 4499 4477 4486 -1 4466 4493 4509 -1 4482 4495 4500 -1 4510 4471 4504 -1 4491 4471 4511 -1 4496 4475 4494 -1 4492 4507 4483 -1 4490 4497 4512 -1 4498 4490 4513 -1 4499 4514 4479 -1 4466 4509 4515 -1 4511 4471 4510 -1 4490 4512 4513 -1 4501 4498 4513 -1 4501 4516 4470 -1 4508 4509 4493 -1 4459 4479 4517 -1 4474 4503 4463 -1 4466 4515 4488 -1 4488 4515 4489 -1 4515 4509 4518 -1 4511 4510 4504 -1 4519 4494 4489 -1 4492 4520 4507 -1 4516 4501 4513 -1 4521 4486 4485 -1 4470 4522 1443 -1 4523 4495 4480 -1 4480 4503 4523 -1 4511 4504 4524 -1 4525 4491 4511 -1 1480 1443 4522 -1 4506 4484 4505 -1 4507 4520 4508 -1 4521 4485 4506 -1 4486 4526 4499 -1 4517 4502 4459 -1 4496 4494 4519 -1 4522 4470 4516 -1 4509 4508 4527 -1 4509 4527 4518 -1 4526 4514 4499 -1 4479 4514 4517 -1 4502 4503 4474 -1 4528 4529 4495 -1 4500 4495 4529 -1 4500 4530 4504 -1 4524 4504 4530 -1 4492 4491 4525 -1 4520 4527 4508 -1 4521 4526 4486 -1 4523 4503 4531 -1 4518 4532 4515 -1 4523 4528 4495 -1 4497 4496 4533 -1 4534 4500 4529 -1 4516 4513 4535 -1 4536 4506 4505 -1 4537 4517 4514 -1 4520 4492 4538 -1 4519 4489 4515 -1 4528 4523 4539 -1 4533 4496 4540 -1 4513 4512 4535 -1 4512 4497 4533 -1 4530 4500 4534 -1 1480 4522 4541 -1 4542 4524 4530 -1 4521 4506 4543 -1 4514 4526 4537 -1 4525 4538 4492 -1 4519 4515 4540 -1 4496 4519 4540 -1 4511 4524 4542 -1 4516 4535 4544 -1 4545 1510 4541 -1 1510 1480 4541 -1 4526 4521 4543 -1 4517 4546 4502 -1 4532 4518 4547 -1 4539 4523 4531 -1 4518 4527 4548 -1 4542 4525 4511 -1 4522 4516 4544 -1 4538 4527 4520 -1 4503 4502 4549 -1 4549 4531 4503 -1 4550 4528 4539 -1 4551 4534 4529 -1 4512 4552 4535 -1 4530 4534 4553 -1 4530 4553 4554 -1 4530 4554 4542 -1 4536 4505 4555 -1 4532 4540 4515 -1 4529 4528 4556 -1 4533 4540 4557 -1 4534 4551 4553 -1 4541 4522 4558 -1 4525 4542 4559 -1 4538 4525 4559 -1 4560 4536 4555 -1 4527 4538 4561 -1 4543 4562 4526 -1 4537 4526 4562 -1 4549 4502 4546 -1 4528 4550 4556 -1 4551 4529 4563 -1 4542 4554 4559 -1 4552 4564 4535 -1 4544 4535 4564 -1 4548 4527 4561 -1 4537 4565 4517 -1 4546 4517 4565 -1 4545 1546 1510 -1 4532 4547 4566 -1 4518 4548 4547 -1 4553 4551 4567 -1 4547 4548 4568 -1 4554 4553 4569 -1 4533 4557 4512 -1 4506 4536 4543 -1 4570 4561 4538 -1 4541 4558 4571 -1 4540 4532 4566 -1 4539 4572 4550 -1 4550 4573 4556 -1 4558 4522 4574 -1 4574 4575 4558 -1 4569 4553 4567 -1 4536 4560 4576 -1 4522 4544 4574 -1 4541 4571 4545 -1 4538 4559 4570 -1 1546 4545 4577 -1 4548 4561 4578 -1 4549 4579 4531 -1 4578 4568 4548 -1 4580 4573 4581 -1 4512 4557 4582 -1 4575 4571 4558 -1 4539 4531 4572 -1 4529 4556 4583 -1 4563 4529 4583 -1 4559 4554 4584 -1 4550 4572 4585 -1 4573 4550 4585 -1 4547 4586 4566 -1 4547 4568 4586 -1 4587 4540 4566 -1 4588 4573 4580 -1 4540 4587 4589 -1 4557 4540 4589 -1 4582 4552 4512 -1 4575 4574 4590 -1 4574 4544 4591 -1 4592 4545 4571 -1 4537 4562 4565 -1 1546 4577 1559 -1 4593 4549 4594 -1 4578 4561 4595 -1 4579 4572 4531 -1 4585 4581 4573 -1 4587 4566 4586 -1 4589 4587 4596 -1 4588 4556 4573 -1 4564 4552 4597 -1 4543 4536 4598 -1 4577 4545 4592 -1 4584 4554 4569 -1 4570 4559 4599 -1 4549 4546 4594 -1 4593 4579 4549 -1 4572 4600 4585 -1 4587 4586 4596 -1 4580 4581 4601 -1 4589 4582 4557 -1 4564 4597 4602 -1 4544 4564 4602 -1 4591 4544 4602 -1 4565 4603 4546 -1 4561 4570 4604 -1 4604 4595 4561 -1 4571 4575 4592 -1 4552 4582 4605 -1 4597 4552 4605 -1 4591 4590 4574 -1 4576 4560 4606 -1 4598 4536 4576 -1 4603 4565 4607 -1 4577 4592 4608 -1 4603 4594 4546 -1 4551 4563 4609 -1 4597 4605 4610 -1 4611 4569 4612 -1 4584 4569 4611 -1 4588 4580 4601 -1 4607 4565 4613 -1 4565 4562 4613 -1 4608 4592 4614 -1 4596 4586 4615 -1 4586 4568 4616 -1 4569 4567 4617 -1 4618 4568 4578 -1 4604 4570 4599 -1 4590 4619 4575 -1 4620 4613 4562 -1 4575 4619 4592 -1 1559 4577 4608 -1 4579 4593 4621 -1 4616 4615 4586 -1 4572 4579 4622 -1 4623 4581 4624 -1 4585 4600 4624 -1 4581 4585 4624 -1 4581 4623 4601 -1 4556 4588 4625 -1 4551 4609 4567 -1 4591 4602 4626 -1 4590 4591 4627 -1 4627 4619 4590 -1 4584 4611 4628 -1 4619 4614 4592 -1 4543 4598 4620 -1 4562 4543 4620 -1 4582 4589 4629 -1 4605 4582 4629 -1 4597 4610 4626 -1 4618 4578 4595 -1 4563 4583 4630 -1 4583 4556 4625 -1 4597 4626 4602 -1 4599 4559 4584 -1 4631 1559 4608 -1 4607 4632 4603 -1 4600 4572 4622 -1 4608 4614 4633 -1 4589 4596 4629 -1 4612 4569 4617 -1 4614 4619 4627 -1 4594 4603 4632 -1 1594 1559 4631 -1 4622 4579 4621 -1 4634 4608 4633 -1 4588 4601 4635 -1 4625 4588 4636 -1 4563 4630 4609 -1 4568 4618 4616 -1 4637 4599 4584 -1 4598 4576 4638 -1 4599 4639 4604 -1 4595 4604 4639 -1 4614 4627 4633 -1 4631 4608 4634 -1 4640 4621 4593 -1 4594 4640 4593 -1 4615 4616 4641 -1 4630 4583 4625 -1 4641 4616 4642 -1 4629 4643 4605 -1 4644 4601 4623 -1 4610 4605 4643 -1 4618 4595 4645 -1 4576 4606 4638 -1 4646 4598 4638 -1 4646 4620 4598 -1 4607 4613 4647 -1 4636 4588 4635 -1 4615 4648 4596 -1 4629 4596 4648 -1 4644 4623 4649 -1 4612 4617 4650 -1 4635 4601 4644 -1 4611 4612 4650 -1 4628 4611 4650 -1 4584 4628 4637 -1 4638 4606 4651 -1 4652 4626 4610 -1 4645 4595 4639 -1 4632 4607 4647 -1 4627 4591 4653 -1 4633 4627 4653 -1 4654 4600 4622 -1 4631 4655 1594 -1 4634 4655 4631 -1 1594 4655 1598 -1 4567 4609 4656 -1 4630 4625 4657 -1 4615 4658 4648 -1 4610 4643 4659 -1 4650 4617 4660 -1 4616 4618 4642 -1 4637 4661 4599 -1 4634 4633 4662 -1 4632 4640 4594 -1 4567 4663 4617 -1 4664 4645 4639 -1 4618 4645 4664 -1 4664 4642 4618 -1 4626 4665 4591 -1 4599 4661 4639 -1 4666 4630 4657 -1 4629 4648 4643 -1 4567 4656 4663 -1 4610 4659 4652 -1 4620 4646 4667 -1 4653 4668 4633 -1 4661 4669 4639 -1 4654 4622 4670 -1 1598 4655 1638 -1 4658 4615 4641 -1 4643 4648 4658 -1 4659 4643 4658 -1 4664 4639 4669 -1 4657 4625 4636 -1 4663 4660 4617 -1 4653 4591 4665 -1 4650 4660 4671 -1 4628 4650 4672 -1 4628 4672 4673 -1 4637 4628 4673 -1 4662 4633 4668 -1 4638 4651 4674 -1 4646 4638 4675 -1 4676 4637 4673 -1 4661 4637 4676 -1 4677 4655 4678 -1 4613 4620 4667 -1 4647 4613 4667 -1 4677 1638 4655 -1 4634 4678 4655 -1 4621 4640 4679 -1 4621 4679 4622 -1 4649 4623 4680 -1 4623 4624 4680 -1 4681 4636 4635 -1 4624 4600 4680 -1 4630 4666 4609 -1 4626 4652 4665 -1 4635 4644 4681 -1 4682 4653 4665 -1 4678 4634 4662 -1 4641 4642 4683 -1 4652 4659 4684 -1 4664 4683 4642 -1 4644 4649 4685 -1 4681 4644 4685 -1 4686 4647 4667 -1 4686 4632 4647 -1 4632 4687 4640 -1 4677 4688 1638 -1 4680 4600 4654 -1 4638 4674 4675 -1 4622 4679 4670 -1 4658 4641 4689 -1 4666 4656 4609 -1 4677 4678 4690 -1 4669 4661 4676 -1 4667 4691 4686 -1 4683 4689 4641 -1 4689 4692 4658 -1 4659 4658 4693 -1 4680 4654 4694 -1 4665 4652 4695 -1 4682 4665 4695 -1 4696 4656 4666 -1 4636 4697 4657 -1 4672 4650 4671 -1 4660 4663 4698 -1 4671 4660 4698 -1 4676 4673 4699 -1 4646 4675 4691 -1 4667 4646 4691 -1 4693 4658 4692 -1 4659 4693 4700 -1 4684 4659 4700 -1 4695 4652 4684 -1 4687 4632 4701 -1 4640 4687 4702 -1 4679 4640 4702 -1 4654 4670 4703 -1 4649 4680 4694 -1 4690 4704 4677 -1 4697 4636 4681 -1 4688 1639 1638 -1 4663 4656 4705 -1 4663 4705 4698 -1 4706 4685 4649 -1 4669 4676 4707 -1 4708 4681 4685 -1 4669 4709 4664 -1 4632 4686 4701 -1 4710 4695 4684 -1 4670 4679 4702 -1 4682 4711 4653 -1 4668 4653 4711 -1 4712 4713 4714 -1 4656 4696 4705 -1 4696 4666 4715 -1 4690 4678 4716 -1 4678 4662 4717 -1 4718 4685 4719 -1 4720 4718 4719 -1 4718 4720 4708 -1 4721 4673 4672 -1 4699 4673 4721 -1 4685 4718 4708 -1 4689 4683 4722 -1 4709 4683 4664 -1 4695 4710 4723 -1 4668 4717 4662 -1 4716 4678 4717 -1 4694 4654 4703 -1 4712 4714 4724 -1 4703 4670 4725 -1 4649 4694 4726 -1 4677 4727 4688 -1 4697 4681 4728 -1 4666 4657 4729 -1 4729 4657 4730 -1 4719 4685 4706 -1 4709 4669 4707 -1 4706 4649 4726 -1 4693 4692 4731 -1 4700 4693 4731 -1 4687 4701 4732 -1 4702 4687 4732 -1 4729 4715 4666 -1 4657 4697 4730 -1 4733 4706 4726 -1 4691 4734 4686 -1 4735 4710 4684 -1 4713 4736 4714 -1 4682 4695 4723 -1 4702 4725 4670 -1 4711 4717 4668 -1 4705 4737 4698 -1 4676 4699 4707 -1 4681 4708 4728 -1 4736 4713 4738 -1 4712 4738 4713 -1 4726 4694 4703 -1 4682 4723 4739 -1 4682 4739 4711 -1 4696 4737 4705 -1 4704 4727 4677 -1 4720 4719 4740 -1 1639 4688 1661 -1 4699 4721 4707 -1 4675 4741 4691 -1 4689 4722 4742 -1 4683 4709 4722 -1 4692 4689 4742 -1 4731 4692 4743 -1 4700 4735 4684 -1 4686 4734 4744 -1 4686 4744 4701 -1 4745 4717 4746 -1 4696 4715 4737 -1 4717 4711 4746 -1 1661 4688 4747 -1 4706 4748 4719 -1 4749 4721 4672 -1 4750 4738 4712 -1 4692 4742 4743 -1 4724 4750 4712 -1 4751 4701 4744 -1 4751 4732 4701 -1 4702 4732 4752 -1 4752 4725 4702 -1 4725 4726 4703 -1 4753 4740 4754 -1 4740 4753 4720 -1 4697 4755 4730 -1 4740 4719 4748 -1 4706 4733 4748 -1 4756 4671 4698 -1 4757 4758 4759 -1 4753 4760 4720 -1 4708 4720 4760 -1 4698 4737 4756 -1 4672 4671 4756 -1 4672 4756 4749 -1 4691 4741 4734 -1 4721 4761 4707 -1 4723 4710 4735 -1 4729 4737 4715 -1 4711 4739 4746 -1 4716 4717 4745 -1 4690 4716 4762 -1 4762 4704 4690 -1 4727 4763 4688 -1 4737 4729 4730 -1 4764 4758 4757 -1 4737 4730 4765 -1 4766 4764 4757 -1 4708 4767 4728 -1 4744 4734 4768 -1 4751 4744 4768 -1 4741 4769 4734 -1 4743 4742 4770 -1 4709 4707 4771 -1 4724 4714 4772 -1 4750 4773 4738 -1 4735 4700 4774 -1 4751 4775 4732 -1 4724 4754 4750 -1 4723 4776 4739 -1 4739 4776 4746 -1 4777 4746 4776 -1 4745 4746 4777 -1 4728 4755 4697 -1 4688 4763 4747 -1 1678 1661 4747 -1 4778 4754 4740 -1 4753 4779 4760 -1 4750 4754 4778 -1 4780 4781 4768 -1 4781 4775 4768 -1 4780 4782 4781 -1 4782 4780 4783 -1 4758 4764 4784 -1 4764 4766 4785 -1 4782 4775 4781 -1 4740 4748 4778 -1 4775 4752 4732 -1 4775 4782 4786 -1 4786 4752 4775 -1 4783 4786 4782 -1 4785 4766 4738 -1 4785 4738 4773 -1 4738 4766 4787 -1 4725 4752 4786 -1 4742 4722 4788 -1 4789 4743 4770 -1 4741 4790 4769 -1 4736 4791 4714 -1 4731 4743 4789 -1 4774 4731 4789 -1 4714 4791 4772 -1 4700 4731 4774 -1 4754 4724 4772 -1 4768 4734 4769 -1 4792 4776 4723 -1 4793 4749 4756 -1 4707 4761 4771 -1 4768 4775 4751 -1 4745 4762 4716 -1 4727 4704 4763 -1 1689 1678 4747 -1 4794 4754 4772 -1 4795 4783 4780 -1 4753 4754 4794 -1 4796 4773 4797 -1 4798 4773 4796 -1 4799 4796 4797 -1 4783 4798 4796 -1 4783 4796 4799 -1 4799 4786 4783 -1 4800 4725 4786 -1 4726 4725 4800 -1 4801 4784 4764 -1 4802 4803 4799 -1 4799 4800 4786 -1 4800 4799 4803 -1 4801 4764 4785 -1 4800 4803 4726 -1 4730 4755 4765 -1 4788 4770 4742 -1 4756 4737 4804 -1 4722 4709 4788 -1 4801 4805 4806 -1 4749 4761 4721 -1 4792 4807 4776 -1 4723 4735 4792 -1 4785 4795 4801 -1 4805 4801 4795 -1 4745 4808 4762 -1 4780 4805 4795 -1 4726 4803 4733 -1 4767 4708 4760 -1 4785 4798 4795 -1 4783 4795 4798 -1 4798 4785 4773 -1 4768 4769 4809 -1 4805 4780 4768 -1 4809 4810 4805 -1 4768 4809 4805 -1 4787 4766 4811 -1 4738 4787 4736 -1 4797 4750 4778 -1 4809 4769 4790 -1 4773 4750 4797 -1 4799 4797 4802 -1 4802 4797 4778 -1 4778 4812 4802 -1 4802 4812 4803 -1 4737 4765 4804 -1 4793 4756 4804 -1 4813 4749 4793 -1 4776 4814 4777 -1 4777 4808 4745 -1 4812 4778 4748 -1 4733 4812 4748 -1 4815 4763 4704 -1 4803 4812 4733 -1 4747 4763 4816 -1 4817 4760 4779 -1 4801 4806 4784 -1 4766 4757 4811 -1 4818 4736 4787 -1 4791 4736 4818 -1 4772 4791 4819 -1 4810 4809 4790 -1 4820 4749 4813 -1 4761 4749 4820 -1 4821 4753 4794 -1 4779 4753 4821 -1 4771 4761 4822 -1 4823 4824 4825 -1 4823 4826 4824 -1 4825 4826 4823 -1 4827 1704 1697 -1 1698 4827 1697 -1 4770 4788 4828 -1 4828 4788 4709 -1 4770 4829 4789 -1 4789 4829 4774 -1 4806 4805 4830 -1 4810 4830 4805 -1 4776 4807 4814 -1 4704 4762 4815 -1 4816 4763 4815 -1 1689 4747 4816 -1 4820 4813 4831 -1 4832 4833 4834 -1 4834 4833 4835 -1 4761 4820 4822 -1 4771 4828 4709 -1 4760 4817 4767 -1 4836 4824 4837 -1 4825 4824 4836 -1 4838 4825 4839 -1 4840 4837 4824 -1 4841 4824 4826 -1 4840 4824 4841 -1 1698 4842 4827 -1 4826 4843 4841 -1 4770 4844 4829 -1 4844 4770 4828 -1 4832 4834 4845 -1 4774 4829 4846 -1 4774 4847 4735 -1 4792 4735 4847 -1 4848 4807 4792 -1 4815 4762 4808 -1 4765 4755 4849 -1 4849 4850 4765 -1 4765 4850 4804 -1 4843 4851 4841 -1 4852 4851 4843 -1 4779 4853 4817 -1 4827 4854 1704 -1 4855 4837 4817 -1 4856 4837 4855 -1 4840 4767 4817 -1 4767 4840 4857 -1 4728 4767 4857 -1 1689 4842 1698 -1 4834 4835 4844 -1 4755 4728 4857 -1 4835 4833 4858 -1 4837 4840 4817 -1 4771 4859 4828 -1 4859 4844 4828 -1 4837 4856 4836 -1 4836 4860 4825 -1 4825 4860 4861 -1 4825 4861 4839 -1 4862 4847 4846 -1 4825 4838 4863 -1 4863 4838 4864 -1 4865 4792 4847 -1 4774 4846 4847 -1 4825 4863 4826 -1 4819 4791 4818 -1 4848 4814 4807 -1 4866 4814 4848 -1 4867 4868 4869 -1 4787 4811 4870 -1 4843 4826 4871 -1 4868 4858 4833 -1 4777 4814 4872 -1 4873 4874 4839 -1 4839 4874 4838 -1 4864 4838 4874 -1 4875 4772 4819 -1 4794 4772 4875 -1 4864 4874 4876 -1 4877 4863 4864 -1 4877 4864 4876 -1 4845 4843 4871 -1 4816 4842 1689 -1 4833 4832 4878 -1 4853 4879 4880 -1 4853 4779 4881 -1 4821 4881 4779 -1 4817 4853 4882 -1 4787 4870 4883 -1 4855 4817 4882 -1 4755 4857 4884 -1 4885 4857 4840 -1 4885 4840 4886 -1 4887 4888 4889 -1 4890 4891 4892 -1 4893 4894 4895 -1 4869 4890 4867 -1 4861 4860 4896 -1 4861 4894 4839 -1 4868 4867 4897 -1 4898 1705 1704 -1 4854 4898 1704 -1 4842 4854 4827 -1 4840 4841 4886 -1 4899 4900 4901 -1 4902 4858 4903 -1 4863 4871 4826 -1 4829 4835 4858 -1 4902 4829 4858 -1 4839 4894 4893 -1 4893 4904 4839 -1 4904 4905 4839 -1 4846 4829 4902 -1 4876 4874 4906 -1 4902 4862 4846 -1 4873 4891 4906 -1 4906 4891 4890 -1 4877 4832 4871 -1 4845 4871 4832 -1 4847 4862 4865 -1 4877 4878 4832 -1 4876 4869 4878 -1 4869 4833 4878 -1 4868 4833 4869 -1 4907 4908 4865 -1 4909 4884 4886 -1 4755 4884 4849 -1 4848 4865 4908 -1 4792 4865 4848 -1 4910 4909 4886 -1 4850 4909 4910 -1 4866 4848 4911 -1 4841 4851 4886 -1 4912 4851 4852 -1 4913 4850 4910 -1 4852 4843 4845 -1 4914 4852 4845 -1 4808 4915 4815 -1 4850 4913 4804 -1 4913 4793 4804 -1 4913 4813 4793 -1 4813 4913 4831 -1 4845 4834 4914 -1 4914 4834 4844 -1 4914 4844 4859 -1 4844 4835 4829 -1 4820 4831 4916 -1 4820 4916 4822 -1 4859 4771 4822 -1 4880 4879 4917 -1 4879 4853 4881 -1 4918 4919 4920 -1 4880 4921 4853 -1 4918 4922 4919 -1 4882 4853 4921 -1 4872 4923 4924 -1 4856 4855 4925 -1 4884 4857 4885 -1 4883 4870 4926 -1 4818 4883 4927 -1 4928 4929 4930 -1 4931 4930 4929 -1 4931 4929 4932 -1 4933 4888 4887 -1 4934 4933 4887 -1 4887 4896 4934 -1 4787 4883 4818 -1 4935 4936 4937 -1 4936 4935 4938 -1 4887 4889 4939 -1 4896 4887 4894 -1 4894 4887 4939 -1 4892 4891 4940 -1 4854 4842 4941 -1 4942 4842 4943 -1 4941 4842 4942 -1 4890 4892 4944 -1 4928 4945 4946 -1 4939 4895 4894 -1 4947 4948 4949 -1 4895 4950 4951 -1 4893 4895 4951 -1 4903 4862 4902 -1 4862 4903 4952 -1 4953 4954 4948 -1 4930 4931 4951 -1 4951 4931 4904 -1 4868 4903 4858 -1 4897 4903 4868 -1 4952 4907 4862 -1 4896 4860 4925 -1 4867 4890 4944 -1 4944 4899 4867 -1 4860 4955 4925 -1 4899 4944 4953 -1 4897 4867 4899 -1 4907 4865 4862 -1 4955 4836 4856 -1 4836 4955 4860 -1 4899 4953 4900 -1 4908 4911 4848 -1 4861 4896 4894 -1 4947 4949 4937 -1 4871 4863 4877 -1 4956 4937 4936 -1 4947 4937 4956 -1 4839 4905 4873 -1 4866 4872 4814 -1 4873 4905 4891 -1 4891 4905 4940 -1 4906 4874 4873 -1 4957 4900 4953 -1 4915 4872 4924 -1 4901 4900 4957 -1 4915 4777 4872 -1 4952 4901 4958 -1 4958 4907 4952 -1 4808 4777 4915 -1 4907 4959 4908 -1 4943 4815 4915 -1 4869 4906 4890 -1 4876 4906 4869 -1 4842 4815 4943 -1 4842 4816 4815 -1 4885 4886 4884 -1 4849 4884 4909 -1 4849 4909 4850 -1 4851 4910 4886 -1 4914 4912 4852 -1 4913 4912 4831 -1 4916 4831 4912 -1 4914 4859 4916 -1 4859 4822 4916 -1 4960 4936 4938 -1 4956 4936 4960 -1 4961 4947 4956 -1 4962 4961 4956 -1 4960 4962 4956 -1 4953 4948 4961 -1 4957 4958 4901 -1 4963 4959 4958 -1 4907 4958 4959 -1 4959 4911 4908 -1 4964 4965 4966 -1 4967 4968 4969 -1 4970 4971 4972 -1 4973 4974 4975 -1 4976 4966 4965 -1 4977 4976 4975 -1 4975 4976 4965 -1 4978 4977 4918 -1 4918 4977 4979 -1 4978 4920 4980 -1 4918 4920 4978 -1 4919 4911 4981 -1 4920 4919 4981 -1 4911 4919 4922 -1 4911 4922 4866 -1 4922 4918 4982 -1 4983 4984 4985 -1 4979 4974 4986 -1 4986 4974 4987 -1 4880 4917 4988 -1 4989 4986 4987 -1 4989 4924 4923 -1 4990 4879 4881 -1 4880 4988 4921 -1 4991 4992 4993 -1 4992 4991 4994 -1 4995 4924 4989 -1 4888 4992 4994 -1 4882 4921 4993 -1 4882 4993 4992 -1 4992 4996 4882 -1 4996 4992 4933 -1 4996 4855 4882 -1 4855 4996 4925 -1 4996 4933 4934 -1 4925 4996 4934 -1 4990 4997 4875 -1 4794 4875 4997 -1 4997 4821 4794 -1 4998 4946 4985 -1 4928 4946 4999 -1 4999 5000 4928 -1 4932 4929 4928 -1 5000 4999 5001 -1 5002 4994 5003 -1 4888 4994 5002 -1 1740 5004 5005 -1 4898 5004 1740 -1 5001 5006 5000 -1 5007 5002 5003 -1 1705 4898 1740 -1 5004 4987 5005 -1 5008 5006 4937 -1 4949 5008 4937 -1 4995 5004 4942 -1 5009 4895 5010 -1 5011 5012 5001 -1 4942 5004 4941 -1 5013 5014 5015 -1 4895 4939 5010 -1 4898 4854 4941 -1 5016 4935 4937 -1 4983 4985 4945 -1 4938 4935 5016 -1 4946 4945 4985 -1 4903 4897 4952 -1 4940 4931 5008 -1 4940 4954 4892 -1 4945 4930 5017 -1 4930 4945 4928 -1 4940 5008 4949 -1 4954 4940 4949 -1 4944 4892 4954 -1 4904 4893 4951 -1 4866 4922 4923 -1 4872 4866 4923 -1 4926 4927 4883 -1 4819 4818 4927 -1 4949 4948 4954 -1 4896 4925 4934 -1 4924 4995 4915 -1 4953 4944 4954 -1 4925 4955 4856 -1 4897 4899 4901 -1 4943 4995 4942 -1 4952 4897 4901 -1 4905 4904 4940 -1 4915 4995 4943 -1 4904 4931 4940 -1 5018 4819 4927 -1 4876 4878 4877 -1 5018 4875 4819 -1 4910 4912 4913 -1 4912 4910 4851 -1 4914 4916 4912 -1 4961 4948 4947 -1 4962 4960 4980 -1 4957 4953 4961 -1 4957 4961 4962 -1 4962 4963 4957 -1 4962 4981 4963 -1 4981 4962 4980 -1 4958 4957 4963 -1 4959 4963 4981 -1 4911 4959 4981 -1 5014 5019 5020 -1 5014 5020 5021 -1 5022 5021 5020 -1 5023 4964 4938 -1 4964 5024 4965 -1 5024 4973 4965 -1 4971 4967 4972 -1 5024 5025 4971 -1 4970 5024 4971 -1 5024 4970 4973 -1 4973 4975 4965 -1 5026 4973 4970 -1 4970 4972 5027 -1 5028 5027 5029 -1 4970 5027 5026 -1 5028 5026 5027 -1 4966 4938 4964 -1 4960 4938 4966 -1 4976 4960 4966 -1 4960 4976 4977 -1 4960 4978 4980 -1 5030 5031 5032 -1 4978 4960 4977 -1 4977 4975 4979 -1 4981 4980 4920 -1 4979 4982 4918 -1 4979 4975 4974 -1 4973 5033 4974 -1 4987 4974 5033 -1 4990 5034 5035 -1 4923 4986 4989 -1 4982 4923 4922 -1 5036 4995 4989 -1 5036 4989 4987 -1 4917 4990 5035 -1 4917 4879 4990 -1 5018 5034 4990 -1 5019 5037 5038 -1 4875 5018 4990 -1 5019 5039 5040 -1 5040 5020 5019 -1 4888 4933 4992 -1 4997 4990 4881 -1 4881 4821 4997 -1 4999 4946 5041 -1 5011 5041 5031 -1 5030 5011 5031 -1 5011 5001 4999 -1 5010 5007 5009 -1 5002 5007 5010 -1 4928 5000 4932 -1 5002 5010 4888 -1 4888 5010 4889 -1 4932 5008 4931 -1 4889 5010 4939 -1 5028 5029 1753 -1 4932 5000 5006 -1 4932 5006 5008 -1 5042 4945 5043 -1 5028 5044 5026 -1 1752 5044 5028 -1 5017 5043 4945 -1 5044 5033 5026 -1 5045 5015 5014 -1 5005 5033 5044 -1 4987 5033 5005 -1 4950 4895 5009 -1 5046 5001 5012 -1 5006 5001 5046 -1 5005 5044 1740 -1 1740 5044 1752 -1 4950 5017 4930 -1 4930 4951 4950 -1 4937 5046 5016 -1 4937 5006 5046 -1 1740 1752 1719 -1 4987 5004 5036 -1 4995 5036 5004 -1 5004 4898 4941 -1 5021 5047 5014 -1 5048 5047 5021 -1 5048 5021 5049 -1 5025 5048 5049 -1 4967 4971 5049 -1 5025 5049 4971 -1 5023 5048 5024 -1 5024 4964 5023 -1 5024 5048 5025 -1 5022 4968 4967 -1 1765 4967 4969 -1 5033 4973 5026 -1 4982 4979 4986 -1 4923 4982 4986 -1 5015 5032 5013 -1 5013 5037 5014 -1 5009 5007 5043 -1 5009 5043 5017 -1 4983 4945 5042 -1 5009 5017 4950 -1 5028 1753 1752 -1 5038 5039 5019 -1 5040 5039 5050 -1 5020 5040 5050 -1 5022 5020 5050 -1 1751 1750 4968 -1 5022 5050 4968 -1 1751 1774 1773 -1 1750 1775 4968 -1 4969 4968 1761 -1 4946 4998 5041 -1 5041 5011 4999 -1 5011 5030 5012 -1 5030 5032 5015 -1 5015 5012 5030 -1 5045 5012 5015 -1 5012 5016 5046 -1 5016 5012 5045 -1 5016 5045 5047 -1 5023 4938 5016 -1 5022 5049 5021 -1 5049 5022 4967 -1 5023 5047 5048 -1 1761 1765 4969 -1 4967 1765 4972 -1 4972 1765 1766 -1 4972 1766 5027 -1 5027 1766 5029 -1 5014 5037 5019 -1 5039 1751 5050 -1 1751 5039 1774 -1 4968 5050 1751 -1 4968 1775 1761 -1 5029 1766 1753 -1 5014 5047 5045 -1 5047 5023 5016 -1 5051 5052 5053 -1 5052 5051 5054 -1 5052 5055 5056 -1 5053 5052 5056 -1 5057 5054 5051 -1 5055 5052 5054 -1 5056 5055 5058 -1 5059 5060 5061 -1 5062 5063 5057 -1 5063 5064 5057 -1 5062 5065 5063 -1 5063 5065 5066 -1 5067 5057 5064 -1 5054 5057 5067 -1 5054 5068 5055 -1 5054 5067 5069 -1 5051 5053 5070 -1 5070 5057 5051 -1 5062 5071 5065 -1 5072 5066 5065 -1 5072 5065 5073 -1 5068 5054 5069 -1 5074 5075 5076 -1 5077 5075 5074 -1 5078 5079 5080 -1 5079 5081 5082 -1 5080 5079 5082 -1 5062 5057 5083 -1 5083 5071 5062 -1 5065 5071 5073 -1 5083 5057 5070 -1 5053 5084 5070 -1 5055 5068 5085 -1 5075 5077 5086 -1 5087 5088 5089 -1 5071 5090 5073 -1 5091 5064 5063 -1 5063 5066 5091 -1 5091 5066 5092 -1 5066 5072 5092 -1 5093 5083 5070 -1 5053 5094 5084 -1 5067 5064 5095 -1 5060 5096 5097 -1 5059 5096 5060 -1 5069 5067 5095 -1 5098 5055 5085 -1 5099 5068 5069 -1 5068 5099 5085 -1 5074 5076 5100 -1 5076 5075 5086 -1 5086 5077 5101 -1 5102 5101 5077 -1 5103 5079 5078 -1 5081 5079 5103 -1 5093 5070 5084 -1 5089 5104 5087 -1 5060 5097 5061 -1 5095 5064 5091 -1 5076 5086 5105 -1 5077 5074 5100 -1 5102 5077 5100 -1 5080 5082 5106 -1 5107 5082 5081 -1 5058 5055 5098 -1 5108 5104 5089 -1 5102 5100 4759 -1 5096 5109 5097 -1 5110 5061 5111 -1 5083 5112 5071 -1 5107 5113 5082 -1 5090 5071 5112 -1 5106 5082 5113 -1 5072 5073 5114 -1 5095 5091 5092 -1 5115 5084 5094 -1 5056 5094 5053 -1 5085 5099 5116 -1 5105 5086 5117 -1 5118 5108 5089 -1 5109 5108 5118 -1 5096 5108 5109 -1 5119 5097 5109 -1 5119 5061 5097 -1 5090 5114 5073 -1 5072 5114 5120 -1 5072 5120 5092 -1 5110 5059 5061 -1 5092 5121 5095 -1 5122 5069 5121 -1 5069 5095 5121 -1 5123 5056 5058 -1 5087 5124 5088 -1 5088 5125 5089 -1 5126 5127 5128 -1 5078 5080 5129 -1 5093 5084 5130 -1 5096 5059 5131 -1 5120 5114 5132 -1 5094 5056 5133 -1 5056 5123 5133 -1 5134 5106 5113 -1 5058 5098 5135 -1 5116 5098 5085 -1 5099 5069 5136 -1 5105 5117 5137 -1 5087 5104 5138 -1 5139 5076 5105 -1 5101 5102 4758 -1 5126 5128 5140 -1 5118 5089 5141 -1 5104 5108 5138 -1 5142 5138 5108 -1 5127 5126 5143 -1 5108 5096 5144 -1 5061 5119 5111 -1 5129 5103 5078 -1 5145 5112 5083 -1 5080 5106 5146 -1 5129 5080 5146 -1 5084 5115 5130 -1 5147 5093 5130 -1 5083 5093 5147 -1 5115 5094 5133 -1 5116 5099 5136 -1 5136 5069 5122 -1 5125 5088 5124 -1 5141 5089 5125 -1 5087 5138 5124 -1 5100 5076 5139 -1 5126 5140 5143 -1 5128 5127 5148 -1 5127 5143 5149 -1 5135 5123 5058 -1 5135 5098 5150 -1 5145 5083 5147 -1 5121 5092 5151 -1 5152 5117 5086 -1 5152 5086 5101 -1 5102 4759 4758 -1 5147 5130 5153 -1 4759 5154 4757 -1 5112 5155 5090 -1 5114 5090 5132 -1 5151 5092 5120 -1 5144 5142 5108 -1 5150 5098 5116 -1 5131 5059 5156 -1 5081 5157 5107 -1 5158 5059 5110 -1 5100 5139 5159 -1 5130 5115 5160 -1 5134 5113 5161 -1 5152 5101 5162 -1 5124 5163 5125 -1 4759 5100 5164 -1 5165 5124 5138 -1 5166 5103 5129 -1 5159 5164 5100 -1 4758 5162 5101 -1 5167 5134 5161 -1 5124 5165 5168 -1 5155 5112 5145 -1 5169 5120 5132 -1 5122 5121 5151 -1 5159 5139 5170 -1 5171 5172 5173 -1 5115 5174 5160 -1 5153 5130 5160 -1 4759 5164 5154 -1 5175 5176 5133 -1 5133 5123 5175 -1 5135 5175 5123 -1 5103 5166 5177 -1 5140 5128 5178 -1 5081 5103 5177 -1 5149 5179 5127 -1 5107 5157 5180 -1 5180 5113 5107 -1 5141 5181 5118 -1 5182 5109 5118 -1 5119 5109 5182 -1 5145 5147 5153 -1 5151 5120 5183 -1 5120 5169 5183 -1 5150 5116 5136 -1 5166 5129 5184 -1 5157 5081 5185 -1 4784 5162 4758 -1 5096 5131 5144 -1 5158 5110 5186 -1 5154 5187 4757 -1 4811 4757 5187 -1 5143 5188 5149 -1 5174 5133 5176 -1 5115 5133 5174 -1 5177 5185 5081 -1 5146 5106 5189 -1 5190 5135 5150 -1 5106 5134 5189 -1 5180 5161 5113 -1 5191 5180 5157 -1 5163 5124 5192 -1 5125 5163 5193 -1 5132 5090 5169 -1 5194 5122 5151 -1 5136 5122 5194 -1 5150 5136 5195 -1 5110 5111 5196 -1 5182 5118 5197 -1 5198 5142 5144 -1 5129 5146 5184 -1 5186 5110 5199 -1 5200 5186 5201 -1 5164 5159 5202 -1 5203 5200 5204 -1 5205 5162 4784 -1 4806 5205 4784 -1 5173 5172 5206 -1 5207 5172 5171 -1 5178 5128 5148 -1 5149 5188 5208 -1 5179 5149 5208 -1 5209 5191 5210 -1 5155 5145 5211 -1 5176 5175 5212 -1 5150 5195 5190 -1 5110 5196 5199 -1 5138 5142 5165 -1 5198 5144 5131 -1 5140 5178 5213 -1 5156 5059 5158 -1 5214 5215 5216 -1 5217 5166 5184 -1 5218 5214 5216 -1 5200 5201 5204 -1 5135 5190 5219 -1 5202 5154 5164 -1 5216 5220 5218 -1 5221 4811 5187 -1 5222 5173 5206 -1 5189 5134 5167 -1 5157 5185 5223 -1 5191 5157 5223 -1 5180 5191 5224 -1 5223 5210 5191 -1 5224 5191 5209 -1 5192 5168 5225 -1 5124 5168 5192 -1 5141 5125 5193 -1 5226 5215 5214 -1 5090 5155 5227 -1 5228 5229 5174 -1 5169 5090 5227 -1 5228 5174 5176 -1 5228 5176 5230 -1 5231 5148 5127 -1 5232 5188 5143 -1 5233 5230 5176 -1 5179 5208 5234 -1 5136 5235 5195 -1 5236 5237 5235 -1 5235 5237 5195 -1 5235 5238 5236 -1 5239 5136 5194 -1 5235 5136 5239 -1 5194 5151 5240 -1 5241 5212 5175 -1 5241 5175 5242 -1 5142 5198 5243 -1 5131 5156 5244 -1 5172 5245 5246 -1 5206 5172 5246 -1 5215 5226 5247 -1 5202 5159 5170 -1 5171 5173 5248 -1 5186 5200 5249 -1 5202 5250 5154 -1 5200 5203 5251 -1 5175 5135 5252 -1 4870 4811 5221 -1 5215 5247 5253 -1 5219 5252 5135 -1 5237 5219 5190 -1 5166 5217 5254 -1 5216 5215 5253 -1 5255 5184 5146 -1 5216 5253 5237 -1 5255 5146 5189 -1 5229 5228 5256 -1 5221 5154 5250 -1 5187 5154 5221 -1 5197 5118 5181 -1 5244 5198 5131 -1 5196 5111 5119 -1 5229 5256 5257 -1 5229 5257 5174 -1 5211 5145 5153 -1 5258 5174 5257 -1 5155 5211 5227 -1 5259 5186 5260 -1 5186 5259 5201 -1 5204 5201 5259 -1 5261 5262 5263 -1 5251 5249 5200 -1 5264 5265 5266 -1 5265 5261 5266 -1 5267 5169 5262 -1 5263 5266 5261 -1 5265 5268 5261 -1 5166 5254 5269 -1 5177 5166 5269 -1 5160 5174 5258 -1 5183 5169 5270 -1 5160 5258 5271 -1 5160 5271 5272 -1 5185 5177 5273 -1 5237 5190 5195 -1 5127 5179 5274 -1 5160 5272 5153 -1 5272 5275 5153 -1 5208 5188 5232 -1 5222 5248 5173 -1 5216 5237 5236 -1 5223 5185 5276 -1 5210 5223 5277 -1 5233 5176 5212 -1 5238 5235 5239 -1 5239 5278 5279 -1 5240 5151 5183 -1 5280 5278 5281 -1 5175 5252 5242 -1 5247 5242 5252 -1 5193 5163 5282 -1 5247 5252 5219 -1 5219 5253 5247 -1 5193 5181 5141 -1 5253 5219 5237 -1 5283 5284 5285 -1 5285 5254 5217 -1 5286 5287 5288 -1 5289 5287 5286 -1 5286 5290 5289 -1 5286 5256 5290 -1 5256 5286 5291 -1 5256 5291 5257 -1 5292 5293 5294 -1 5293 5295 5294 -1 5296 5297 5298 -1 5294 5295 5299 -1 5197 5300 5182 -1 5142 5301 5165 -1 5119 5182 5196 -1 5153 5275 5211 -1 5302 5303 5304 -1 5291 5305 5306 -1 5307 5303 5302 -1 5308 5309 5310 -1 5306 5305 5310 -1 5261 5268 5262 -1 5311 5307 5312 -1 5313 5311 5312 -1 5314 4927 5315 -1 5227 5262 5169 -1 5204 5259 5316 -1 5317 5318 5319 -1 5267 5262 5320 -1 1769 5251 5203 -1 5204 5321 5203 -1 5291 5306 5257 -1 5169 5267 5270 -1 5143 5140 5213 -1 5292 5294 5322 -1 5323 5267 5324 -1 5299 5322 5294 -1 5127 5274 5231 -1 5239 5194 5281 -1 5299 5325 5322 -1 5278 5239 5281 -1 5234 5274 5179 -1 5238 5239 5279 -1 5326 5327 5328 -1 4926 4870 5221 -1 5329 5194 5240 -1 5306 5258 5257 -1 5329 5281 5194 -1 5172 5207 5245 -1 5280 5279 5278 -1 5330 5331 5332 -1 5171 5248 5207 -1 5333 5254 5334 -1 5335 5280 5281 -1 5335 5329 5336 -1 5337 5338 3694 -1 5273 5177 5269 -1 5339 5323 5324 -1 5310 5340 5306 -1 5276 5185 5273 -1 5258 5306 5340 -1 5341 5342 5343 -1 4181 5341 5343 -1 5339 5344 5323 -1 5340 5345 5271 -1 5346 5342 5341 -1 5346 5341 5347 -1 5348 5347 5341 -1 5349 5350 5351 -1 5258 5340 5271 -1 5277 5223 5276 -1 5352 5353 5354 -1 5355 5356 5357 -1 5358 5272 5271 -1 5352 5359 5353 -1 5358 5275 5272 -1 5360 5361 5362 -1 5363 5349 5364 -1 5361 5360 5365 -1 5284 5334 5285 -1 5366 5367 5368 -1 5369 5370 5371 -1 5372 5370 5369 -1 5254 5285 5334 -1 5335 5336 5373 -1 5373 5336 5374 -1 5374 5375 5373 -1 5376 5373 5375 -1 5374 5377 5375 -1 5378 5283 5285 -1 5379 5209 5380 -1 5381 5382 5377 -1 5382 5381 5383 -1 5193 5282 5384 -1 5225 5385 5192 -1 5225 5168 5386 -1 5364 5288 5287 -1 5387 5288 5364 -1 5286 5288 5388 -1 5389 5390 5391 -1 5337 5343 5338 -1 5389 5365 5390 -1 5358 5392 5393 -1 5360 5390 5365 -1 5342 5338 5343 -1 5369 5371 5394 -1 5395 5396 5397 -1 5366 5361 5365 -1 5398 5399 5400 -1 5399 5401 5400 -1 5402 5403 5404 -1 5405 5406 5407 -1 5408 5407 5409 -1 5337 4257 5343 -1 5410 5400 5401 -1 5369 5326 5372 -1 5411 5400 5410 -1 5412 5362 5361 -1 5413 5412 5361 -1 5339 5411 5410 -1 5414 5415 5264 -1 5415 5416 5264 -1 5286 5388 5291 -1 5372 5417 5370 -1 5380 5418 5419 -1 5420 5288 5421 -1 5422 5339 5410 -1 5266 5423 5264 -1 5419 5366 5368 -1 5368 5424 5419 -1 5425 5426 5427 -1 5428 5370 5417 -1 4181 5429 5341 -1 5288 5420 5388 -1 5348 5341 5429 -1 5420 5291 5388 -1 5430 5431 5432 -1 5265 5264 5433 -1 5428 5417 5434 -1 5426 5435 5436 -1 5347 5348 5353 -1 5437 5323 5344 -1 5438 5428 5434 -1 5419 5282 5379 -1 5424 5282 5419 -1 5439 5197 5440 -1 5368 5367 5441 -1 5268 5265 5433 -1 5354 5353 5348 -1 5398 5268 5442 -1 5344 5339 5284 -1 5443 5444 5445 -1 5291 5420 5305 -1 5353 5359 5446 -1 5344 5447 5437 -1 5448 5359 5352 -1 5449 5450 5451 -1 5232 5143 5213 -1 5445 5452 5443 -1 5178 5148 5453 -1 5344 5284 5447 -1 5454 5401 5455 -1 5410 5401 5454 -1 5148 5231 5453 -1 5456 5402 5457 -1 5458 5456 5457 -1 5351 5459 5443 -1 5457 5402 5460 -1 5443 5349 5351 -1 5461 5310 5305 -1 5424 5384 5282 -1 5462 5463 5208 -1 5457 5464 5458 -1 5349 5443 5452 -1 5310 5461 5308 -1 5465 5466 5467 -1 5349 5452 5468 -1 5469 5470 5441 -1 5458 5464 5471 -1 5470 5469 5431 -1 5310 5309 5340 -1 5422 5472 5339 -1 5472 5422 5465 -1 5384 5470 5440 -1 5283 5447 5284 -1 5398 5442 5399 -1 5473 5209 5379 -1 5474 5429 4183 -1 5471 5475 5476 -1 5309 5308 5477 -1 5465 5478 5472 -1 5379 5163 5479 -1 5354 5474 5298 -1 5379 5282 5163 -1 5340 5309 5345 -1 5192 5479 5163 -1 5480 5476 5475 -1 5349 5468 5364 -1 5481 5482 5478 -1 5481 5478 5467 -1 5483 5484 5485 -1 5358 5345 5392 -1 5486 5487 5488 -1 5484 5483 5489 -1 5480 5182 5300 -1 5486 5490 5491 -1 5298 5297 5354 -1 5182 5480 5196 -1 5387 5364 5468 -1 5374 5336 5492 -1 5493 5484 5489 -1 5292 5297 5293 -1 5494 5495 5496 -1 5497 5493 5489 -1 5498 5497 5489 -1 5271 5345 5358 -1 5168 5165 5301 -1 5296 5293 5297 -1 5393 5275 5358 -1 5468 5452 5387 -1 5497 5498 5499 -1 5497 5499 5500 -1 5335 5373 5501 -1 5387 5452 5502 -1 5181 5440 5197 -1 5501 5373 5376 -1 5503 5501 5376 -1 5503 5504 5505 -1 5421 5387 5502 -1 5288 5387 5421 -1 5193 5440 5181 -1 5375 5377 5376 -1 5421 5502 5506 -1 5386 5168 5301 -1 5507 5031 5508 -1 5509 5510 5511 -1 5512 5420 5421 -1 4287 5513 5296 -1 5377 5382 5376 -1 5511 5042 5509 -1 5437 5447 5283 -1 5244 5243 5198 -1 5305 5420 5512 -1 5514 4984 5515 -1 3694 5338 3727 -1 5381 5516 5383 -1 5217 5378 5285 -1 5037 5517 5518 -1 5513 5519 5520 -1 5217 5184 5378 -1 4287 4261 5513 -1 5275 5521 5211 -1 4985 4984 5514 -1 5227 5211 5521 -1 4998 4985 5514 -1 5184 5522 5378 -1 5304 5303 5523 -1 5444 5443 5459 -1 5383 5184 5255 -1 5262 5521 5263 -1 5521 5262 5227 -1 5524 5525 5526 -1 5303 5307 5527 -1 5255 5382 5383 -1 5255 5528 5382 -1 5320 5324 5267 -1 5312 5307 5302 -1 5529 5411 5324 -1 5186 5199 5260 -1 5307 5311 5530 -1 5528 5255 5531 -1 5459 5351 5532 -1 5311 5533 5530 -1 5204 5316 5321 -1 5534 5533 5311 -1 5363 5350 5349 -1 5495 4994 4991 -1 5311 5313 5534 -1 5280 5505 5238 -1 5270 5267 5437 -1 5437 5267 5323 -1 5535 5536 5534 -1 5537 5500 5499 -1 5238 5279 5280 -1 5250 5202 5538 -1 5203 1732 1769 -1 5240 5183 5270 -1 5203 5321 1732 -1 5536 5535 5539 -1 5186 5540 5158 -1 5156 5158 5540 -1 5249 5540 5186 -1 5329 5240 5492 -1 5538 5505 5541 -1 5542 5543 5544 -1 5545 5543 5542 -1 5542 5038 5545 -1 5546 5547 5548 -1 5546 5548 5549 -1 5550 5546 5549 -1 5503 5505 5280 -1 5551 5552 5547 -1 5551 5547 5546 -1 5329 5335 5281 -1 5329 5492 5336 -1 5503 5280 5335 -1 5501 5503 5335 -1 5553 5322 5325 -1 5529 5400 5411 -1 5299 5330 5325 -1 5299 5520 5330 -1 5331 5330 5520 -1 5250 5538 5221 -1 5318 4315 5319 -1 5313 5312 5554 -1 5555 5312 5553 -1 5555 5554 5312 -1 5541 5315 5538 -1 5003 5495 5556 -1 4926 5538 5315 -1 4994 5495 5003 -1 5554 5534 5313 -1 5557 5554 5555 -1 5317 5558 5559 -1 5221 5538 4926 -1 5495 5494 5556 -1 5555 5553 5560 -1 5561 5559 5558 -1 5504 5541 5505 -1 5562 5561 5563 -1 5561 5327 5563 -1 5564 5557 5565 -1 5317 5566 5558 -1 5558 5567 5561 -1 5519 5331 5520 -1 5327 5561 5568 -1 5541 5314 5315 -1 5569 5332 5570 -1 5504 5314 5541 -1 5331 5519 5571 -1 5572 5331 5571 -1 5572 5332 5331 -1 5570 5332 5572 -1 5570 5573 5569 -1 5573 5570 5574 -1 5573 5575 5565 -1 5575 5573 5574 -1 4926 5315 4927 -1 5574 5570 5572 -1 4225 5576 5567 -1 5568 5567 5576 -1 5575 5574 5562 -1 5394 5575 5562 -1 5577 5576 4162 -1 5578 5557 5564 -1 5326 5563 5327 -1 5328 5327 5579 -1 5550 5564 5580 -1 5580 5581 5550 -1 4927 5314 5034 -1 5581 5546 5550 -1 5582 5583 5328 -1 5582 5328 5579 -1 5356 5546 5581 -1 5434 5584 5404 -1 5404 5584 5585 -1 5246 5583 5582 -1 5409 5355 5357 -1 5585 5246 5245 -1 5575 5394 5371 -1 5537 5586 5467 -1 5587 5577 5588 -1 5246 5582 5206 -1 5206 5582 5588 -1 5482 5481 5589 -1 5207 5460 5402 -1 5333 5269 5254 -1 5590 5333 5589 -1 5590 5591 5333 -1 5592 5360 5593 -1 5390 5360 5592 -1 5362 5593 5360 -1 5412 5413 5418 -1 5412 5418 5594 -1 5418 5380 5594 -1 5591 5273 5269 -1 5167 5595 5189 -1 5167 5161 5596 -1 5380 5209 5210 -1 5473 5224 5209 -1 5167 5597 5598 -1 5599 5600 5601 -1 5455 5401 5399 -1 5451 5434 5403 -1 5370 5602 5371 -1 5597 5596 5603 -1 5604 5605 5606 -1 5434 5404 5403 -1 5600 5599 5607 -1 5607 5599 5346 -1 5451 5403 5608 -1 5609 5597 5603 -1 5488 5603 5486 -1 5396 5395 2489 -1 5609 5603 5488 -1 5369 5563 5326 -1 5394 5563 5369 -1 5610 2452 5395 -1 5611 5469 5451 -1 5411 5339 5324 -1 5612 5613 5614 -1 5615 5613 5612 -1 5616 5451 5608 -1 5611 5451 5616 -1 5616 5432 5611 -1 5370 5617 5602 -1 5496 5609 5488 -1 5610 5395 5397 -1 5618 5392 5619 -1 5397 5396 5620 -1 5428 5617 5370 -1 5613 5615 5621 -1 5496 5488 5487 -1 5402 5456 5403 -1 5456 5608 5403 -1 5617 5428 5408 -1 5428 5438 5408 -1 5600 5622 5623 -1 5458 5608 5456 -1 5618 5624 5625 -1 5626 2485 2516 -1 5392 5618 5625 -1 5626 2486 2485 -1 5406 5389 5355 -1 5608 5458 5616 -1 2486 5626 5627 -1 5345 5477 5619 -1 5406 5355 5409 -1 5628 5397 5629 -1 5600 5607 5622 -1 5406 5409 5407 -1 5622 5607 5630 -1 5392 5345 5619 -1 5346 5631 5342 -1 5342 5631 5338 -1 5632 5431 5439 -1 5432 5431 5611 -1 5393 5392 5625 -1 5408 5405 5407 -1 5633 5634 5635 -1 5454 5455 5493 -1 5439 5431 5430 -1 5607 5346 5347 -1 5454 5465 5410 -1 5405 5367 5366 -1 5422 5410 5465 -1 5440 5632 5439 -1 5309 5477 5345 -1 5493 5466 5454 -1 5614 5636 5637 -1 5343 4257 4181 -1 5638 5430 5432 -1 5454 5466 5465 -1 5413 5361 5366 -1 5413 5366 5419 -1 5439 5430 5638 -1 5638 5432 5616 -1 5627 5626 5639 -1 5466 5493 5500 -1 2452 2489 5395 -1 5466 5500 5467 -1 5626 3756 5639 -1 5638 5197 5439 -1 5418 5413 5419 -1 5640 5641 5642 -1 5643 5644 5645 -1 5419 5379 5380 -1 5646 5644 5642 -1 5645 5644 5646 -1 5347 5353 5607 -1 5368 5647 5424 -1 5476 5458 5471 -1 5478 5465 5467 -1 5607 5446 5630 -1 5648 5649 5471 -1 5284 5339 5472 -1 5446 5607 5353 -1 5284 5472 5334 -1 5650 3737 5651 -1 5652 5653 4330 -1 5654 5464 5457 -1 5654 5648 5464 -1 5482 5472 5478 -1 5441 5367 5405 -1 5334 5472 5482 -1 5655 5656 5657 -1 5657 5656 5651 -1 5526 5525 5654 -1 5655 5657 5658 -1 5469 5659 5449 -1 5471 5464 5648 -1 5415 5414 5645 -1 5448 5352 5292 -1 5441 5659 5469 -1 5458 5476 5638 -1 5660 5661 5662 -1 5438 5451 5450 -1 5434 5451 5438 -1 5451 5469 5449 -1 5663 5196 5480 -1 5475 5471 5649 -1 5664 5416 5415 -1 5475 5663 5480 -1 5665 5666 5667 -1 5416 5664 5668 -1 5669 5670 5671 -1 5264 5423 5414 -1 5672 4248 4254 -1 5424 5647 5384 -1 5264 5416 5433 -1 5663 5199 5196 -1 5669 5673 5670 -1 5470 5384 5647 -1 5674 5675 5425 -1 5492 5676 5374 -1 5666 4254 5677 -1 5429 4181 4183 -1 5666 5677 5678 -1 5676 5437 5679 -1 5354 5429 5474 -1 5423 5266 5680 -1 5263 5680 5266 -1 5611 5431 5469 -1 5681 5682 5142 -1 5243 5681 5142 -1 5632 5470 5431 -1 5283 5679 5437 -1 4183 4185 5474 -1 5425 5435 5426 -1 5298 5474 4278 -1 5470 5632 5440 -1 5514 5515 5682 -1 5374 5676 5516 -1 5384 5440 5193 -1 5425 5675 5435 -1 5298 4278 5296 -1 5675 5683 5435 -1 5352 5354 5292 -1 5377 5374 5516 -1 5377 5516 5381 -1 5473 5490 5224 -1 5297 5292 5354 -1 5486 5224 5490 -1 5677 4254 4336 -1 5491 5490 5684 -1 5376 5504 5503 -1 5041 5508 5031 -1 5473 5379 5479 -1 5031 5507 5032 -1 5231 5274 5234 -1 5685 5435 5683 -1 5385 5479 5192 -1 5510 5491 5684 -1 5518 5686 5687 -1 5688 5685 5683 -1 5232 5462 5208 -1 5296 5295 5293 -1 5385 5689 5684 -1 5679 5283 5522 -1 5283 5378 5522 -1 5517 5690 5518 -1 5299 5295 5520 -1 5487 5486 5491 -1 5491 5691 5487 -1 5688 5692 5685 -1 5693 5231 5234 -1 5691 5491 5510 -1 5694 5688 5695 -1 5692 5688 5694 -1 5013 5517 5037 -1 5208 5693 5234 -1 5426 5445 5444 -1 5494 5487 5691 -1 5445 5426 5436 -1 5496 5487 5494 -1 5696 5208 5463 -1 5037 5518 5687 -1 5679 5383 5516 -1 5208 5696 5693 -1 5494 5691 5510 -1 5510 5509 5494 -1 5510 5684 5689 -1 5433 5697 5442 -1 5383 5679 5522 -1 5184 5383 5522 -1 5399 5442 5485 -1 5526 5667 5698 -1 5268 5433 5442 -1 5504 5376 5382 -1 5526 5698 5524 -1 5699 5524 5698 -1 5700 5525 5524 -1 5436 5435 5452 -1 5225 5689 5385 -1 5504 5382 5528 -1 5701 5524 5699 -1 5697 5485 5442 -1 5702 5689 5225 -1 5485 5455 5399 -1 5702 5225 5386 -1 5445 5436 5452 -1 5703 5504 5528 -1 5296 4278 4277 -1 5296 4277 4287 -1 5677 5704 5678 -1 5651 3737 3723 -1 5295 5296 5513 -1 5685 5452 5435 -1 5705 5386 5301 -1 5513 5520 5295 -1 5455 5485 5484 -1 5511 5510 5689 -1 5511 5689 5702 -1 5685 5506 5452 -1 5701 5259 5260 -1 5706 5651 3723 -1 5707 5511 5702 -1 5657 5651 5706 -1 5511 5707 5042 -1 5703 5528 5595 -1 4983 5707 4984 -1 5704 5677 5708 -1 5515 5702 5386 -1 5706 5709 5657 -1 5710 5623 5622 -1 5455 5484 5493 -1 5702 5515 4984 -1 5702 4984 5707 -1 5498 5489 5483 -1 5497 5500 5493 -1 5452 5506 5502 -1 5711 5712 5637 -1 5713 5704 1770 -1 5713 1770 5714 -1 5715 5710 5716 -1 5706 3723 3725 -1 3725 5709 5706 -1 5717 5622 5630 -1 4988 4917 5718 -1 5716 5710 5622 -1 5718 4917 5035 -1 5719 5720 3749 -1 1741 1727 1770 -1 5421 5506 5512 -1 5721 5715 5722 -1 5314 5504 5703 -1 5034 5314 5703 -1 3727 5631 5723 -1 5716 5622 5717 -1 3727 5338 5631 -1 1771 1732 5321 -1 5724 5716 5717 -1 5337 3694 3686 -1 3686 4156 5337 -1 5722 5715 5716 -1 5671 5670 2522 -1 2520 2522 5670 -1 5337 4156 4257 -1 5722 5716 5724 -1 5634 5661 5635 -1 5034 5018 4927 -1 5600 5623 5601 -1 5725 5156 5540 -1 5724 5726 5722 -1 5540 5249 5544 -1 5723 5631 5346 -1 5599 5723 5346 -1 5540 5543 5725 -1 5543 5540 5544 -1 5727 5692 5728 -1 5543 5545 5725 -1 5544 5729 5542 -1 5670 5673 2520 -1 5598 4921 4988 -1 5039 5038 5542 -1 5692 5730 5506 -1 5630 5523 5527 -1 5717 5630 5527 -1 5303 5527 5523 -1 5527 5307 5717 -1 5730 5731 5506 -1 5304 5446 5359 -1 5426 5444 5427 -1 4993 5598 5597 -1 4921 5598 4993 -1 4993 5597 4991 -1 5512 5506 5731 -1 5304 5359 5448 -1 5302 5448 5322 -1 5322 5553 5302 -1 5302 5304 5448 -1 5609 4991 5597 -1 5467 5500 5537 -1 4316 5319 4315 -1 5730 5732 5731 -1 5393 5521 5275 -1 5319 5566 5317 -1 5566 5319 4316 -1 5717 5533 5733 -1 5586 5537 5734 -1 5512 5731 5735 -1 5732 5735 5731 -1 5530 5717 5307 -1 5530 5533 5717 -1 5736 5735 5732 -1 5733 5724 5717 -1 5481 5467 5586 -1 5680 5521 5393 -1 5537 5737 5734 -1 5733 5533 5539 -1 5533 5534 5539 -1 5738 5739 5737 -1 5534 5536 5539 -1 5521 5680 5263 -1 5305 5512 5735 -1 5736 5305 5735 -1 5736 5461 5305 -1 5740 5721 5722 -1 5737 5590 5734 -1 5590 5737 5739 -1 5320 5262 5268 -1 5741 2519 5427 -1 5268 5529 5320 -1 5619 5461 5736 -1 5308 5461 5477 -1 5529 5268 5398 -1 5619 5477 5461 -1 5740 5722 5742 -1 5334 5482 5333 -1 5730 5692 5727 -1 5727 5732 5730 -1 5333 5482 5589 -1 5496 4991 5609 -1 5495 4991 5496 -1 5741 5459 5532 -1 5591 5269 5333 -1 5734 5481 5586 -1 5589 5481 5734 -1 5324 5320 5529 -1 5589 5734 5590 -1 5741 5427 5459 -1 4316 4152 5566 -1 4225 5566 4152 -1 5556 5494 5509 -1 5427 5444 5459 -1 5566 4225 5567 -1 5499 5498 5742 -1 5043 5556 5509 -1 4161 5576 4225 -1 5007 5556 5043 -1 5618 5727 5624 -1 5732 5727 5618 -1 5619 5732 5618 -1 5576 4161 4162 -1 5273 5591 5590 -1 5276 5273 5590 -1 5737 5722 5726 -1 5722 5737 5742 -1 5537 5499 5742 -1 5537 5742 5737 -1 5270 5676 5240 -1 5043 5509 5042 -1 5676 5270 5437 -1 5738 5743 5739 -1 5492 5240 5676 -1 5539 5744 5733 -1 5745 5724 5733 -1 5745 5733 5744 -1 5592 5593 5743 -1 5744 5539 5535 -1 5743 5746 5739 -1 5746 5743 5593 -1 5592 5743 5747 -1 5326 5328 5583 -1 5529 5398 5400 -1 5568 5579 5327 -1 5390 5592 5391 -1 5744 5548 5745 -1 5726 5745 5547 -1 5587 5568 5577 -1 5362 5746 5593 -1 5548 5535 5578 -1 5744 5535 5548 -1 5547 5745 5548 -1 5417 5372 5326 -1 5583 5417 5326 -1 5590 5739 5276 -1 5584 5417 5585 -1 5583 5246 5417 -1 5746 5748 5739 -1 5585 5417 5246 -1 5748 5746 5749 -1 5362 5749 5746 -1 5434 5417 5584 -1 5749 5594 5748 -1 5551 5747 5552 -1 5276 5739 5748 -1 5743 5738 5552 -1 5747 5743 5552 -1 5277 5748 5594 -1 5277 5276 5748 -1 5750 5747 5551 -1 5404 5585 5245 -1 5594 5749 5412 -1 5404 5245 5402 -1 5412 5749 5362 -1 5312 5302 5553 -1 5577 5568 5576 -1 5325 5560 5553 -1 5582 5579 5587 -1 5531 5255 5189 -1 5582 5587 5588 -1 5560 5325 5330 -1 5206 5588 5222 -1 5595 5531 5189 -1 5653 5588 5577 -1 5577 4162 4320 -1 5554 5578 5534 -1 4320 4330 5577 -1 5653 5577 4330 -1 5578 5554 5557 -1 5222 5588 5653 -1 5167 4988 5595 -1 5652 5751 5653 -1 5560 5573 5555 -1 5573 5565 5555 -1 5402 5245 5207 -1 5565 5557 5555 -1 5460 5207 5752 -1 5207 5248 5752 -1 5569 5330 5332 -1 5752 5457 5460 -1 5380 5210 5594 -1 5210 5277 5594 -1 5667 5752 5665 -1 5519 5513 4260 -1 5519 4260 5571 -1 4315 5571 4260 -1 5318 5571 4315 -1 5180 5596 5161 -1 5572 5571 5318 -1 5317 5572 5318 -1 5559 5572 5317 -1 5167 5596 5597 -1 4988 5167 5598 -1 5574 5572 5559 -1 5562 5574 5559 -1 5562 5559 5561 -1 5562 5563 5394 -1 5535 5534 5578 -1 5548 5578 5549 -1 5550 5578 5564 -1 5550 5549 5578 -1 5565 5580 5564 -1 5580 5602 5581 -1 5546 5750 5551 -1 5750 5546 5356 -1 5356 5355 5389 -1 5357 5356 5581 -1 5357 5581 5602 -1 5565 5575 5371 -1 5330 5569 5560 -1 5753 5754 3729 -1 5569 5573 5560 -1 5754 3730 3729 -1 5531 5595 5528 -1 5616 5458 5638 -1 5754 5753 5615 -1 5513 4261 4260 -1 5633 5635 5755 -1 5595 4988 5718 -1 5736 5732 5619 -1 5603 5180 5224 -1 5596 5180 5603 -1 5727 5756 5624 -1 5757 5758 5633 -1 3733 3732 5759 -1 5638 5300 5197 -1 5224 5486 5603 -1 5755 5635 5637 -1 5624 5756 5760 -1 5654 5667 5526 -1 5755 5637 5636 -1 5633 5755 5642 -1 5755 5636 5640 -1 5642 5755 5640 -1 3726 5723 5761 -1 5365 5389 5406 -1 5654 5525 5648 -1 5649 5648 5525 -1 5750 5389 5391 -1 5649 5525 5700 -1 5723 3726 3727 -1 5389 5750 5356 -1 5579 5568 5587 -1 5406 5366 5365 -1 5644 5757 5633 -1 5300 5476 5480 -1 5638 5476 5300 -1 5366 5406 5405 -1 5580 5565 5371 -1 5475 5649 5663 -1 5761 5599 3732 -1 5757 5643 5760 -1 5602 5580 5371 -1 3756 5762 5639 -1 5601 5759 3732 -1 5642 5644 5633 -1 3732 5599 5601 -1 5646 5642 5641 -1 5408 5659 5405 -1 5643 5757 5644 -1 5357 5602 5617 -1 5759 5601 5623 -1 3708 5763 3742 -1 5682 5705 5301 -1 5705 5682 5386 -1 5357 5617 5408 -1 5357 5408 5409 -1 5450 5659 5438 -1 5599 5761 5723 -1 5645 5646 5415 -1 5142 5682 5301 -1 5764 5639 5762 -1 5659 5450 5449 -1 5636 5614 5640 -1 5405 5659 5441 -1 5659 5408 5438 -1 5660 5639 5764 -1 5653 5751 5222 -1 5248 5222 5751 -1 5660 5765 5639 -1 5515 5386 5682 -1 5647 5368 5441 -1 5614 5766 5640 -1 3708 3711 5763 -1 5766 5641 5640 -1 3711 5650 5763 -1 5507 5508 5682 -1 5752 5248 5767 -1 5647 5441 5470 -1 5641 5766 5768 -1 5766 5614 5613 -1 5623 5710 5769 -1 5752 5654 5457 -1 5764 5650 5656 -1 5654 5752 5667 -1 5514 5682 5508 -1 5516 5676 5679 -1 5752 5767 5665 -1 5766 5613 5621 -1 5621 5768 5766 -1 4998 5514 5508 -1 5041 4998 5508 -1 5650 3711 3737 -1 5507 5682 5681 -1 5646 5641 5768 -1 5490 5479 5684 -1 5684 5479 5385 -1 5507 5681 5690 -1 5768 5770 5646 -1 5507 5690 5517 -1 5651 5656 5650 -1 5517 5032 5507 -1 5656 5655 5764 -1 5655 5660 5764 -1 5770 5415 5646 -1 5655 5771 5660 -1 5771 5661 5660 -1 5429 5354 5348 -1 5771 5655 5772 -1 5773 5664 5770 -1 5690 5686 5518 -1 2519 5741 2504 -1 4983 5042 5707 -1 5661 5771 5635 -1 5634 5662 5661 -1 5664 5453 5668 -1 5772 5635 5771 -1 5703 5595 5718 -1 5643 5774 5760 -1 5034 5703 5718 -1 5775 5776 5671 -1 5624 5760 5774 -1 4185 4278 5474 -1 5034 5718 5035 -1 5671 5776 5669 -1 5774 5643 5414 -1 5414 5643 5645 -1 5667 5666 5698 -1 5669 5776 5777 -1 5674 5669 5777 -1 5774 5414 5423 -1 2523 5775 2522 -1 5680 5774 5423 -1 5524 5701 5700 -1 5671 2522 5775 -1 5698 5666 5678 -1 5003 5556 5007 -1 5673 5674 5425 -1 5624 5774 5680 -1 5669 5674 5673 -1 5625 5624 5680 -1 5713 5678 5704 -1 5678 5713 5699 -1 5701 5699 5778 -1 5699 5713 5778 -1 5625 5680 5393 -1 5628 5779 5780 -1 5779 5781 5780 -1 5260 5663 5700 -1 5780 5675 5674 -1 5260 5700 5701 -1 5425 2520 5673 -1 5199 5663 5260 -1 5675 5780 5781 -1 5781 5683 5675 -1 2520 5425 2519 -1 5316 5701 5778 -1 5427 2519 5425 -1 5316 5259 5701 -1 5782 5779 5629 -1 5652 4330 4229 -1 5770 5664 5415 -1 5321 5316 5778 -1 5783 5779 5782 -1 5704 5708 5784 -1 5781 5779 5783 -1 5683 5781 5783 -1 1741 5704 5784 -1 5683 5783 5785 -1 5786 5683 5785 -1 1741 1770 5704 -1 5787 5433 5668 -1 5433 5416 5668 -1 5788 5769 5710 -1 5784 5708 4306 -1 5787 5697 5433 -1 5672 4247 4248 -1 1741 5784 4305 -1 1741 4305 1728 -1 5248 5751 5767 -1 5784 4306 4305 -1 5688 5683 5695 -1 5695 5683 5786 -1 5767 5751 5652 -1 5672 5767 5652 -1 5715 5788 5710 -1 5665 5767 5672 -1 5714 5778 5713 -1 5666 5665 5672 -1 5695 5786 5694 -1 5213 5773 5789 -1 5321 5778 5714 -1 5178 5773 5213 -1 5789 5232 5213 -1 5773 5453 5664 -1 5321 5714 1771 -1 5463 5788 5715 -1 5453 5773 5178 -1 5666 5672 4254 -1 5668 5453 5787 -1 5685 5692 5506 -1 5696 5463 5715 -1 5782 5790 5791 -1 5787 5453 5231 -1 5721 5696 5715 -1 5544 5792 5729 -1 5793 5783 5782 -1 5793 5782 5791 -1 5789 5794 5232 -1 5795 5783 5793 -1 5785 5783 5795 -1 5232 5794 5462 -1 5544 5249 5792 -1 5795 5793 5728 -1 5249 5251 5792 -1 5446 5523 5630 -1 5658 5772 5655 -1 5796 5792 5251 -1 5796 5251 1769 -1 5231 5797 5787 -1 5523 5446 5304 -1 5693 5797 5231 -1 5448 5292 5322 -1 5039 5542 1774 -1 5729 1774 5542 -1 5657 5709 5658 -1 5795 5786 5785 -1 5786 5795 5694 -1 5721 5693 5696 -1 5797 5693 5721 -1 5795 5692 5694 -1 5677 4336 5708 -1 5658 5709 5605 -1 5692 5795 5728 -1 5772 5658 5605 -1 4336 4264 5708 -1 2531 5396 2489 -1 5758 5798 5799 -1 4306 5708 4264 -1 2452 5610 2523 -1 5793 5798 5800 -1 1769 1772 5796 -1 2523 5610 5777 -1 5777 5775 2523 -1 5758 5662 5634 -1 1772 1774 5796 -1 5712 5605 5604 -1 5711 5605 5712 -1 5740 5742 5498 -1 5758 5634 5633 -1 5800 5798 5757 -1 5758 5757 5798 -1 5635 5711 5637 -1 5777 5610 5397 -1 5397 5628 5777 -1 5726 5738 5737 -1 5697 5483 5485 -1 5800 5728 5793 -1 5787 5797 5697 -1 5724 5745 5726 -1 5567 5558 5566 -1 5709 3725 3749 -1 5709 3749 5801 -1 5709 5801 5605 -1 3756 5626 2516 -1 5728 5800 5756 -1 5552 5738 5726 -1 5726 5547 5552 -1 5727 5728 5756 -1 5697 5797 5483 -1 5800 5757 5760 -1 5756 5800 5760 -1 5568 5561 5567 -1 5620 5629 5397 -1 5801 5606 5605 -1 5779 5628 5629 -1 5801 3749 5720 -1 3749 3750 5719 -1 5782 5629 5790 -1 5592 5747 5391 -1 5391 5747 5750 -1 5797 5721 5483 -1 5606 5801 5802 -1 5720 5803 5801 -1 5483 5721 5740 -1 5498 5483 5740 -1 5606 5804 5604 -1 5804 5612 5604 -1 5614 5637 5712 -1 5604 5612 5712 -1 5712 5612 5614 -1 5804 5606 5802 -1 5754 5615 5802 -1 5753 5621 5615 -1 5719 3750 3754 -1 5720 5719 5803 -1 5803 5719 3754 -1 3754 3730 5803 -1 3730 5754 5803 -1 5803 5754 5802 -1 3729 5805 5753 -1 3692 5761 3732 -1 5663 5649 5700 -1 5761 3692 3726 -1 5243 5690 5681 -1 5473 5479 5490 -1 5243 5244 5686 -1 5690 5243 5686 -1 5244 5687 5686 -1 5156 5725 5244 -1 5687 5244 5725 -1 5545 5687 5725 -1 5759 5769 5794 -1 5769 5759 5623 -1 5621 5753 5805 -1 5517 5013 5032 -1 5788 5794 5769 -1 5805 5789 5621 -1 5805 5794 5789 -1 5037 5687 5038 -1 3731 5806 3729 -1 5678 5699 5698 -1 5635 5772 5711 -1 3729 5806 5805 -1 5605 5711 5772 -1 5805 5806 5759 -1 5803 5802 5801 -1 3733 5759 5806 -1 1771 5714 1770 -1 5804 5802 5615 -1 5612 5804 5615 -1 5652 4229 4247 -1 5762 3756 3741 -1 5729 5792 5796 -1 4247 5672 5652 -1 5762 3741 3742 -1 5796 1774 5729 -1 5687 5545 5038 -1 5805 5759 5794 -1 5627 5765 5790 -1 5799 5790 5765 -1 5765 5627 5639 -1 2515 5396 2531 -1 5396 2515 2532 -1 5799 5765 5662 -1 5762 3742 5763 -1 5764 5762 5763 -1 5764 5763 5650 -1 5660 5662 5765 -1 5770 5768 5773 -1 5396 2532 5620 -1 5776 5775 5777 -1 5674 5777 5628 -1 5674 5628 5780 -1 2532 2486 5627 -1 5620 2532 5627 -1 5773 5768 5621 -1 3731 3698 5806 -1 5806 3698 3733 -1 5773 5621 5789 -1 5799 5791 5790 -1 5790 5620 5627 -1 5798 5793 5791 -1 5620 5790 5629 -1 5799 5798 5791 -1 5662 5758 5799 -1 5462 5794 5788 -1 5788 5463 5462 -1 5505 5538 5202 -1 5238 5505 5202 -1 5105 5137 5220 -1 5220 5216 5236 -1 5105 5220 5236 -1 5238 5202 5170 -1 5236 5238 5170 -1 5105 5236 5170 -1 5105 5170 5139 -1 5807 5808 2542 -1 2542 5808 377 -1 2542 2568 5807 -1 369 2542 377 -1 5808 378 377 -1 2569 5807 2568 -1 5807 5809 5808 -1 5810 5808 5809 -1 5808 5810 378 -1 5809 5807 2569 -1 5810 541 378 -1 541 5811 470 -1 470 5811 557 -1 5809 2569 2587 -1 5810 5811 541 -1 557 5811 5812 -1 606 557 5812 -1 5809 2587 5813 -1 5813 5810 5809 -1 2587 2626 5813 -1 5814 5811 5810 -1 5814 5812 5811 -1 2626 2625 5815 -1 5814 5810 5813 -1 5816 5817 5814 -1 5817 5812 5814 -1 5818 606 5812 -1 2626 5815 5813 -1 5819 5813 5815 -1 5813 5819 5816 -1 5814 5813 5816 -1 5817 5818 5812 -1 606 5818 609 -1 5818 5817 5820 -1 5821 609 5818 -1 5815 2625 2677 -1 5816 5822 5817 -1 5823 5817 5822 -1 5820 5817 5823 -1 5815 2677 5819 -1 5819 5824 5822 -1 5819 5822 5816 -1 5820 5825 5818 -1 5821 5818 5825 -1 5826 2677 2692 -1 2677 5826 5819 -1 5819 5826 5824 -1 5822 5824 5827 -1 5823 5822 5828 -1 5829 5820 5823 -1 5830 5826 2692 -1 5822 5827 5828 -1 5823 5828 5829 -1 5829 5831 5820 -1 5820 5832 5825 -1 5820 5831 5832 -1 5830 5833 5826 -1 5824 5826 5833 -1 5834 5831 5828 -1 5829 5828 5831 -1 5830 2692 2726 -1 5827 5824 5833 -1 5832 5831 5834 -1 5830 5835 5833 -1 5836 5828 5827 -1 5828 5836 5837 -1 5837 5834 5828 -1 5835 5830 5838 -1 5836 5827 5833 -1 5839 5837 5836 -1 5833 5835 5839 -1 5836 5833 5839 -1 5837 5839 5840 -1 5839 5835 5841 -1 5840 5839 5841 -1 609 5821 720 -1 720 5821 744 -1 5825 744 5821 -1 778 5842 751 -1 751 5842 734 -1 778 5843 5842 -1 5842 784 734 -1 744 5825 5832 -1 5844 5843 778 -1 744 5844 775 -1 775 5844 778 -1 744 5832 5844 -1 5844 5832 5845 -1 5845 5832 5846 -1 784 5842 5847 -1 5834 5846 5832 -1 5844 5845 5848 -1 784 5847 5849 -1 800 5850 807 -1 5846 5851 5845 -1 5851 5852 5845 -1 5844 5848 5843 -1 5853 5843 5848 -1 5843 5853 5847 -1 5842 5843 5847 -1 5849 5850 784 -1 800 784 5850 -1 5837 5854 5834 -1 5846 5855 5851 -1 5845 5852 5848 -1 5848 5852 5853 -1 5847 5856 5849 -1 807 5850 5857 -1 5846 5834 5858 -1 5855 5846 5858 -1 5853 5859 5860 -1 5853 5860 5847 -1 5857 5850 5849 -1 5857 5861 807 -1 5853 5852 5859 -1 5858 5834 5854 -1 5854 5855 5858 -1 5852 5851 5862 -1 5862 5859 5852 -1 5856 5857 5849 -1 5851 5855 5863 -1 5860 5856 5847 -1 5837 5840 5854 -1 5863 5855 5864 -1 5862 5851 5863 -1 5865 5857 5856 -1 5854 5866 5855 -1 5859 5862 5867 -1 5868 5860 5859 -1 5866 5854 5869 -1 5855 5866 5864 -1 5859 5867 5868 -1 5840 5869 5854 -1 5866 5869 5870 -1 5871 5867 5862 -1 5862 5863 5871 -1 5867 5871 5872 -1 5860 5868 5873 -1 5873 5856 5860 -1 5866 5870 5874 -1 5864 5866 5874 -1 5868 5867 5872 -1 5856 5875 5876 -1 5870 5869 5877 -1 5863 5864 5878 -1 5879 5863 5878 -1 5879 5871 5863 -1 5873 5875 5856 -1 5865 5856 5876 -1 5864 5874 5878 -1 5879 5880 5871 -1 5880 5872 5871 -1 5865 5876 5881 -1 5882 5883 5874 -1 5878 5874 5883 -1 5883 5879 5878 -1 5877 5884 5870 -1 5870 5884 5874 -1 5884 5882 5874 -1 5885 5886 5887 -1 5882 5884 5886 -1 5885 5882 5886 -1 5879 5883 5888 -1 5880 5879 5888 -1 5872 5880 5889 -1 5872 5890 5868 -1 5890 5873 5868 -1 5875 5873 5891 -1 5892 5876 5875 -1 5881 5876 5892 -1 5883 5882 5893 -1 5889 5880 5894 -1 5891 5873 5895 -1 5892 5875 5891 -1 5887 5896 5885 -1 5893 5888 5883 -1 5880 5888 5894 -1 5890 5872 5889 -1 5895 5873 5890 -1 5897 5885 5896 -1 5882 5885 5897 -1 5893 5882 5897 -1 5895 5890 5898 -1 5891 5895 5899 -1 5892 5891 5900 -1 5888 5893 5901 -1 5888 5901 5894 -1 5902 5889 5894 -1 5890 5889 5898 -1 5903 5904 5896 -1 5897 5896 5904 -1 5893 5897 5904 -1 5904 5905 5893 -1 5901 5893 5905 -1 5899 5895 5898 -1 5891 5899 5900 -1 5904 5903 5906 -1 5902 5894 5901 -1 5898 5889 5907 -1 5905 5904 5906 -1 5901 5905 5908 -1 5902 5901 5909 -1 5899 5898 5910 -1 5905 5906 5911 -1 5908 5909 5901 -1 5889 5902 5907 -1 5912 5898 5907 -1 5913 5911 5906 -1 5908 5905 5911 -1 5907 5902 5909 -1 5914 5898 5912 -1 5910 5898 5914 -1 5900 5899 5915 -1 5913 5906 5916 -1 5915 5899 5910 -1 5917 5909 5908 -1 5912 5918 5914 -1 5910 5914 5919 -1 5916 5906 5920 -1 5921 5913 5916 -1 5909 5917 5922 -1 5907 5909 5922 -1 5923 5914 5918 -1 5919 5914 5923 -1 5924 5915 5910 -1 5915 5924 5925 -1 5921 5916 5920 -1 5908 5911 5917 -1 5919 5924 5910 -1 5926 5913 5921 -1 5911 5913 5926 -1 5917 5911 5926 -1 5912 5907 5927 -1 5920 5928 5929 -1 5917 5930 5922 -1 5927 5907 5922 -1 5931 5923 5918 -1 5932 5925 5924 -1 5933 5918 5934 -1 5921 5920 5929 -1 5935 5927 5922 -1 5927 5934 5912 -1 5918 5912 5934 -1 5918 5933 5931 -1 5936 5924 5919 -1 5924 5936 5932 -1 5935 5934 5927 -1 5917 5926 5937 -1 5926 5921 5937 -1 5930 5917 5937 -1 5938 5923 5931 -1 5919 5923 5936 -1 5937 5921 5939 -1 5922 5930 5940 -1 5935 5922 5941 -1 5923 5942 5936 -1 5942 5943 5936 -1 5943 5932 5936 -1 5940 5941 5922 -1 5944 5935 5941 -1 5944 5934 5935 -1 5934 5945 5933 -1 5942 5923 5938 -1 5930 5937 5940 -1 5946 5933 5945 -1 5937 5939 5947 -1 5944 5945 5934 -1 5931 5933 5946 -1 5945 5944 5948 -1 5945 5948 5946 -1 5949 5931 5946 -1 5950 5943 5942 -1 5940 5937 5947 -1 5951 5940 5947 -1 5944 5941 5952 -1 5938 5931 5949 -1 5941 5940 5951 -1 5948 5944 5952 -1 5949 5946 5948 -1 5952 5941 5951 -1 815 807 5861 -1 5861 5857 5953 -1 815 5861 5954 -1 5861 5953 5954 -1 5954 837 815 -1 5953 5857 5865 -1 5955 5954 5953 -1 837 5954 5955 -1 5956 5955 5953 -1 5956 5953 5865 -1 852 837 5955 -1 5957 5955 5956 -1 852 5955 5958 -1 5957 5958 5955 -1 859 852 5959 -1 5958 5959 852 -1 5960 859 5959 -1 5961 5959 5958 -1 5956 5865 5881 -1 866 859 5960 -1 863 866 5960 -1 5958 5957 5962 -1 5961 5958 5962 -1 5960 869 863 -1 5957 5956 5881 -1 5961 5963 5959 -1 5963 5960 5959 -1 5957 5881 5964 -1 5964 5881 5892 -1 5957 5964 5965 -1 5962 5957 5965 -1 5961 5962 5966 -1 5964 5892 5900 -1 5967 5962 5965 -1 5968 869 5960 -1 875 869 5968 -1 5969 5965 5964 -1 5962 5967 5966 -1 5968 5960 5970 -1 5971 5968 5970 -1 873 874 5972 -1 874 875 5972 -1 5966 5973 5961 -1 5961 5973 5974 -1 5963 5961 5974 -1 5960 5963 5970 -1 873 4505 872 -1 875 5968 5975 -1 5975 5972 875 -1 5900 5969 5964 -1 5976 5973 5966 -1 5963 5974 5970 -1 5975 5968 5971 -1 5972 5975 5977 -1 5900 5978 5969 -1 5967 5965 5969 -1 5979 5976 5966 -1 5972 5980 873 -1 4505 873 5980 -1 5981 5967 5969 -1 5966 5967 5979 -1 5975 5971 5982 -1 5983 5977 5975 -1 5980 5972 5977 -1 5974 5973 5971 -1 5984 5975 5982 -1 5975 5984 5983 -1 5978 5900 5915 -1 5967 5981 5985 -1 5967 5985 5979 -1 5971 5970 5974 -1 5986 5971 5973 -1 5978 5981 5969 -1 5986 5973 5976 -1 5977 5983 5987 -1 5988 5979 5985 -1 5979 5989 5976 -1 5986 5976 5989 -1 5971 5986 5982 -1 5990 5982 5991 -1 5990 5984 5982 -1 5984 5992 5983 -1 5983 5992 5987 -1 5978 5915 5993 -1 5993 5981 5978 -1 5993 5985 5981 -1 5989 5979 5994 -1 5995 5986 5989 -1 5991 5986 5995 -1 5991 5982 5986 -1 4555 5980 5977 -1 4505 5980 4555 -1 5915 5925 5993 -1 5996 5993 5997 -1 5996 5985 5993 -1 5996 5998 5985 -1 5985 5998 5988 -1 5994 5979 5988 -1 5999 5990 5991 -1 5993 5925 5997 -1 4555 5977 5987 -1 5990 5999 5984 -1 5984 5999 5992 -1 5996 5997 6000 -1 5996 6000 5998 -1 5988 5998 6001 -1 5989 5994 6002 -1 5995 5989 6002 -1 5999 5991 5995 -1 5988 6001 6003 -1 5995 6004 5999 -1 5987 5992 6005 -1 5994 5988 6003 -1 5994 6003 6002 -1 6004 5995 6002 -1 6005 5992 5999 -1 5997 5925 6006 -1 6000 5997 6006 -1 5998 6000 6007 -1 6008 5987 6005 -1 5932 6006 5925 -1 6001 5998 6007 -1 6004 6009 5999 -1 5999 6009 6005 -1 6007 6000 6006 -1 6010 6004 6002 -1 6011 6005 6009 -1 6008 6005 6011 -1 5943 6006 5932 -1 6002 6003 6010 -1 6012 6007 6006 -1 6001 6007 6013 -1 6013 6014 6001 -1 6003 6001 6014 -1 6015 6004 6010 -1 6004 6015 6016 -1 6004 6016 6009 -1 5943 6017 6006 -1 6017 6012 6006 -1 6012 6017 6018 -1 6007 6012 6013 -1 6010 6003 6014 -1 6017 5943 5950 -1 6019 6014 6013 -1 6020 6010 6014 -1 6009 6016 6021 -1 6009 6021 6011 -1 6017 6022 6018 -1 6013 6012 6023 -1 6015 6010 6020 -1 6024 6016 6015 -1 6022 6017 5950 -1 6021 6016 6024 -1 6018 6023 6012 -1 6013 6023 6019 -1 6023 6018 6022 -1 6024 6015 6020 -1 6019 6023 6025 -1 6026 6024 6020 -1 6023 6022 6025 -1 6020 6014 6027 -1 6014 6019 6027 -1 6028 6024 6026 -1 6021 6024 6028 -1 6022 6029 6025 -1 6019 6025 6030 -1 6019 6030 6027 -1 6020 6031 6026 -1 6031 6020 6027 -1 6029 6030 6025 -1 6032 6026 6031 -1 6028 6026 6032 -1 6030 6029 6033 -1 6033 6034 6030 -1 6034 6027 6030 -1 6035 6027 6034 -1 6035 6034 6036 -1 6031 6027 6035 -1 6035 6037 6031 -1 6034 6033 6036 -1 6032 6031 6037 -1 6038 6035 6036 -1 6037 6035 6038 -1 4555 6039 4560 -1 6039 4555 5987 -1 5987 6008 6039 -1 6040 6041 6011 -1 6008 6011 6041 -1 4560 6039 4606 -1 6039 6008 6041 -1 6039 6041 4606 -1 6011 6021 6040 -1 4606 6041 6042 -1 6041 6040 6043 -1 6044 6040 6045 -1 6043 6040 6044 -1 4606 6042 4651 -1 6040 6021 6045 -1 6041 6043 6042 -1 6045 6021 6028 -1 6044 6045 6046 -1 6047 6043 6044 -1 6047 6042 6043 -1 6042 4674 4651 -1 6047 6044 6046 -1 6046 6045 6028 -1 6047 6048 6042 -1 6049 6048 6047 -1 6028 6032 6050 -1 6047 6046 6049 -1 6042 6048 4674 -1 6050 6046 6028 -1 6048 6051 4674 -1 4675 4674 6051 -1 4741 4675 6051 -1 6052 6032 6037 -1 6050 6032 6052 -1 6049 6046 6053 -1 6048 6049 6054 -1 6050 6052 6055 -1 6056 6048 6054 -1 6051 6048 6056 -1 6051 6056 4741 -1 6050 6053 6046 -1 6055 6053 6050 -1 6053 6054 6049 -1 4790 4741 6056 -1 6052 6037 6057 -1 6038 6057 6037 -1 6058 6059 6060 -1 6061 6062 6063 -1 6062 6055 6063 -1 6054 6053 6064 -1 5152 5162 6065 -1 6061 6059 6066 -1 6060 6059 6061 -1 6063 6057 6060 -1 6063 6060 6061 -1 6067 6062 6061 -1 6055 6062 6067 -1 6067 6053 6055 -1 6052 6057 6063 -1 6063 6055 6052 -1 6068 6069 6070 -1 6053 6067 6064 -1 6071 4830 4810 -1 6058 6057 6072 -1 4790 6056 6073 -1 6060 6057 6058 -1 6061 6066 6074 -1 6074 6069 6067 -1 6064 6067 6069 -1 6069 6068 6075 -1 6054 6076 6056 -1 6070 6077 6078 -1 6073 6075 6071 -1 6070 6069 6074 -1 6073 6056 6076 -1 6067 6061 6074 -1 6073 4810 4790 -1 6075 6064 6069 -1 6076 6054 6064 -1 5205 6079 6080 -1 6079 5205 4806 -1 6066 6081 6082 -1 6082 6081 6083 -1 6079 6084 6080 -1 6084 4830 6085 -1 6066 6082 6074 -1 6085 4830 6071 -1 6083 6086 6082 -1 6074 6082 6086 -1 6079 4830 6084 -1 6087 6088 6083 -1 4830 6079 4806 -1 6089 6065 6090 -1 6065 6080 6090 -1 6088 6077 6083 -1 6077 6088 6078 -1 6086 6083 6077 -1 6086 6077 6070 -1 6074 6086 6070 -1 6065 5205 6080 -1 5162 5205 6065 -1 6076 6075 6073 -1 4810 6073 6071 -1 6087 6091 6088 -1 6089 6090 6091 -1 6091 6090 6080 -1 6088 6091 6078 -1 6085 6070 6078 -1 6080 6078 6091 -1 6080 6084 6078 -1 6085 6078 6084 -1 6068 6070 6085 -1 6068 6085 6075 -1 6071 6075 6085 -1 6064 6075 6076 -1 6092 6093 5928 -1 5929 5928 6093 -1 6094 5929 6093 -1 5921 5929 6094 -1 6094 5939 5921 -1 6095 5942 5938 -1 6096 6097 6092 -1 5947 5939 6094 -1 6095 5950 5942 -1 6097 6093 6092 -1 6098 5947 6094 -1 5949 5948 6099 -1 5951 5947 6098 -1 5952 5951 6100 -1 5948 5952 6100 -1 6100 6099 5948 -1 6101 6096 6102 -1 6094 6093 6103 -1 6094 6104 6098 -1 6100 5951 6098 -1 6095 5938 6105 -1 6097 6096 6101 -1 6103 6093 6097 -1 6022 5950 6106 -1 6104 6094 6107 -1 6098 6108 6100 -1 6109 5949 6099 -1 5938 5949 6105 -1 6095 6106 5950 -1 6103 6107 6094 -1 6105 5949 6109 -1 6095 6105 6110 -1 6106 6111 6022 -1 6111 6029 6022 -1 6112 6100 6108 -1 6095 6110 6106 -1 6108 6098 6104 -1 6102 6113 6101 -1 6107 6114 6104 -1 6115 6104 6114 -1 6100 6112 6099 -1 6101 6113 6116 -1 6117 6097 6101 -1 6103 6097 6117 -1 6106 6110 6118 -1 6118 6119 6106 -1 6117 6101 6116 -1 6106 6119 6111 -1 6103 6117 6120 -1 6111 6033 6029 -1 6107 6103 6120 -1 6109 6099 6121 -1 6105 6109 6122 -1 6123 6108 6104 -1 6099 6112 6121 -1 6105 6124 6110 -1 6118 6110 6124 -1 6116 6113 6125 -1 6115 6123 6104 -1 6126 6109 6121 -1 6105 6122 6127 -1 6105 6127 6124 -1 6116 6125 6128 -1 6116 6120 6117 -1 6107 6120 6129 -1 6114 6107 6129 -1 6112 6108 6123 -1 6121 6112 6130 -1 6109 6126 6122 -1 6128 6125 6131 -1 6128 6120 6116 -1 6132 6115 6114 -1 6125 6133 6131 -1 6111 6119 6134 -1 6134 6033 6111 -1 6115 6132 6135 -1 6123 6115 6135 -1 6112 6123 6130 -1 6124 6127 6136 -1 6137 6131 6133 -1 6131 6138 6128 -1 6120 6128 6138 -1 6033 6134 6139 -1 6036 6033 6139 -1 6114 6129 6132 -1 6140 6123 6135 -1 6130 6123 6140 -1 6126 6121 6130 -1 6127 6122 6141 -1 6126 6141 6122 -1 6127 6142 6136 -1 6124 6136 6118 -1 6120 6138 6129 -1 6135 6132 6143 -1 6137 6144 6131 -1 6144 6137 6145 -1 6131 6144 6138 -1 6134 6119 6146 -1 6129 6138 6147 -1 6132 6129 6147 -1 6135 6143 6140 -1 6118 6146 6119 -1 6126 6148 6141 -1 6138 6144 6149 -1 6150 6147 6138 -1 6132 6147 6151 -1 6132 6151 6152 -1 6143 6132 6152 -1 6118 6153 6146 -1 6145 6149 6144 -1 6154 6139 6134 -1 6140 6155 6130 -1 6036 6139 6154 -1 6148 6130 6155 -1 6130 6148 6126 -1 6156 6141 6148 -1 6149 6157 6138 -1 6141 6158 6127 -1 6118 6136 6153 -1 6147 6150 6151 -1 6151 6150 6159 -1 6154 6134 6146 -1 6159 6152 6151 -1 6155 6143 6152 -1 6140 6143 6155 -1 6160 6161 6162 -1 6158 6141 6156 -1 6158 6142 6127 -1 6163 6149 6145 -1 6153 6136 6142 -1 6157 6150 6138 -1 6164 6150 6165 -1 6159 6150 6164 -1 6166 6142 6167 -1 6160 6168 6169 -1 6169 6170 6160 -1 6146 6153 6166 -1 6146 6166 6154 -1 6170 6171 6160 -1 6160 6171 6161 -1 6172 6036 6154 -1 6036 6172 6038 -1 6152 6159 6173 -1 6057 6038 6172 -1 6152 6173 6155 -1 6155 6173 6162 -1 6174 6164 6165 -1 6162 6168 6160 -1 6159 6164 6174 -1 6159 6174 6175 -1 6173 6159 6175 -1 6148 6162 6161 -1 6176 6145 6177 -1 6176 6163 6145 -1 6178 6148 6161 -1 6175 6179 6180 -1 6174 6179 6175 -1 6176 6177 6181 -1 6162 6148 6155 -1 6163 6157 6149 -1 6180 6173 6175 -1 6182 6183 6184 -1 6150 6157 6165 -1 6183 6182 6185 -1 6178 6161 6186 -1 6178 6156 6148 -1 6142 6158 6167 -1 6187 6181 6177 -1 6188 6189 6190 -1 6191 6190 6189 -1 6187 6192 6193 -1 6190 6194 6188 -1 6195 6188 6194 -1 6170 6196 6197 -1 6170 6197 6171 -1 6193 6198 6199 -1 6181 6187 6193 -1 6199 6198 6200 -1 6193 6199 6181 -1 6200 6181 6199 -1 6174 6165 6201 -1 6163 6176 6165 -1 6163 6165 6157 -1 6161 6171 6186 -1 6176 6181 6200 -1 6176 6200 6201 -1 6165 6176 6201 -1 6171 6197 6202 -1 6201 6200 6179 -1 6203 6198 6204 -1 6197 6205 6183 -1 6200 6198 6203 -1 6202 6197 6183 -1 6183 6185 6202 -1 6179 6174 6201 -1 6206 6207 6208 -1 6166 6172 6154 -1 6173 6180 6168 -1 6193 6192 6209 -1 6203 6204 6210 -1 6186 6156 6178 -1 6209 6207 6206 -1 6193 6209 6211 -1 6206 6212 6209 -1 6209 6212 6211 -1 6213 6158 6186 -1 6210 6191 6203 -1 6212 6214 6211 -1 6186 6158 6156 -1 6194 6214 6212 -1 6191 6210 6190 -1 6180 6179 6169 -1 6168 6180 6169 -1 6153 6142 6166 -1 6203 6191 6215 -1 6191 6196 6215 -1 6170 6215 6196 -1 6169 6215 6170 -1 6168 6162 6173 -1 6194 6212 6216 -1 6190 6214 6194 -1 6210 6214 6190 -1 6191 6217 6196 -1 6189 6217 6191 -1 6189 6188 6218 -1 6217 6218 6219 -1 6189 6218 6217 -1 6194 6216 6195 -1 6196 6217 6205 -1 6197 6196 6205 -1 6198 6193 6211 -1 6186 6171 6202 -1 6220 6221 6195 -1 6195 6222 6188 -1 6195 6221 6222 -1 6222 6219 6218 -1 6222 6221 6219 -1 6206 6223 6224 -1 6223 6225 6224 -1 6219 6226 6217 -1 6227 6221 6228 -1 6205 6217 6226 -1 6226 6229 6205 -1 6221 6226 6219 -1 6224 6225 6230 -1 6226 6221 6227 -1 6231 6212 6230 -1 6204 6198 6211 -1 6224 6212 6206 -1 6212 6224 6230 -1 6203 6179 6200 -1 6229 6226 6227 -1 6215 6179 6203 -1 6204 6211 6214 -1 6204 6214 6210 -1 6179 6215 6169 -1 6183 6205 6184 -1 6186 6202 6185 -1 6184 6205 6229 -1 6186 6185 6213 -1 6188 6222 6218 -1 6231 6216 6212 -1 6232 6220 6231 -1 6216 6231 6220 -1 6195 6216 6220 -1 6221 6220 6228 -1 5220 5137 6233 -1 5137 5117 6234 -1 5117 5152 6234 -1 6235 6058 6236 -1 6237 6238 6235 -1 6235 6238 6058 -1 6058 6238 6059 -1 6239 6182 6240 -1 6185 6182 6241 -1 6240 6182 6229 -1 6242 6243 6167 -1 6167 6158 6242 -1 6242 6244 6243 -1 6243 6244 6245 -1 6243 6166 6167 -1 6246 6236 6072 -1 6072 6236 6058 -1 6245 6244 6247 -1 6245 6235 6236 -1 6237 6248 6238 -1 6238 6248 6059 -1 6245 6247 6249 -1 6250 6247 6244 -1 6247 6250 6251 -1 6245 6249 6235 -1 6252 6239 6240 -1 6235 6249 6237 -1 6241 6182 6239 -1 6252 6253 6239 -1 5137 6234 6233 -1 6239 6253 6254 -1 6066 6059 6248 -1 6255 6244 6242 -1 6256 5152 6065 -1 6166 6243 6246 -1 6184 6229 6182 -1 6172 6166 6246 -1 6243 6236 6246 -1 6236 6243 6245 -1 6246 6072 6172 -1 6172 6072 6057 -1 6255 6257 6244 -1 6244 6257 6250 -1 6258 6250 6257 -1 6250 6259 6251 -1 6247 6251 6249 -1 6248 6249 6251 -1 6249 6248 6237 -1 6260 6258 6261 -1 6260 6261 6262 -1 6263 5220 6233 -1 6241 6264 6185 -1 6265 6185 6264 -1 6266 6233 6234 -1 6264 6241 6254 -1 6254 6241 6239 -1 6260 6250 6258 -1 6259 6250 6260 -1 6259 6260 6267 -1 6264 6268 6257 -1 6253 6269 6270 -1 6270 6271 6253 -1 6213 6265 6255 -1 6158 6213 6255 -1 6265 6264 6257 -1 6265 6257 6255 -1 6255 6242 6158 -1 6213 6185 6265 -1 6272 6273 6274 -1 5226 5214 6275 -1 6269 6272 6276 -1 6253 6272 6269 -1 6277 6278 5218 -1 6279 6278 6277 -1 6279 6233 6261 -1 6270 6269 5241 -1 5241 5242 6270 -1 6260 6262 6267 -1 6261 6233 6266 -1 6261 6266 6262 -1 5242 5226 6270 -1 6275 5214 5218 -1 6274 6228 6280 -1 6227 6273 6240 -1 6263 5218 5220 -1 6228 6274 6273 -1 6229 6227 6240 -1 6263 6277 5218 -1 6279 6277 6263 -1 6273 6272 6240 -1 6240 6272 6252 -1 6280 6281 6274 -1 6279 6263 6233 -1 6272 6274 6281 -1 6234 5152 6256 -1 6252 6272 6253 -1 6259 6282 6251 -1 6248 6251 6282 -1 6281 6276 6272 -1 6271 6254 6253 -1 6282 6259 6267 -1 6283 6267 6262 -1 6266 6087 6283 -1 6282 6267 6081 -1 6264 6254 6268 -1 6283 6081 6267 -1 6083 6081 6283 -1 6283 6087 6083 -1 6066 6248 6282 -1 6081 6066 6282 -1 6268 6284 6285 -1 6268 6285 6258 -1 6266 6286 6087 -1 6091 6087 6286 -1 6091 6286 6089 -1 6257 6268 6258 -1 6227 6228 6273 -1 5226 6271 6270 -1 6269 6276 5241 -1 6278 6271 6275 -1 6284 6271 6278 -1 6275 6271 5226 -1 6258 6285 6284 -1 5230 5233 6276 -1 6278 6279 6284 -1 6258 6284 6279 -1 6279 6261 6258 -1 5241 6276 5233 -1 6283 6262 6266 -1 6278 6275 5218 -1 5212 5241 5233 -1 6286 6234 6256 -1 6266 6234 6286 -1 5242 5247 5226 -1 6286 6256 6089 -1 6089 6256 6065 -1 6254 6284 6268 -1 6254 6271 6284 -1 6281 5230 6276 -1 6287 2996 6288 -1 6289 6287 6288 -1 6288 2996 2999 -1 6288 6290 6289 -1 6288 6291 6290 -1 6292 6290 6293 -1 6294 6292 6293 -1 6295 6294 6293 -1 2999 6296 6288 -1 6288 6296 6291 -1 6293 6290 6297 -1 6293 6298 6295 -1 2999 3030 6296 -1 6290 6291 6297 -1 6293 6299 6298 -1 6299 6300 6298 -1 6301 6300 6299 -1 6302 6300 6301 -1 6301 6303 6302 -1 6297 6299 6293 -1 6304 6302 6303 -1 6305 6291 6296 -1 3030 6306 6296 -1 6305 6296 6306 -1 6307 6299 6297 -1 6301 6299 6307 -1 6306 3030 3051 -1 6303 6301 6308 -1 3051 6309 6306 -1 6297 6291 6310 -1 6307 6297 6310 -1 6301 6307 6308 -1 6311 6308 6192 -1 6303 6308 6311 -1 6310 6291 6305 -1 6308 6307 6312 -1 6305 6306 6313 -1 6310 6305 6313 -1 6304 6303 6177 -1 6308 6312 6314 -1 6313 6306 6309 -1 6145 6304 6177 -1 6314 6192 6308 -1 6309 3051 3069 -1 6312 6307 6315 -1 6303 6311 6177 -1 6208 6314 6312 -1 6314 6209 6192 -1 6313 6309 6316 -1 6317 6310 6313 -1 6307 6310 6317 -1 6315 6307 6317 -1 6312 6315 6208 -1 6187 6177 6311 -1 6192 6187 6311 -1 6318 6319 6320 -1 6208 6315 6321 -1 6322 6206 6208 -1 6208 6207 6314 -1 6209 6314 6207 -1 3069 6316 6309 -1 6316 3069 3075 -1 6313 6316 6317 -1 6315 6317 6323 -1 6323 6321 6315 -1 6318 6324 6325 -1 6318 6320 6326 -1 6327 6326 6320 -1 6328 6319 6329 -1 6319 6327 6320 -1 6321 6330 6331 -1 6208 6321 6331 -1 6322 6208 6331 -1 6332 6223 6322 -1 6206 6322 6223 -1 6223 6332 6225 -1 6225 6332 6333 -1 6225 6333 6230 -1 6334 6331 6330 -1 6335 6332 6322 -1 6333 6332 6336 -1 6337 6338 6339 -1 6323 6340 6338 -1 6321 6338 6330 -1 6323 6338 6321 -1 6341 6318 6326 -1 6319 6318 6325 -1 6330 6338 6342 -1 6334 6330 6342 -1 6343 6335 6322 -1 6322 6331 6343 -1 6336 6332 6335 -1 3075 6317 6316 -1 6344 3080 3079 -1 3096 3079 3078 -1 6345 6344 6340 -1 6317 3075 6345 -1 6345 6323 6317 -1 6323 6345 6340 -1 6340 6339 6338 -1 6346 6347 6348 -1 6324 6347 6349 -1 6324 6318 6341 -1 6329 6319 6325 -1 6337 6342 6338 -1 6341 6326 6342 -1 6342 6326 6334 -1 6350 6327 6319 -1 6350 6319 6328 -1 6344 6345 3082 -1 6345 3075 3082 -1 6340 6344 6339 -1 3079 6351 6344 -1 3079 6348 6351 -1 6348 6347 6351 -1 6351 6337 6339 -1 6337 6351 6341 -1 6324 6351 6347 -1 6351 6324 6341 -1 6346 6349 6347 -1 3079 3096 6348 -1 6325 6324 6349 -1 6342 6337 6341 -1 6352 6346 6348 -1 6327 6353 6326 -1 6350 6353 6327 -1 6326 6353 6334 -1 6331 6334 6353 -1 6353 6343 6331 -1 6350 6328 6354 -1 6354 6336 6355 -1 6355 6335 6343 -1 6355 6336 6335 -1 3080 6344 3082 -1 6344 6351 6339 -1 6348 6356 6352 -1 6357 6346 6352 -1 6346 6357 6358 -1 6358 6359 6346 -1 6349 6346 6359 -1 6325 6349 6329 -1 3095 6352 3094 -1 6343 6353 6350 -1 6350 6355 6343 -1 6360 3096 3091 -1 6354 6355 6350 -1 6360 3094 6361 -1 6361 6356 6360 -1 6361 3094 6352 -1 6352 6356 6361 -1 6356 3096 6360 -1 6348 3096 6356 -1 6357 6352 3095 -1 3095 6362 6357 -1 6360 3092 3094 -1 3091 3092 6360 -1 6363 6364 6365 -1 6366 6365 6367 -1 6364 6363 6368 -1 6366 6363 6365 -1 6367 6365 6369 -1 6368 6363 6366 -1 6370 6371 6372 -1 6364 6368 6373 -1 6365 6364 6374 -1 6371 6370 6375 -1 6372 6371 6376 -1 6369 6365 6374 -1 6375 6370 6377 -1 6370 6372 6378 -1 6379 6333 6378 -1 6231 6333 6379 -1 6333 6231 6230 -1 6380 6333 6336 -1 6380 6378 6333 -1 5290 6381 6382 -1 6383 6382 6381 -1 6374 6364 6373 -1 6384 6385 6386 -1 6379 6378 6372 -1 6376 6371 6375 -1 6372 6376 6387 -1 6384 6228 6232 -1 6232 6228 6220 -1 6388 6389 6390 -1 6391 6389 6382 -1 6389 6388 6382 -1 6375 6377 6392 -1 6375 6393 6376 -1 6382 6388 5290 -1 6379 6372 6387 -1 6381 5290 5256 -1 5228 6381 5256 -1 6376 6393 6390 -1 6384 6389 6391 -1 6376 6390 6389 -1 6387 6376 6389 -1 6384 6391 6385 -1 6228 6384 6386 -1 6232 6379 6387 -1 6231 6379 6232 -1 6280 6228 6386 -1 6391 6382 6383 -1 6383 6385 6391 -1 6232 6387 6389 -1 6383 6386 6385 -1 6389 6384 6232 -1 6280 6386 6281 -1 5228 6383 6381 -1 5228 5230 6383 -1 5230 6386 6383 -1 6281 6386 5230 -1 6377 6370 6354 -1 6370 6378 6354 -1 6394 6395 6377 -1 6329 6394 6377 -1 6377 6328 6329 -1 6354 6328 6377 -1 6336 6354 6380 -1 6354 6378 6380 -1 6395 6373 6368 -1 6368 6392 6395 -1 6396 6374 6373 -1 6397 6369 5350 -1 6392 6368 6366 -1 6366 6367 6392 -1 6392 6398 6375 -1 6398 6392 6399 -1 6397 6367 6369 -1 6392 6367 6397 -1 6393 6398 6400 -1 6401 6398 6399 -1 6401 6400 6398 -1 6393 6375 6398 -1 5363 6401 6399 -1 6401 5363 5287 -1 5364 5287 5363 -1 5287 5289 6401 -1 6401 6388 6400 -1 6388 6390 6400 -1 6401 5289 6388 -1 5290 6388 5289 -1 6349 6394 6329 -1 6349 6359 6394 -1 6395 6402 6396 -1 6394 6359 6402 -1 6402 6395 6394 -1 6403 5350 6396 -1 6396 5350 6374 -1 5350 6369 6374 -1 6403 5532 5351 -1 5351 5350 6403 -1 6396 6373 6395 -1 6395 6392 6377 -1 6397 6399 6392 -1 6399 6397 5363 -1 6393 6400 6390 -1 5350 5363 6397 -1 6359 6404 6402 -1 6405 6406 6407 -1 6359 6358 6408 -1 6359 6408 6409 -1 6409 6404 6359 -1 6404 6396 6402 -1 6404 6409 6403 -1 6396 6404 6403 -1 6405 6410 2497 -1 6357 6362 6407 -1 6407 6362 6410 -1 6410 6405 6407 -1 6357 6407 6358 -1 6358 6407 6406 -1 6405 6411 6406 -1 5532 6411 6412 -1 6408 6406 6411 -1 6406 6408 6358 -1 6408 6411 6409 -1 6409 6411 5532 -1 6409 5532 6403 -1 6410 2496 2497 -1 6405 2497 2505 -1 6362 3099 2496 -1 6362 3095 3099 -1 6362 2496 6410 -1 6411 6405 2505 -1 6412 6411 2505 -1 5741 6412 2504 -1 5532 6412 5741 -1 6412 2500 2504 -1 2505 2500 6412 -1 6413 5830 2726 -1 5838 5830 6413 -1 6413 2726 2720 -1 5838 6413 6414 -1 6413 2720 2781 -1 6414 6413 2781 -1 2810 6414 2781 -1 6415 5835 5838 -1 5835 6415 5841 -1 5838 6414 6415 -1 6415 6416 5841 -1 5840 5841 6417 -1 5869 5840 6417 -1 6418 5841 6416 -1 5841 6418 6417 -1 5869 6417 5877 -1 6416 6419 6418 -1 6415 6414 6420 -1 6420 6414 2810 -1 6416 6415 6420 -1 5877 6417 6421 -1 6416 6420 6422 -1 6416 6422 6419 -1 6417 6418 6421 -1 6423 5877 6421 -1 6423 5884 5877 -1 6418 6419 6421 -1 6424 6425 6423 -1 6421 6419 6426 -1 6421 6424 6423 -1 6421 6426 6424 -1 6427 6420 2810 -1 6419 6422 6428 -1 6429 6424 6430 -1 6419 6428 6430 -1 6426 6430 6424 -1 6422 6420 6427 -1 6419 6430 6426 -1 6430 6428 6431 -1 6430 6432 6429 -1 6432 6430 6431 -1 6433 6425 6434 -1 6425 6433 6423 -1 5886 6423 6433 -1 6423 5886 5884 -1 6435 6434 6425 -1 6424 6435 6425 -1 6434 6436 6433 -1 6433 6436 5887 -1 5886 6433 5887 -1 5896 5887 6436 -1 6435 6424 6429 -1 6436 6434 6437 -1 5896 6436 5903 -1 6438 6436 6437 -1 6437 6434 6435 -1 6429 6439 6435 -1 6440 6438 6437 -1 6436 6438 6441 -1 5903 6436 6441 -1 6437 6439 6440 -1 6437 6435 6439 -1 6438 6442 6441 -1 6442 6438 6443 -1 6442 6444 6441 -1 5903 6441 6444 -1 6440 6443 6438 -1 6442 6443 6445 -1 5906 5903 6444 -1 6446 6440 6439 -1 6440 6446 6443 -1 6444 6442 6447 -1 6443 6446 6445 -1 5906 6444 6447 -1 6442 6445 6448 -1 6442 6448 6447 -1 6446 6439 6449 -1 6450 6445 6446 -1 6449 6450 6446 -1 6445 6450 6448 -1 6451 6422 6427 -1 6428 6422 6451 -1 6427 2810 2852 -1 6431 6428 6451 -1 6431 6451 6432 -1 6452 6427 2852 -1 6427 6452 6451 -1 6429 6432 6453 -1 6452 2852 2865 -1 6451 6452 6432 -1 6429 6453 6439 -1 6449 6439 6453 -1 6432 6452 6454 -1 6452 2865 2902 -1 6453 6432 6455 -1 2914 6452 2902 -1 6452 2914 6454 -1 6432 6454 6455 -1 6455 6456 6453 -1 6457 6455 6454 -1 6454 2914 6458 -1 6458 6457 6454 -1 6455 6457 6456 -1 6458 2914 2915 -1 6459 6460 6456 -1 6457 6461 6456 -1 6457 6458 6462 -1 2915 6463 6458 -1 6461 6459 6456 -1 6461 6457 6464 -1 6461 6464 6459 -1 6462 6464 6457 -1 5906 6447 5920 -1 5920 6447 5928 -1 6465 6450 6449 -1 6449 6466 6465 -1 6466 6449 6453 -1 6467 6448 6450 -1 6447 6448 6468 -1 6466 6453 6456 -1 6465 6466 6469 -1 6448 6467 6470 -1 6468 6448 6470 -1 6450 6465 6467 -1 6471 6472 6473 -1 6473 6465 6471 -1 6469 6471 6465 -1 6473 6467 6465 -1 6468 6470 6474 -1 6468 5928 6447 -1 6466 6456 6469 -1 6471 6469 6460 -1 6470 6467 6473 -1 6475 6476 6473 -1 6456 6460 6469 -1 6470 6473 6476 -1 6472 6475 6473 -1 6477 6470 6476 -1 6477 6474 6470 -1 5928 6468 6092 -1 6477 6476 6478 -1 6468 6474 6096 -1 6092 6468 6096 -1 6476 6475 6478 -1 6096 6474 6477 -1 6478 6479 6477 -1 6480 6479 6478 -1 6096 6477 6479 -1 6478 6475 6481 -1 6478 6481 6480 -1 6102 6479 6480 -1 6096 6479 6102 -1 6482 6483 6472 -1 6472 6484 6485 -1 6472 6471 6482 -1 6482 6471 6460 -1 6483 6484 6472 -1 6482 6460 2938 -1 6483 6482 2937 -1 6482 2938 2937 -1 6484 6483 6486 -1 6472 6485 6475 -1 2938 6460 6459 -1 6486 6483 2937 -1 6486 6487 6484 -1 6486 2937 6488 -1 2937 2944 6488 -1 2953 2938 6459 -1 6475 6485 6489 -1 6485 6484 6487 -1 6489 6485 6487 -1 2944 2964 6488 -1 6475 6489 6481 -1 6486 6488 6490 -1 6487 6486 6490 -1 6490 6488 2964 -1 6490 2964 6491 -1 6491 6492 6490 -1 6487 6490 6493 -1 6493 6489 6487 -1 6492 6493 6490 -1 6463 2915 2953 -1 6458 6463 6494 -1 6462 6458 6494 -1 2953 6495 6463 -1 2953 6459 6495 -1 6495 6494 6463 -1 2965 2967 6496 -1 2966 6494 2967 -1 2967 6494 6496 -1 6496 6494 6495 -1 6494 2966 6497 -1 6494 6497 6462 -1 6495 6459 6464 -1 6495 6464 6462 -1 6496 6491 2965 -1 2966 2983 6497 -1 6287 6497 2983 -1 6495 6462 6498 -1 6287 6462 6497 -1 6462 6287 6499 -1 2964 2965 6491 -1 6495 6500 6496 -1 6462 6499 6498 -1 6287 2983 2996 -1 6495 6498 6500 -1 6500 6491 6496 -1 6492 6491 6500 -1 6289 6499 6287 -1 6294 6295 6499 -1 6499 6292 6294 -1 6499 6295 6498 -1 6290 6292 6289 -1 6289 6292 6499 -1 6498 6501 6500 -1 6498 6295 6502 -1 6500 6501 6503 -1 6498 6502 6501 -1 6502 6503 6501 -1 6502 6300 6503 -1 6298 6502 6295 -1 6504 6503 6300 -1 6300 6502 6298 -1 6504 6300 6302 -1 6505 6504 6304 -1 6504 6302 6304 -1 6506 6493 6492 -1 6493 6507 6489 -1 6507 6481 6489 -1 6480 6481 6113 -1 6102 6480 6113 -1 6507 6493 6506 -1 6113 6481 6125 -1 6507 6125 6481 -1 6492 6508 6506 -1 6506 6133 6507 -1 6133 6125 6507 -1 6500 6508 6492 -1 6503 6508 6500 -1 6506 6509 6133 -1 6508 6509 6506 -1 6510 6508 6503 -1 6509 6508 6510 -1 6510 6503 6504 -1 6504 6505 6510 -1 6509 6510 6505 -1 6509 6505 6137 -1 6133 6509 6137 -1 6145 6137 6505 -1 6505 6304 6145 -1" solid="false">
    <Coordinate point="53.645 49.3808 -0.928815 55.737 48.516 -0.264361 54.3374 50.3741 -0.691029 52.7146 50.4924 -0.0677019 53.9435 43.3317 -0.0736203 55.9801 43.0686 -0.170389 54.89 45.5908 -0.166614 57.7065 44.8678 -0.25852 47.501 53.5508 -0.181979 48.4624 56.2783 -0.265195 46.3058 56.3137 -0.0455263 58.845 41.0488 -0.171595 56.6619 41.6005 -0.325159 57.3917 39.0205 -0.0490354 52.9214 48.6164 -0.379397 48.5108 53.9772 0.0735582 50.5919 55.0699 -0.334634 50.7484 59.0839 -0.308894 54.4243 58.73 -0.390403 53.0356 59.6285 -0.300183 50.4185 53.3155 -0.23657 55.232 60.1957 -0.311331 56.633 45.9763 0.11962 52.8363 35.5093 0.0233814 50.5926 34.421 0.0819501 52.2892 33.7473 0.00597238 52.0888 52.2576 0.0772274 54.0288 63.1355 -0.231202 53.4262 66.0126 0.15205 52.4497 63.4051 -0.22565 44.8584 56.2618 -0.0888807 46.3601 54.3221 0.000350089 54.3482 35.1062 0.230051 52.7401 53.0897 -0.470956 44.1822 53.6178 0.365592 57.9587 46.4747 0.306036 59.5742 46.4825 -0.0357324 50.2052 36.0148 0.383308 52.1257 37.3271 -0.018387 49.3906 37.4392 -0.0782214 58.3056 43.3583 0.0141694 59.2763 44.4845 -0.186637 52.3775 55.37 -0.488194 51.3531 38.7715 -0.141377 56.9257 48.3246 -0.451029 49.4141 61.6769 0.0201384 50.696 62.5491 -0.0973423 47.9458 63.6811 0.0196622 52.1338 38.8331 0.403843 58.8166 47.6969 0.196152 53.7938 55.0782 0.180907 48.7055 39.2632 0.0430616 56.4526 35.0866 -0.104406 56.0544 32.557 0.126341 50.1551 39.9076 0.297535 52.0582 57.0766 0.104613 55.6276 63.6645 -0.0738207 53.0504 41.2624 -0.186237 53.4182 38.5622 0.169307 55.8262 61.4574 0.31401 59.019 37.2003 -0.134936 61.5198 37.1481 -0.117246 60.5449 38.2545 -0.30367 58.1921 34.1773 0.0307972 55.7251 47.3418 0.415746 48.7026 65.2912 0.0654738 57.9672 35.391 0.138899 57.2064 37.6474 -0.207482 55.5185 37.9244 0.0972973 55.9436 36.8355 0.0538824 62.0574 38.9527 0.350038 51.5301 66.2218 0.277167 49.6613 45.369 -0.0588093 45.9645 46.3359 0.126525 47.5507 43.7644 0.183606 57.8567 48.5469 0.671057 60.3361 34.354 -0.112437 50.8034 42.9001 -0.170669 48.3279 42.7568 0.347892 48.872 41.6919 -0.0445823 49.9332 43.4 0.286194 50.7147 49.168 0.222938 50.5732 45.2061 0.0288091 51.059 50.702 0.200521 55.6954 40.0324 0.0886418 55.5439 39.1053 0.398765 54.5783 57.3108 0.420412 61.7798 33.5565 0.256499 62.1525 35.8482 -0.112792 60.776 41.0945 -0.207317 59.3356 39.6984 0.267891 55.4502 49.1237 0.945447 60.8793 42.8735 -0.028893 59.3363 42.6157 0.463138 58.5746 38.366 0.397609 60.3056 45.553 0.40654 61.4264 45.3555 -0.00512962 51.5963 41.0833 -0.234117 53.0426 61.1151 -0.00404557 53.8954 60.5214 0.29511 63.0925 39.3222 0.116102 63.6824 40.6662 -0.00791359 56.995 58.2302 0.433083 47.9901 58.0384 -0.157588 49.2642 59.1359 -0.203142 52.2577 43.2122 0.333723 54.7223 42.0954 0.330079 62.1617 42.4087 0.507548 51.1717 61.1237 0.112536 50.3398 57.2955 0.63726 47.0552 61.5293 0.0401065 46.3777 60.1965 0.0646717 52.5208 45.6598 -0.194704 53.081 47.2637 0.411344 54.1344 46.5594 0.259636 54.6922 64.1895 0.484604 54.1603 33.5812 0.748745 45.1869 38.38 0.0914342 46.7921 37.608 0.112724 47.0875 39.8923 0.561418 54.6808 66.1639 0.480447 45.4501 39.709 0.362391 59.6255 36.4276 0.362758 60.4754 36.1474 0.703617 42.7621 55.6507 0.775681 42.4213 57.0682 0.407567 56.8407 65.3041 1.01798 56.2129 66.0915 0.372501 62.9261 36.9167 0.467217 46.4697 62.9123 0.257031 53.7337 36.127 0.576847 54.9838 30.6694 0.470178 57.1641 29.3624 0.167844 56.8245 31.6537 0.580179 50.4603 60.8287 0.451468 61.177 39.6552 0.568005 59.1574 32.3887 0.515695 46.6954 57.3673 0.439917 59.6117 27.9395 0.430048 60.1406 31.2572 0.0545756 46.3682 64.3802 0.314921 48.9797 32.9264 0.393161 48.7642 34.9434 0.207529 52.1601 67.4435 0.106378 54.1871 68.9061 0.429283 45.0786 59.2998 0.065478 46.9148 42.2598 0.0502033 50.9267 51.301 1.44057 43.2519 45.4489 0.307153 44.5791 44.3332 0.354266 44.8714 41.9608 0.0653578 45.6729 44.5659 0.436525 49.9383 67.4714 0.0647478 47.5131 68.0661 0.352053 42.9503 59.74 0.165773 42.9449 58.4987 0.613486 52.1363 69.4324 0.339672 47.948 46.531 0.326334 46.536 47.4714 0.455248 44.9561 61.4964 0.415068 42.7645 61.2257 0.238556 49.8552 68.6557 0.383549 59.197 67.9601 0.586646 57.0366 67.3744 0.197638 58.8174 66.4246 0.293024 43.7819 52.1901 0.395484 61.5498 29.4693 -0.0907668 62.191 27.058 0.896779 62.5315 31.1473 0.024701 51.1089 47.0898 0.872152 50.3799 47.4565 0.55673 60.7523 32.0795 0.820347 48.9046 47.7053 0.0168493 42.4728 53.4103 0.191212 48.4963 49.2804 0.186544 49.0777 50.3138 0.148849 47.314 52.0366 0.250677 46.3406 48.697 0.195966 63.559 33.3501 0.270963 63.3889 35.5127 0.282394 49.0318 51.407 0.61845 46.0086 52.6299 0.505394 42.9916 41.9118 0.398768 42.9812 40.6992 1.02988 41.8935 40.8121 0.66816 42.6072 43.1936 0.390293 44.7384 34.5421 0.435963 45.2777 33.7414 0.414988 45.6674 35.369 0.718061 56.5882 68.9247 0.661611 55.7432 55.4122 0.598767 54.4635 53.3065 1.06259 52.6573 50.1152 1.02472 53.4785 30.9002 0.357554 55.3528 25.6026 0.342866 57.4911 25.0672 0.390756 56.4971 26.163 0.631642 43.5153 34.9985 0.425873 45.6177 36.4863 0.680583 47.0048 35.4236 0.133159 41.0729 59.2941 0.338301 59.2177 26.2027 0.581961 43.8612 43.0997 0.880652 57.1347 55.2269 0.760611 46.0385 29.337 0.555561 47.7308 29.9722 0.438877 43.9009 30.921 0.835008 54.9932 27.8019 0.7686 45.4948 31.3899 0.693068 65.2132 38.5872 0.663561 45.3152 50.4786 0.656829 44.0734 48.8812 0.447032 48.4097 36.0097 0.661675 60.0006 25.2573 0.771004 61.4633 24.7442 0.24574 60.4048 26.4135 0.920921 50.145 28.8418 0.541082 50.8781 30.7917 0.270929 39.9934 61.0034 0.434646 40.862 61.6794 1.12426 46.5737 50.1746 0.370145 42.1581 61.9376 0.424146 49.4133 31.6757 0.913266 63.331 24.7896 0.912458 42.5394 51.1141 0.673068 39.6176 45.4536 0.671444 41.5044 46.2869 0.493906 40.6315 37.5887 0.609225 43.8048 38.2518 0.332879 41.9994 39.9286 0.526302 41.8181 53.4278 0.645598 44.0315 61.9755 0.827811 41.4418 55.3521 1.07558 39.7412 58.0876 0.383725 56.9446 59.2352 0.842086 63.297 30.4188 0.990529 45.9162 61.6268 0.780575 39.8768 49.4462 0.759412 38.7127 42.5705 0.750573 61.0043 69.0578 0.354953 61.3544 71.0954 0.628338 59.449 71.6685 0.702935 40.9913 43.9284 1.07592 43.0198 32.9483 0.821355 51.6104 29.4317 0.74049 53.9265 29.1396 0.387559 37.4372 59.243 0.905725 44.6653 36.9418 0.961086 47.4072 49.9155 0.749624 44.3334 47.4635 0.499281 44.35 39.7554 0.732024 62.3837 32.9225 0.730344 47.5783 65.0522 0.660477 56.1059 27.4442 1.13202 46.5645 65.3046 0.107215 46.6471 67.0926 0.527436 46.1236 68.023 0.507515 51.4669 31.8738 0.504119 48.6138 70.0952 0.784622 46.669 70.0499 0.588796 46.308 72.2641 0.672809 48.8698 71.0318 0.598328 49.9016 74.5292 0.660617 41.8359 34.7189 0.594271 42.3093 36.0321 1.21066 44.1403 63.8349 0.255909 45.6603 62.7315 0.744862 50.039 52.1676 1.57484 44.9925 65.2533 0.993444 50.41 75.1707 0.814433 45.2396 76.7962 1.18932 39.4899 34.2595 0.901532 41.527 32.7192 1.37467 64.9652 36.4297 1.04335 43.5466 66.1178 0.565277 40.8788 35.9265 0.954742 37.3853 61.4496 0.763449 39.4732 62.26 0.77628 52.8495 50.7336 1.84261 44.5566 66.9154 0.400183 42.038 66.3996 1.08925 55.6342 68.9471 1.00706 44.1423 27.9208 1.04033 59.1788 46.5366 2.76614 41.3084 63.5936 0.64468 45.5237 67.3962 0.842963 64.8072 40.6085 1.3605 57.5168 69.4999 0.977418 42.7568 62.8362 1.05675 58.5761 57.3828 0.906147 62.7115 42.7614 1.40721 36.7983 64.5012 0.943689 38.2471 64.607 0.923354 38.4363 66.2175 0.889783 63.2346 32.3242 1.41675 64.1296 34.5994 1.17729 39.8185 65.1177 0.665035 43.9719 68.1553 0.684264 63.8365 41.7431 1.69334 58.9216 58.9463 1.16655 40.7601 39.1927 1.19468 44.691 69.5647 0.977782 41.2175 68.1591 0.747931 39.4357 46.6586 1.40143 51.3387 70.4276 0.957784 40.8111 48.3488 0.657385 34.5044 60.096 0.961626 56.3598 61.7139 1.30997 39.2839 41.3996 0.777403 53.6917 72.2371 0.922252 47.5263 28.2999 0.913273 50.9916 72.6031 0.654854 55.1982 71.7502 0.81974 50.555 69.6255 1.09744 38.4323 56.0932 1.4565 42.301 47.7655 1.12687 57.2161 21.4668 0.674079 54.4257 20.5634 0.79223 57.1675 19.8929 0.761684 56.5314 72.1458 0.523596 58.6778 71.3876 0.515027 44.2027 33.0807 0.982746 54.8131 22.3834 0.940359 56.8974 23.2778 1.00234 54.2735 23.7007 0.733484 55.4534 74.3403 1.0484 51.3057 26.0099 1.08129 52.9939 27.1567 0.726758 58.8326 74.1012 0.643742 52.8603 25.174 0.548472 52.6502 23.6601 1.07448 46.9255 74.6827 1.10684 45.4986 73.7357 0.872127 52.5653 72.452 1.14171 57.3485 75.7652 0.865823 50.1858 70.8464 1.23436 57.9814 22.2975 1.31304 58.7774 24.8252 0.304148 59.766 76.13 1.62807 59.6904 68.3385 0.988277 60.6887 19.4908 0.683975 60.7907 21.7586 0.733856 61.4721 74.9122 1.12313 62.5815 19.8552 0.794835 62.4239 21.3364 0.621548 52.1285 31.3675 0.886187 51.6646 74.1572 1.16061 52.0707 75.2594 0.840368 46.9539 25.7078 0.958038 49.0415 26.8571 1.37706 51.7567 77.1897 1.02607 58.7553 56.5287 1.52344 55.2374 18.5872 1.40626 45.6803 26.8871 1.31388 52.4812 74.9553 1.29943 53.3512 75.7506 1.24585 57.6495 18.2771 1.13541 54.5521 75.262 0.73825 39.0767 43.78 0.992454 37.9555 45.8263 0.880162 45.287 70.2859 1.1706 42.5897 71.0951 1.26933 51.0063 77.6496 1.25127 41.2774 65.9553 1.38976 40.0585 51.5687 1.27398 39.1248 52.6824 0.955016 42.3711 29.3926 0.829383 39.3261 29.0542 1.37903 41.3086 27.9153 1.56086 59.7588 18.4506 1.72575 50.4948 21.1771 0.850954 46.1272 19.8617 1.11006 49.7612 19.5179 1.16207 39.4596 54.9419 1.06021 58.8444 22.5452 1.10391 35.9486 64.8158 1.32168 47.28 21.4866 1.10896 63.7419 18.6867 1.55039 64.3372 19.566 1.13706 56.8294 64.5257 1.87392 49.4646 22.1474 1.05849 52.0126 19.752 0.964389 53.4961 21.9982 0.757675 38.0768 49.0502 0.960826 38.787 46.8839 1.16372 43.1298 72.2137 0.919702 60.6938 22.6754 1.04204 38.0513 36.4583 1.24885 36.0799 35.1561 1.21111 63.6112 22.9531 1.2031 39.1467 68.0492 1.17581 39.5867 32.037 1.23889 64.7134 21.2778 1.32875 43.5894 73.2697 0.95041 59.2969 65.6428 1.87669 56.4369 76.5505 1.35953 39.2568 50.66 0.943372 33.777 57.4123 1.68843 61.1404 68.2419 1.3062 49.8788 25.3083 1.15024 51.9454 22.2385 1.04365 39.1468 69.484 1.18757 41.7191 69.7147 1.4191 60.8678 43.9672 1.50179 47.0764 70.7628 1.2624 34.9189 38.8548 1.21356 37.6848 38.3118 1.05286 36.897 40.6035 1.08362 63.0501 29.0169 1.33309 44.9734 75.0907 1.36556 39.2198 35.9082 1.42259 37.7783 62.4407 1.51491 39.6329 39.1388 1.04618 37.9258 41.2789 1.49432 47.9535 77.4307 1.26712 48.639 23.9914 1.31659 50.3602 22.5688 1.39838 50.9259 23.3262 1.08945 64.864 31.9916 1.33749 64.7786 29.9378 1.21 59.5625 55.9254 1.74226 36.7496 37.2146 1.84431 40.6621 72.6149 1.29961 41.8737 72.1677 1.43693 54.6918 74.4738 1.94672 49.7532 76.902 1.92443 42.4079 74.4078 1.16225 37.217 47.3023 1.46347 35.8304 46.0178 1.28135 35.5999 40.2719 1.3635 35.3816 54.1688 1.41882 37.8606 52.7076 1.16915 55.0177 77.6987 1.36611 36.1848 49.7207 1.16078 53.3252 77.7005 2.09192 39.6301 66.6919 1.69526 60.0376 58.5698 1.66953 65.0245 39.3719 1.88717 63.2549 26.1986 1.5186 43.0589 25.0643 1.05022 37.1316 69.2786 1.26827 58.9656 18.381 1.7579 36.064 56.6615 1.58088 36.9926 50.5175 1.43992 44.7407 21.8783 1.27153 61.964 76.4959 1.18926 35.1187 41.9735 1.14986 46.9058 22.2043 1.0682 64.9138 73.9804 1.84641 38.0533 50.4413 1.75361 54.6945 72.7997 1.42695 59.5222 45.2334 2.62011 43.3301 75.4311 2.09565 50.9203 17.5921 2.01123 36.5135 42.6813 1.05781 45.61 22.6423 1.70954 52.773 18.7001 1.92217 40.31 70.287 1.16725 34.9769 43.1763 1.73651 52.0548 78.0845 1.05436 50.4166 80.2028 1.61273 37.627 32.5094 1.83322 47.8408 18.8395 1.78598 47.159 23.8769 1.53194 45.7495 24.136 1.2097 44.3581 22.8768 1.37681 44.0348 26.5258 1.56509 59.0559 60.7496 1.70157 43.7142 77.2327 1.44911 60.1587 62.449 1.36157 65.3199 20.9779 2.07634 54.822 52.0715 2.5249 59.8393 63.045 1.31003 45.4847 78.6219 2.01692 35.7542 52.3992 1.9727 34.0585 42.0476 1.63272 64.4643 23.1059 2.05068 35.1568 44.8121 1.35869 47.9145 79.0192 1.31953 35.3556 55.0449 1.98655 36.4499 44.693 1.74246 64.2252 27.3073 1.75676 33.3193 54.272 1.45404 34.569 53.2205 1.80148 34.6116 45.9791 1.42168 39.3961 70.5414 2.02152 40.4121 71.2439 1.55625 41.3776 70.6317 1.92916 52.5839 74.5735 2.44034 49.4399 78.7529 1.74255 39.6259 73.0339 1.62228 35.6734 62.4204 1.78651 49.8927 80.6729 1.61519 65.5366 33.4572 1.95463 34.0743 50.2305 1.43377 34.3712 49.4043 1.35243 35.7132 50.5119 1.89178 64.2956 35.9927 1.88271 65.2164 37.3733 1.94425 65.3608 38.9272 2.18191 57.9497 54.639 1.70665 55.9086 53.2345 2.26664 59.1776 77.8272 1.19503 62.0001 69.2846 2.21737 62.5124 73.1477 2.05507 34.0597 40.7789 2.26307 33.7189 43.2262 1.67711 32.363 44.6245 2.35785 65.0174 26.0059 1.88361 43.5956 79.5382 1.58154 61.0083 62.115 1.98317 66.2622 27.1698 2.24214 32.6993 52.5393 2.17427 31.1092 53.4928 2.10268 59.8668 64.6535 1.96546 44.7614 80.0871 1.75097 67.792 29.5757 2.01135 32.4906 42.0436 1.5209 32.396 56.7226 2.29347 61.0445 66.9884 2.10313 67.046 31.8973 1.98072 53.9209 72.6813 3.21845 30.1907 46.9523 2.02964 31.6515 45.6273 1.81274 32.6119 46.5409 1.73702 62.4095 43.7476 2.21963 66.4446 41.0181 1.91464 67.1159 40.6599 1.89066 67.9597 42.3924 1.92193 64.6625 43.5482 2.0933 42.1776 75.4783 2.09973 60.5491 57.8545 1.73436 57.5012 48.8887 2.17642 59.3802 55.4692 2.50247 69.299 41.9054 2.54008 70.1169 42.6109 2.19325 62.7431 59.5975 2.5133 69.4239 44.657 2.19188 63.72 72.6338 2.14223 31.2662 49.7752 1.8426 61.6254 63.5338 2.29579 65.2213 19.7433 2.49354 62.556 66.2238 2.02272 31.8013 47.7649 2.44441 41.4412 74.7903 1.36699 65.0365 35.1015 2.38841 54.3708 49.7061 3.23625 56.5873 54.2006 2.81337 55.188 74.1538 3.59564 63.5776 67.6401 2.21765 61.6719 58.2985 2.45663 66.3227 44.2201 2.62045 67.769 44.3008 2.13142 65.8988 67.9576 2.67176 66.1547 70.7161 2.27495 64.8577 61.0413 2.56608 71.584 44.2629 2.17263 66.3096 21.6649 2.23084 72.3781 43.8633 2.7574 63.4794 63.1107 2.47538 65.5568 23.8166 2.50117 70.6504 46.8565 2.15706 69.1913 46.9108 2.67341 67.5143 71.9541 2.42021 63.2728 65.2873 2.59033 66.7192 25.7113 2.92917 67.094 75.7272 2.33097 67.3498 73.2965 2.62681 65.5169 36.3778 2.84752 65.9355 33.8112 3.89965 71.0251 50.4981 2.38351 73.0696 47.2581 2.48135 65.5072 37.8171 3.42085 61.7301 44.6178 3.46485 68.9544 50.6431 2.54183 67.9578 49.0525 2.52294 67.9004 52.5078 2.30944 71.1307 52.341 2.27367 72.9004 52.3048 2.29971 72.3162 55.6165 2.23391 70.5872 53.7662 2.59167 74.652 53.2475 2.51752 66.5302 47.3687 2.92932 65.615 33.004 2.8133 66.1155 66.9434 2.91669 67.0981 31.3759 3.04855 74.0259 45.2827 3.40823 67.4312 40.067 2.93982 64.1211 45.3079 2.45904 60.0945 54.6818 3.37415 54.2619 50.2864 3.54077 66.0243 56.9866 2.63344 64.3819 57.0895 3.10737 65.1081 55.7393 2.65054 61.5072 55.8967 2.98688 68.9021 55.0681 2.94226 66.4812 52.9612 2.1872 65.3493 51.7622 2.72951 67.1835 51.5695 2.79229 71.0453 56.4292 2.86435 68.1502 41.3683 3.31562 73.2607 49.7045 2.72785 63.6123 57.1743 2.68334 75.6854 54.4723 3.03597 74.6913 56.2973 2.80515 74.022 56.9809 3.11626 67.0847 23.8233 3.16252 68.064 69.3134 2.71113 69.4298 71.2504 3.04008 67.7106 26.5847 4.00203 69.7776 73.5497 3.0886 67.1178 27.7134 3.26599 66.2342 63.0487 2.88572 65.4326 64.6447 3.03662 74.7071 47.6976 3.75346 58.4525 47.2566 4.33199 67.5423 66.8352 2.73977 75.5058 51.6683 3.51056 62.9906 46.1055 2.99499 63.5767 46.5657 3.0407 69.4491 57.5013 2.56431 66.3806 55.0573 2.73575 64.4888 48.832 3.30278 63.5709 49.921 2.86731 62.7716 51.8143 3.44731 70.8792 42.4782 4.08266 70.6646 69.2319 3.28891 68.5081 59.6586 3.18438 69.6625 60.0341 3.24439 72.5163 57.8764 2.86534 65.2558 58.5161 3.47175 66.8424 60.338 2.98428 64.091 64.7264 3.52304 76.1942 57.8712 3.37138 60.532 45.2033 3.62266 65.0347 54.4297 3.37466 60.3148 47.0444 3.03398 61.9219 47.7884 2.97822 63.3773 48.4972 3.13889 75.0976 59.5791 3.04399 73.4466 60.2302 3.14762 67.6932 61.6044 2.90208 72.4927 62.161 3.37304 68.4362 65.2199 3.34009 64.9216 65.6893 3.41625 73.3098 62.3682 2.9712 75.9747 60.5741 2.87438 76.7412 59.3824 3.56371 77.7199 60.7422 3.58906 76.9751 61.8304 3.09005 69.0697 60.8344 3.51514 70.5834 62.0361 3.29481 75.0954 62.7968 2.96055 75.3473 49.5327 3.46921 69.1967 66.7879 3.33011 56.7943 48.8917 3.92228 71.3184 71.2443 3.86272 70.9433 73.0164 3.56143 58.6775 53.4874 4.42453 62.5758 56.2946 4.51139 60.4555 48.9817 3.79249 61.6042 48.9837 3.33605 61.6519 50.4527 3.45986 67.1507 39.8932 3.57914 65.4481 35.1251 5.2375 69.496 42.4359 4.00849 71.5951 63.4831 3.42683 70.6142 65.2389 3.61721 73.5984 63.2076 3.47007 70.8514 68.0003 3.63831 75.381 64.4311 3.70812 78.0253 62.6365 3.64043 71.8332 62.4731 4.41569 61.4943 55.0295 4.32355 63.207 55.1312 4.05864 71.0404 67.1195 4.07427 59.3595 48.4484 4.43273 66.939 59.5192 3.98392 61.3126 50.7118 3.88437 77.2987 64.301 3.63202 75.6509 65.5168 4.73551 77.0133 55.645 4.09762 79.0097 59.1285 4.08055 72.09 72.4569 3.50471 72.3647 75.6157 3.74287 70.0448 74.9152 3.54966 67.8371 29.7654 4.02104 65.4901 35.9448 4.4161 67.6006 30.9613 3.79294 65.2199 37.1885 4.21015 56.4576 52.8606 5.00754 73.017 62.2408 4.79742 66.6191 37.1678 3.80484 60.7378 53.6278 4.87179 63.0429 53.1082 4.14542 79.292 61.8187 3.93768 77.0844 53.8582 4.80573 79.635 64.4294 4.39528 67.9362 36.1082 4.47768 68.3362 38.3404 4.51518 69.2796 41.504 4.36934 53.7748 73.9477 5.0654 73.6391 43.9932 4.33384 74.7078 45.8189 4.38141 72.1772 69.1256 4.07175 73.209 70.7439 3.92789 76.3358 50.2822 4.53447 73.9429 73.347 4.13875 71.0973 64.7928 4.35715 55.3222 50.3387 4.79662 59.5708 48.8045 5.52111 77.1348 66.0501 4.52426 72.9159 37.8194 4.29985 70.811 39.3399 4.02771 71.0515 36.7231 4.39826 72.3543 41.8131 4.40549 77.8738 57.6296 4.49854 80.7097 60.1692 4.82546 75.1797 76.25 4.14121 66.5842 33.1482 5.01527 68.8901 27.6215 4.45754 71.4394 33.9202 4.37062 72.9969 35.2749 4.63496 81.1114 62.6729 4.79391 70.8254 69.5234 5.22085 74.5985 73.5547 4.82329 61.3089 53.9463 6.33665 80.568 58.8541 5.28237 76.4208 46.4544 5.82667 67.934 34.3988 4.91634 69.8717 34.7628 4.70739 78.3295 51.7281 5.66041 75.0977 64.4366 6.86133 80.6243 65.8902 5.17984 72.3889 32.2354 4.73159 59.0052 52.838 5.00903 62.7234 52.4501 4.57999 62.7335 53.8591 5.16114 61.2778 50.5106 6.15594 62.0555 52.0716 5.17317 73.4533 70.8148 5.73841 77.9673 56.3571 5.11298 75.8278 76.1005 5.49014 68.4955 29.2352 5.50891 70.17 26.5234 5.24475 73.3246 38.0415 5.18561 67.1798 30.1208 5.38075 73.6369 42.3373 4.85076 76.8981 49.6033 5.35333 66.8786 34.1293 5.30687 71.2083 66.4213 5.21883 70.8059 31.1715 5.17377 81.3687 60.6039 5.57649 81.9623 64.0546 5.32389 56.7261 47.2258 5.97591 55.9684 49.5829 5.6706 56.2382 50.8731 5.25768 79.3734 66.6241 5.39169 78.0507 66.7607 5.45603 71.8839 68.36 5.51354 69.2084 32.1594 5.21549 57.2304 53.1775 5.54234 63.4985 53.1119 5.45596 61.9918 53.7454 6.6362 79.5953 57.0033 5.12471 73.6831 40.6719 5.53546 73.7063 63.5535 7.6579 69.1308 29.9767 5.43324 66.7367 32.3521 6.07467 73.9409 34.3621 5.97417 78.3426 55.0835 5.20856 58.0902 47.8473 7.02165 58.9623 51.7981 5.02314 61.4224 51.637 7.22197 73.0785 36.0361 5.91576 69.1752 28.391 6.18112 74.2746 42.831 5.98774 70.4573 65.485 5.72912 71.2823 28.1799 5.67169 71.0379 68.3206 5.82466 75.075 44.3484 5.86323 82.1203 63.1693 5.86613 80.2399 67.7761 5.3708 83.1428 66.4342 5.77136 75.0081 33.1308 6.19123 80.1054 56.2797 6.13887 74.2885 73.2852 5.98398 57.7057 50.1076 6.17952 75.2116 74.3893 6.28779 79.5693 54.9364 6.20261 73.3377 69.1658 6.32136 67.5343 30.5204 6.04851 62.7724 53.2149 6.51998 75.0618 38.1046 5.6206 76.9013 44.7423 6.04048 77.6186 48.5103 5.96909 79.5727 51.6545 7.15888 59.1321 51.1268 6.19231 70.7224 62.0787 6.76549 71.1355 67.203 7.05975 75.2549 36.4903 6.00474 75.9861 42.2446 6.46498 75.737 39.0801 6.3197 80.2508 52.6432 7.22412 59.7396 52.6262 6.99338 83.2507 59.7757 7.80558 70.4682 63.7094 6.55785 76.1078 36.7882 6.69855 73.5735 66.8633 6.71373 82.7506 61.6196 6.27938 78.5407 47.2407 6.88689 84.5688 66.9627 6.46212 78.4745 49.8791 6.95241 76.7795 65.93 6.59311 59.4209 49.8687 6.99269 76.1878 38.4804 7.05449 72.5511 62.6155 7.17551 60.0669 49.4118 6.86132 74.7848 71.9276 7.62289 78.1778 46.0249 7.86166 77.0622 43.4426 7.19858 73.8021 69.3551 7.59756 58.7467 48.8234 7.19365 81.7082 57.506 7.04701 76.7748 41.6475 7.52104 70.0923 66.4589 8.06113 73.786 66.8956 7.69516 76.2674 65.9195 8.02356 76.9398 66.8191 7.80882 78.5562 67.373 6.5818 60.4268 51.8101 7.97139 57.2351 48.8281 7.52405 81.2213 54.4551 7.87597 74.9394 70.0671 8.10005 78.4443 48.4932 8.07821 71.2607 67.483 7.79104 75.1589 67.9705 7.99579 77.9402 40.5292 7.92976 80.9209 52.9217 8.82087 79.7485 49.9133 8.88603 77.9161 42.8538 7.83383 82.0229 56.2342 8.47398 70.0719 63.5196 9.08616 74.7041 64.1269 8.40041 73.2909 65.6867 8.52475 78.6324 42.6172 8.89596 79.4974 45.6393 8.50985 71.6574 63.8957 8.6921 70.9482 66.7401 8.39337 74.7896 65.5307 9.21531 75.8641 67.385 8.71754 76.4742 67.7294 8.72701 78.8068 42.185 10.0643 76.0946 69.259 9.10259 82.1147 54.3278 9.05348 84.7908 59.1827 9.14415 80.3043 47.2949 9.47956 80.5136 51.2366 9.41804 84.3755 56.2375 9.20228 79.1834 44.7766 9.69727 83.0237 52.3254 9.8259 81.9638 49.8736 9.84597 85.5993 56.0744 10.0631 81.4847 47.9348 10.6187 82.7383 50.2971 10.6952 84.0673 52.8809 10.9489 81.4865 46.7682 10.7552 87.3733 58.7115 10.622 86.5991 55.3913 10.5998 83.1353 49.5873 11.0511 83.8486 52.304 11.6555 85.509 53.7794 11.2156 87.5044 55.7962 11.8097 87.1185 54.1681 13.4864 85.7098 52.5362 12.1603 84.726 51.1537 12.6179 64.4816 76.3363 1.72609 53.0047 79.9157 1.6356 52.7313 80.9798 1.54297 57.2788 77.7571 1.66082 56.3921 78.9665 1.37724 54.4874 79.8791 1.53926 59.451 79.8053 1.58355 57.3386 80.5153 1.59802 59.9912 78.7105 1.47506 57.1276 82.4334 1.53467 59.0682 80.2905 1.84608 62.3891 78.7899 1.62687 62.0891 80.172 1.64803 62.8389 77.2266 1.89414 65.2173 78.6167 1.64156 53.2946 81.6703 2.04045 46.9388 81.3134 1.7535 43.5248 81.2101 1.83321 51.6092 83.3956 1.88292 54.409 83.5956 1.69194 55.871 84.4469 1.94962 58.3156 83.6109 1.87358 60.692 79.8525 2.1257 63.4634 80.9289 2.51681 60.491 82.4938 1.70247 65.1097 80.3819 1.86336 67.6181 78.3956 2.6473 60.1176 83.7406 2.21256 61.6967 83.8848 1.97208 63.7358 82.7955 2.46041 64.8959 83.0748 2.26705 66.0313 82.6746 2.15291 42.345 82.4142 2.18394 44.8628 81.6859 2.66801 50.8035 81.7925 2.36732 49.0972 82.1631 2.16917 45.843 83.0383 2.02725 47.3951 82.5738 2.52904 51.4763 84.8203 1.9765 52.9357 84.7576 2.55037 46.4143 84.127 1.9794 47.5836 83.8666 2.02523 66.6167 79.0526 1.98637 66.7803 80.6933 2.53452 58.9472 84.3472 2.72982 63.5136 83.8712 2.85571 62.2155 84.4942 2.40816 67.6146 84.321 2.53034 68.838 80.9516 2.43604 44.0443 82.6286 2.32134 55.2969 88.1848 2.57983 52.9753 87.6384 2.49219 56.0444 86.0783 2.29673 43.0707 85.2062 2.26075 57.7613 86.6766 2.32037 44.8634 84.6749 2.20589 45.0946 85.9417 2.7238 52.3906 85.7688 2.45313 54.2495 85.7304 2.94347 57.3564 85.0653 2.95498 48.7682 85.1229 2.75839 50.5414 85.747 2.93157 49.4965 87.4684 2.49155 47.4734 88.2877 2.66936 48.0658 86.1757 2.62512 68.2167 82.2195 2.21603 69.3973 82.9954 3.32073 68.2012 83.1627 2.46247 50.6014 89.3492 2.69471 59.0337 85.3875 2.31392 53.0154 89.0415 2.62242 60.0578 84.4131 2.62186 60.2935 86.3085 2.391 61.1991 85.4287 2.63797 64.2711 85.2193 2.64132 58.1345 88.5367 2.64884 63.529 86.4548 2.7602 61.954 87.3755 2.67275 65.9847 84.6138 2.95288 65.7214 85.9718 2.52101 43.6148 86.3125 3.12519 46.3031 85.1544 2.73607 68.4576 85.7722 2.71252 69.1145 75.9848 3.09442 39.9883 86.8938 2.77136 40.991 85.2377 2.35117 41.2853 86.4689 3.00252 42.8316 87.3853 2.80206 44.6308 87.3739 2.61744 45.982 86.9004 3.10826 69.4055 80.6157 2.89623 72.051 81.4624 2.82161 70.3826 82.0274 2.55523 72.5459 80.2163 2.98777 74.478 79.9979 2.98539 45.0544 88.2665 2.72329 42.9283 88.8089 2.78155 73.4376 83.109 2.90573 46.4312 89.4087 2.88659 70.3075 84.4022 2.87768 72.5301 83.0708 3.22086 69.0513 84.402 3.31562 50.8302 90.6494 3.70123 48.9221 90.9118 3.50415 53.9553 90.1757 3.73263 52.3392 90.5707 3.29286 56.5214 88.8934 3.42852 60.9972 88.1499 2.7518 59.9464 88.9798 3.19604 65.9501 88.045 2.91421 63.4894 88.9185 3.01059 54.7138 90.8373 3.4058 56.0092 90.6481 3.41304 58.1201 90.4228 3.18272 39.3114 88.3031 2.95869 42.2934 87.9122 3.22996 37.4925 89.8069 3.13582 37.6156 87.3802 3.30758 39.6583 90.2441 3.21661 69.3892 78.352 3.41158 62.076 88.4016 3.49513 68.0563 88.229 3.07537 70.5444 79.45 3.57111 75.3806 81.2594 3.36652 68.788 87.0891 3.34814 71.9261 84.4562 3.71938 45.2699 89.6275 3.41495 71.441 85.5503 3.07283 71.1477 86.4613 3.25096 47.6708 89.6234 3.46427 47.8682 93.0983 3.41941 50.058 92.1986 3.29199 45.3434 92.2537 3.53609 69.7101 76.7223 4.2708 52.7696 91.131 3.0228 52.4359 92.932 3.28138 72.4853 79.3554 3.85963 54.9129 91.9156 3.08795 53.1916 93.8466 3.94413 56.1902 92.3203 3.28669 38.8023 91.1189 4.05335 58.7688 91.1296 3.16466 40.557 91.2199 3.81671 73.4774 85.5799 3.24224 43.1349 92.1051 3.45461 74.0725 83.8651 3.5617 61.0461 90.13 3.20966 62.7268 91.0325 3.28279 67.0784 89.5583 3.93064 61.5911 92.4681 3.36142 68.3563 89.0524 4.54169 70.891 87.2318 3.38267 72.2498 87.0697 3.31221 69.791 89.7291 3.87752 73.7559 78.5253 3.76812 59.3705 92.4638 4.21264 64.1169 91.7971 3.41976 75.859 79.0378 3.88417 62.4547 93.4523 3.60481 61.1838 93.7365 3.72156 62.6951 94.3349 3.85223 63.7389 89.9419 3.86264 65.697 90.9891 3.49754 37.9802 92.1925 3.87329 39.1457 93.1189 3.82825 76.0922 83.5922 3.71397 76.052 86.1631 3.78108 65.541 93.0476 4.48299 67.3385 90.8214 3.40498 66.8875 93.5603 4.13569 40.5635 93.1645 3.74931 77.5364 85.9586 4.07753 43.2805 93.032 3.44861 51.4009 93.9107 4.3727 55.1197 94.5873 3.64759 75.6414 87.5456 4.05283 45.4371 94.6252 3.95162 58.6556 93.4579 4.17776 46.3198 93.9352 4.43298 49.6882 93.2131 3.51237 47.7046 95.3538 4.09343 64.9595 89.6133 4.28822 69.9157 79.5787 4.33613 71.4323 76.4961 3.57679 77.9001 80.2189 5.01317 67.749 92.2319 4.65789 77.1344 81.2869 4.28556 52.0149 95.1334 3.7715 54.8271 95.8735 4.11957 56.5389 93.5178 4.31003 57.6016 94.7359 3.81346 60.8599 95.2864 4.27948 41.2294 93.8006 4.0707 70.8104 90.6919 4.12833 70.9105 89.1129 4.27632 73.3668 87.8917 4.25763 72.9019 89.2114 4.29782 68.1998 90.9362 3.85503 74.2449 77.3433 4.20158 59.718 95.1375 4.2652 77.7347 83.6877 4.78628 49.147 94.6164 4.65069 50.4595 95.2954 4.15102 50.075 96.9685 4.18913 72.3479 90.5278 3.87168 35.8946 92.8383 4.38327 36.7773 94.0118 4.04039 35.1187 94.1457 3.96825 74.1703 89.1204 4.26221 75.8385 90.5779 4.26421 39.2422 94.3267 4.39694 40.1741 93.7777 4.60155 70.5302 91.7283 4.22972 42.801 94.2262 4.31113 73.6243 91.0329 4.06535 63.7285 93.4119 4.66124 76.5721 88.1077 4.97906 65.0039 94.3559 4.21243 77.9141 87.8563 4.28168 78.9896 87.3238 4.3218 52.8631 96.9753 4.1067 58.4742 96.4876 4.11871 41.6133 97.3926 4.35298 77.5152 78.5399 4.72571 60.7887 96.3057 4.17905 62.862 96.3115 4.26326 59.9145 97.3775 4.73506 45.4837 97.6451 4.29168 64.0937 95.1045 4.42128 46.8814 97.6457 4.34981 68.0786 95.7599 4.61587 68.2199 93.2211 4.48038 44.9686 98.7325 4.73188 49.937 98.2457 4.65845 34.8584 95.971 4.21148 36.9983 95.5465 5.03337 35.8295 96.7967 4.6632 56.5301 97.8276 4.6534 38.6718 96.1692 4.58276 40.2218 96.1313 4.48799 73.1404 93.3207 4.80806 71.4189 93.3294 4.92658 74.9182 92.1267 4.97679 40.1693 99.0679 4.91301 71.4168 91.2402 4.93162 53.5108 98.7915 4.64044 69.6228 94.2781 4.76701 56.1085 99.9621 4.94625 60.9317 98.1855 4.62661 47.1583 99.5941 4.74471 36.8834 98.4226 4.70348 79.3542 86.3059 5.09716 79.7021 88.045 4.94517 67.0041 94.8517 4.80384 76.4152 90.4202 4.62297 77.2631 89.8475 4.65715 79.0962 90.5499 4.91809 66.3598 96.957 5.10545 42.6233 99.9508 4.78771 51.5678 100.969 5.05318 53.2776 100.4 5.10955 44.3317 101.828 5.24096 46.8074 101.106 4.98356 78.4382 89.0328 5.75984 77.2257 91.0919 5.44444 41.984 100.97 5.03814 69.7611 96.2683 5.32109 66.0221 98.1563 4.9537 60.0316 99.802 4.94626 63.4469 99.6752 5.2219 57.8568 100.251 5.11968 37.2217 101.391 5.19227 37.0086 100.613 5.0539 40.5617 101.916 5.27176 79.516 89.4601 5.51598 77.4004 93.8011 5.59822 75.9337 94.0067 5.29918 56.1843 101.118 5.64123 79.3163 92.8474 5.1493 48.6702 102.11 5.73149 59.7392 101.208 6.06493 61.9569 101.112 6.03091 70.2647 97.4793 5.12624 69.1302 99.1999 5.36558 33.2939 100.649 5.31374 73.2436 95.5213 5.00004 77.3441 94.9972 5.39099 73.5535 97.7488 5.32566 72.2806 98.5257 5.43108 81.6148 90.5737 6.14726 41.6341 102.466 5.61452 43.0202 101.815 6.27853 79.8564 86.8285 5.97647 57.0838 100.594 6.13598 79.9613 91.7296 5.57798 47.5403 101.79 6.0864 50.0551 102.617 6.11265 80.0329 93.6842 5.8447 70.6088 99.4107 5.55013 73.5854 96.4521 5.49251 76.2864 97.1065 5.5704 77.8324 98.8509 6.06004 67.0037 99.7937 5.91152 63.5327 100.517 5.7132 64.6985 99.9834 6.37879 73.815 98.8316 5.72198 80.6296 95.8432 6.24582 80.3896 88.2307 6.21322 82.7964 94.4551 6.09196 38.3536 102.242 6.25136 78.1429 81.9446 5.96792 44.8384 103.245 5.98341 45.2854 102.371 5.88149 46.6317 102.302 5.60738 52.2339 101.7 6.3582 54.3463 101.922 6.14881 52.8365 102.606 6.16475 57.9513 101.114 5.79594 42.9977 103.329 6.19443 69.7762 100.183 6.6854 46.4562 104.919 6.1028 47.5899 104.387 6.20097 63.758 102.391 6.14445 48.3228 105.252 6.22515 39.097 103.177 6.38228 79.5606 84.5238 6.80724 82.9307 93.2906 6.27313 55.3123 102.142 5.93621 56.8518 102.267 6.58135 54.5254 103.33 5.79469 50.5596 104.748 6.10535 54.6142 104.885 6.08468 56.8329 104.438 5.95115 41.5261 104.953 6.10379 57.9177 103.904 6.2252 59.3496 104.13 5.89376 61.7637 103.551 6.05474 61.3541 104.608 6.24766 68.7609 101.469 6.62469 52.5302 105.975 6.68018 71.3021 101.287 7.01819 72.7577 100.01 6.55903 74.9498 99.9962 6.57185 80.6962 96.6991 6.15993 43.2844 105.162 6.32814 79.8385 99.2356 6.55314 58.1897 105.412 6.51965 61.4007 101.739 6.04597 64.055 103.314 6.0945 61.8993 102.377 6.69458 63.963 105.164 6.54074 65.731 100.579 6.22325 66.9613 101.687 6.21987 65.4153 103.073 6.33934 76.6861 99.903 7.15595 79.0702 101.409 7.11672 50.8175 105.69 7.3182 67.8108 103.229 6.32885 72.6947 101.913 6.77261 64.7582 102.988 6.68504 84.4697 96.9604 6.67849 82.3851 98.7066 6.80116 67.8007 104.962 6.85095 42.3187 105.844 7.17299 41.4845 106.326 6.928 81.6716 86.2376 7.96793 47.7305 105.682 6.56405 49.6817 105.761 6.68306 45.5346 105.867 6.71897 43.8925 105.98 6.58101 71.4853 102.772 6.39007 74.5825 102.16 6.86943 46.5794 105.811 7.15631 70.4903 104.952 7.0651 76.0513 101.696 7.1626 70.064 102.296 6.6885 84.3988 95.4805 6.98064 83.644 91.3559 7.85721 84.2495 92.9816 7.50899 72.7583 104.493 6.97652 82.1676 100.161 7.4884 54.4426 106.095 7.26259 55.9638 105.443 6.90364 57.9234 107.444 7.34802 59.6267 106.32 7.09681 59.7805 104.99 7.52278 62.5429 105.323 7.39544 64.7835 103.076 7.50748 63.4967 106.513 7.59812 65.8377 104.153 7.9842 44.61 107.06 7.35661 75.831 103.606 7.05167 48.5095 106.582 7.29871 43.1652 107.222 6.94155 44.1031 108.709 7.41299 83.0676 89.0618 7.73154 47.6814 108.629 7.32114 74.1818 104.041 7.15853 84.8525 94.6281 7.23073 75.9626 105.37 7.84137 52.1815 107.507 7.39005 86.0789 95.7388 7.2982 84.8522 98.8221 7.18722 69.2043 105.105 7.88992 79.7198 100.151 7.8465 42.1836 107.776 7.91661 40.7342 108.397 7.36449 77.4975 104.627 7.64183 79.4331 103.062 7.28863 54.0095 107.973 7.64377 87.1384 97.966 7.54581 86.8757 99.759 8.15048 45.8913 107.709 7.09601 55.5642 107.558 7.55127 46.7766 109.102 7.60904 61.7229 106.084 7.19001 66.3271 105.773 9.07859 80.2975 101.58 7.97648 82.9392 99.4462 7.97683 74.0297 105.626 8.39486 51.3263 108.182 7.88762 43.8344 109.763 7.63513 40.1818 109.121 7.26854 42.5561 111.111 8.32532 45.2735 109.462 7.7202 59.4474 106.899 8.38975 60.7311 106.491 7.82312 84.1871 99.4578 7.87038 62.0174 106.668 7.7661 64.1873 103.754 8.29713 63.9981 105.96 9.03643 80.1191 103.919 7.77878 56.5092 107.233 8.70174 54.3342 109.051 9.14729 82.0015 101.97 7.55231 40.7662 110.96 8.17849 83.424 103.709 8.34421 86.2596 92.1179 9.28086 48.7484 108.573 8.10444 70.1845 105.717 7.79269 57.7039 106.973 8.83327 82.8557 104.448 8.30053 80.9495 104.268 7.98756 62.5458 106.695 9.21327 50.2997 109.12 8.90759 87.0918 93.669 8.96302 88.1255 95.98 8.44615 69.2042 106.376 8.17326 89.4948 97.2162 8.26006 89.0861 98.9986 8.32183 72.4387 105.74 8.72917 70.301 107.697 7.77694 72.8644 107.798 7.96555 74.6941 110.518 8.98808 84.1229 102.426 7.93965 76.0785 107.402 8.15349 69.4225 109.08 8.4861 69.7237 110.638 8.67499 87.5783 98.7242 8.62653 74.512 107.654 8.49859 85.0062 101.018 8.6716 86.9526 102.211 8.25542 47.1624 108.479 8.72416 85.4971 103.88 8.42622 80.2605 105.854 8.56766 89.1737 96.1564 9.08347 90.3839 99.4958 9.19741 88.4265 100.131 8.93759 76.7231 105.546 9.05894 78.7364 105.378 9.07108 66.5433 105.879 9.95922 46.1832 107.899 9.45415 44.3136 108.462 10.1314 87.2901 103.993 8.82913 73.6734 112.209 9.48376 91.0144 97.3741 9.82949 79.0689 107.079 8.45171 80.5347 107.06 8.75663 42.5931 109.673 10.6375 60.1376 107.58 10.0309 84.262 104.37 9.12893 60.9932 106.968 9.58165 81.1815 105.339 9.57407 89.9926 99.9543 8.95593 83.5044 105.392 9.63566 88.7534 101.509 8.946 69.0302 107.341 9.40444 69.2473 110.641 8.92221 85.9388 104.514 9.10391 79.9619 108.93 9.02837 55.4629 108.19 10.1029 47.7393 108.86 9.43976 86.0839 107.458 9.51852 82.9032 106.438 8.99719 68.0422 107.504 9.69652 69.0619 108.537 10.214 71.33 111.715 9.33012 89.9331 102.878 10.2289 87.3882 104.904 10.2123 52.2804 110.454 9.78778 77.8222 112.088 9.7305 55.3961 110.181 9.73854 85.6131 106.126 9.3267 89.231 104.859 10.0504 69.1372 110.672 10.2529 47.6081 110.1 9.17259 48.2319 110.545 9.79567 75.5775 111.849 9.45497 50.0804 109.818 10.1145 68.4434 109.897 10.8382 41.4591 110.965 10.246 80.8682 110.655 9.86728 83.2725 108.943 9.55433 86.677 106.784 9.3147 46.3179 108.967 10.3945 57.0178 107.73 10.3367 86.4629 109.648 10.1812 63.1957 105.88 9.82493 64.1239 106.203 10.564 65.0643 108.878 10.6198 46.3304 110.468 10.6342 71.4769 111.563 10.0705 79.7635 112.477 10.4036 88.4361 105.519 10.0954 87.9529 108.074 10.5597 53.4131 110.926 11.1175 57.8608 107.177 10.6971 59.1346 108.011 10.6348 48.5707 110.088 10.8999 82.9145 110.602 10.6616 74.2258 112.602 10.2779 75.8668 112.363 10.4205 51.0078 110.667 10.9146 85.2903 111.23 11.0293 56.9518 109.959 10.6374 54.954 110.71 12.373 63.0454 107.736 11.2802 46.0506 110.018 11.1388 90.823 104.489 11.5549 70.9074 110.237 10.7832 88.8626 106.813 11.8577 73.4486 110.931 11.1075 73.6161 111.824 11.0325 75.7152 112.736 12.3128 78.9947 112.458 11.1006 62.2722 106.021 11.3484 57.5204 108.489 11.8128 63.2115 105.275 11.5443 60.2792 107.002 11.6336 65.4826 109.617 11.5356 90.4204 102.845 11.4508 81.3094 112.011 11.2528 58.0942 108.232 11.6139 59.7178 108.205 11.7733 67.5749 109.138 12.2827 70.1567 110.049 11.6552 42.3799 110.688 11.7341 72.406 110.119 11.4319 47.7353 110.667 11.6818 82.6225 111.743 11.5493 61.4948 106.666 12.9039 62.8109 107.965 12.2411 50.7134 111.282 12.0567 87.632 109.224 12.2343 76.9317 112.621 12.7448 87.0134 111.294 12.5213 83.9514 112.185 12.1233 91.727 102.009 12.8234 72.7662 109.421 12.6519 73.719 109.772 12.6781 82.3998 112.673 11.995 78.8743 112.306 12.5101 80.3352 112.957 12.322 53.8683 110.724 12.3397 42.97 110.329 13.36 46.0509 111.086 13.1837 62.8213 105.934 12.9676 60.1332 107.924 12.5636 88.5386 108.301 13.5461 85.413 112.681 13.4088 57.7658 109.124 14.0915 83.2026 113.137 13.0884 67.0049 108.323 13.6037 65.4583 109.017 12.5647 68.8814 108.651 12.3902 49.8815 111.559 13.3283 71.3006 108.358 12.6893 74.3466 111.612 12.9393 78.468 111.33 13.5661 56.4262 110.634 14.056 48.2756 110.909 13.7564 64.5349 107.343 13.249 51.4282 111.258 13.4385 67.8901 108.414 14.202 76.1729 111.936 13.7759 90.281 105.577 14.0941 59.4957 107.37 13.5849 79.3937 111.343 15.0613 81.6444 112.966 14.1847 62.2796 105.742 13.1326 60.6651 106.446 13.7432 70.0382 107.646 13.7181 72.0138 108.885 13.8323 57.8443 106.837 13.9771 91.6068 103.97 14.159 86.9305 111.599 13.7015 53.1634 111.564 13.8961 62.1202 104.442 13.6641 89.2037 107.631 14.1441 87.8622 108.971 14.7483 59.6449 107.138 14.4716 50.5985 111.784 14.9546 47.6819 111.306 14.3418 54.9536 111.328 14.5705 73.5882 110.025 14.6406 77.2526 110.915 14.3972 61.6331 105.798 15.2338 84.7744 113.035 14.4494 64.6376 106.504 15.2295 83.218 112.757 14.2686 65.4381 107.285 14.9796 80.9151 111.8 15.87 86.135 111.075 15.5657 59.0473 107.527 14.54 62.1685 106.991 14.2862 44.824 110.495 15.6674 70.1179 110.001 14.7997 72.7946 108.988 14.9488 75.7946 109.549 15.387 64.0045 105.131 15.0915 82.4572 111.813 15.1076 60.7074 107.829 15.4839 66.3512 108.015 15.6059 50.3462 111.146 16.0453 89.434 106.038 15.577 59.271 109.803 15.0545 56.9151 110.77 15.347 62.6891 104.512 15.3834 61.2777 106.771 16.6814 59.2147 107.402 15.6098 47.527 111.404 16.1133 54.2407 111.128 15.5294 70.9596 109.09 15.8049 87.9335 108.026 16.4528 55.2548 111.958 16.1552 67.7436 108.623 16.4082 84.3301 111.69 16.9903 59.4327 109.604 15.9247 75.8116 109.401 16.7486 79.845 110.754 17.306 57.7826 110.505 16.2917 60.0724 109.131 16.3616 63.5102 106.825 18.0149 53.8511 111.409 16.6106 69.413 108.657 16.8957 73.5335 108.76 16.708 61.5682 104.398 15.9202 78.1328 109.645 16.3902 83.1155 111.723 17.4616 62.4679 104.401 16.835 60.3245 106.772 17.4305 86.4745 110.259 17.2349 59.5234 110.775 17.1721 47.6256 110.618 17.7185 56.6853 111.51 17.1648 51.4279 110.941 17.2282 49.8399 110.468 17.572 58.6087 111.616 17.3875 60.6036 104.398 17.2581 81.6787 111.115 17.3248 90.1333 106.405 16.8721 88.7344 107.633 17.3507 44.7289 109.993 17.4429 55.1223 111.5 17.5725 67.1957 107.735 18.0411 71.02 107.354 18.1401 77.1985 109.164 18.7838 79.0425 110.026 18.4873 63.1128 105.368 17.9426 68.5196 107.794 18.5462 88.0366 109.099 17.575 61.8251 105.278 18.6909 65.6385 107.11 18.7494 89.6462 107.645 18.927 84.4142 109.992 18.8722 49.8637 109.791 18.8557 74.8392 108.701 18.4389 51.9139 109.85 18.426 86.4163 109.587 18.5764 82.3197 111.06 18.8366 58.6991 109.9 18.7781 55.8568 110.266 18.9969 87.369 109.808 18.7665 58.3679 104.288 19.6979 59.3906 103.394 18.378 58.9932 107.521 19.2903 47.2433 109.515 18.7941 60.2913 104.548 19.0667 58.535 103.014 19.1914 68.0299 107.821 19.546 88.8209 108.576 19.6347 87.6662 109.612 19.4081 80.0157 110.337 20.0041 64.1861 106.639 19.5702 71.1213 107.929 19.5627 73.6349 108.42 19.5486 75.6192 108.49 19.694 62.7727 107.028 19.9275 47.9685 109.241 20.3542 53.9486 110.244 20.0588 59.5564 103.888 20.5596 61.5288 106.124 20.0076 78.2582 109.46 19.8777 84.7879 110.361 20.0492 81.8789 110.514 20.0888 51.3348 109.887 19.8318 46.1354 109.029 19.3095 65.4174 107.349 19.7704 88.7201 107.393 19.9556 65.8381 107.942 20.354 67.8821 108.728 20.2785 72.0928 110.226 20.2744 88.8125 109.142 20.5028 73.8411 110.262 20.4003 47.2436 109.222 21.1252 68.071 109.809 20.6928 69.8436 110.644 21.3025 58.1068 104.243 20.9488 58.1539 105.562 20.6328 87.4488 110.334 20.6277 58.4552 108.474 20.9462 57.4886 109.222 21.3123 78.6903 110.815 20.5545 81.3797 111.692 21.0241 49.8479 108.753 21.1754 51.9295 109.945 21.612 61.9883 105.817 20.9454 63.2841 107.083 21.105 67.5246 108.464 21.0895 73.1283 111.032 21.2189 54.7709 109.649 21.441 84.3173 111.542 20.8828 59.841 105.163 21.332 49.2049 109.312 21.4007 68.7282 110.751 22.0602 87.6394 111.204 21.8064 77.9107 111.885 21.5423 57.7917 106.324 21.8712 48.072 110.508 22.0998 68.4233 108.983 21.6153 74.829 111.951 21.8873 57.5013 106.975 21.753 83.8483 112.422 22.0683 61.1421 106.472 21.341 65.0264 108.232 21.9602 53.9014 110.457 22.0989 71.7404 111.948 22.3892 85.9992 112.018 22.5808 79.56 112.556 22.8344 56.2297 110.838 22.1355 60.4597 108.293 22.3854 62.7112 108.353 22.7044 88.8995 108.415 21.3958 87.8083 110.531 23.0866 49.7149 111.017 22.6814 77.6322 112.376 22.5939 58.4342 108.715 22.9592 65.479 108.835 23.5483 69.1313 109.978 23.9304 57.6743 107.522 23.1933 53.9143 111.409 24.3015 57.1272 110.535 22.8712 57.3247 107.979 23.3548 55.5983 111.535 24.8712 74.3235 112.581 23.6125 46.1697 111.547 24.1177 49.4799 111.506 23.823 70.6784 112.257 23.9837 82.4177 112.111 23.5004 85.0078 111.994 23.5211 59.5029 109.051 24.1878 67.4085 108.885 23.6591 76.392 112.295 23.8019 80.7968 111.551 24.1149 57.9531 108.007 23.6357 86.6258 110.926 24.339 70.5939 111.644 24.6158 57.2141 107.106 23.7935 58.4371 108.652 24.3903 64.4883 109.053 23.8761 77.4997 111.57 24.037 83.4049 111.307 24.2484 56.5569 108.603 25.3713 56.3518 110.547 24.6819 62.3568 108.718 24.354 67.7626 109.472 24.8351 82.6894 110.715 25.516 76.3098 111.123 25.5618 74.943 111.66 25.2148 78.183 111.228 25.1245 58.2266 106.185 25.1036 64.7226 108.983 25.4148 85.1159 111.526 24.783 56.9048 105.761 24.3491 65.3684 108.517 25.5561 48.4795 111.568 25.1555 69.5449 109.537 26.1661 71.9019 110.593 25.9919 80.9186 110.426 25.9224 58.5057 106.26 26.6671 60.2742 108.073 25.6741 61.9465 107.485 26.699 51.3771 110.87 25.8903 84.411 110.262 26.0793 57.2397 103.666 25.9299 55.8644 111.196 26.1893 54.0496 110.997 26.1049 68.5107 108.312 26.2348 77.4004 109.872 25.9848 52.307 110.744 27.0798 74.8042 110.391 25.9706 78.844 109.845 26.022 82.3054 109.432 26.2497 56.2139 105.894 26.7838 63.6053 107.456 26.1471 66.218 107.511 26.785 70.2568 107.362 26.1871 71.933 106.797 26.4696 79.1727 106.984 26.4002 77.8735 107.309 26.2294 76.4812 107.326 26.3574 74.1219 106.901 26.2671 57.3936 103.418 26.8043 60.1951 106.235 27.1243 74.6881 106.745 26.9022 56.1892 105.125 27.5705 56.4511 109.074 26.8925 64.2662 106.315 26.8257 53.942 111.103 27.4005 68.8435 106.843 26.8866 70.8372 106.36 26.7829 73.0127 105.919 27.5406 66.9763 105.987 27.4766 76.8444 106.321 27.4935 55.9875 110.337 27.2608 59.5221 104.856 27.9416 56.0859 106.472 27.2429 62.0299 105.932 27.1061 50.4382 111.043 27.8443 69.719 106.237 27.5832 54.1362 110.57 28.0196 53.9363 102.438 27.4572 53.092 102.55 27.6102 54.0087 103.565 28.0117 56.6411 102.797 27.8433 58.7158 103.447 27.9255 57.3374 101.633 27.6851 52.7769 109.022 27.4668 50.5362 108.803 27.4529 52.6157 109.875 28.0473 56.021 107.014 27.9059 63.8776 105.312 28.004 61.8584 104.096 28.4656 65.2243 104.71 28.3712 78.4281 105.269 27.8244 53.1934 101.296 28.1156 53.9044 105.318 27.4004 54.3955 107.202 28.1899 59.6192 102.165 27.417 58.6514 101.184 28.2286 61.9291 102.644 27.4424 61.9489 100.814 27.8088 60.6728 102.176 27.8315 53.516 109.152 27.7144 64.7004 99.1349 27.4398 63.1675 98.1533 28.0682 74.2593 104.92 27.8076 72.338 104.586 28.2276 52.4598 104.608 28.1993 52.8323 105.888 28.068 51.8977 106.981 28.12 55.4045 109.241 27.9382 62.9518 103.707 28.2868 63.7747 102.154 27.8377 65.2498 103.441 27.5921 66.1023 101.245 28.1457 69.2871 104.931 28.2766 70.0273 103.415 27.5486 68.3389 102.823 28.0499 69.3571 100.897 28.3419 71.2918 102.981 28.2018 70.8855 104.956 28.0269 59.4083 99.9493 27.8668 58.736 98.9666 27.3966 54.3385 100.851 27.9803 56.2903 100.894 28.2339 60.4403 99.5784 27.9316 61.3931 99.8062 27.5963 62.1634 97.2902 28.0161 64.5037 100.848 28.3467 39.2513 24.8032 1.45324 40.9067 26.4919 1.08309 38.5613 26.4118 1.28788 40.5695 23.2617 2.00955 36.1153 29.4368 1.69993 37.8808 31.1037 1.33335 42.9795 21.9097 1.3321 42.2146 20.3365 1.58783 36.0942 32.7539 2.09104 33.4522 34.1035 1.58359 33.7182 32.7145 1.69589 35.4113 36.9917 1.41899 39.7258 27.1557 1.93985 32.8315 39.4807 1.47964 33.8328 37.5375 1.49367 40.078 21.7328 1.63822 35.6789 26.0917 1.87985 38.6505 28.1403 1.80032 34.8739 31.3803 1.76023 34.3347 36.2033 2.49713 32.3326 36.475 2.35926 42.2074 23.1343 2.13395 31.5231 38.9648 1.85926 36.5685 27.5837 2.10042 34.5721 30.6187 1.94833 30.7401 42.8854 1.86215 32.5944 31.4015 1.99742 32.0919 35.6409 1.8042 37.4697 21.9794 1.96251 39.1821 23.4105 1.70333 37.5509 23.0889 2.50847 40.8796 17.5722 1.96604 42.0747 16.6149 1.88436 41.881 19.4041 2.37169 29.7906 37.9552 2.21683 30.3958 39.4301 2.02548 29.8573 34.6072 2.34513 32.5709 40.8196 1.99566 37.6357 20.2005 2.06522 39.0478 19.4009 2.79884 40.1676 19.5184 2.12248 31.0566 44.6687 2.64302 29.021 45.9893 2.2961 44.3995 17.5638 1.44661 42.8842 17.7648 2.34055 45.1009 18.8844 1.8006 35.3148 24.1564 2.37285 36.4504 24.2363 2.54958 32.4537 30.1859 2.15991 33.3851 28.8196 2.7964 31.7479 29.0278 2.42579 30.2326 30.0263 2.47044 30.6112 31.3077 2.56715 38.8396 17.3488 2.59327 39.5616 15.0469 2.86864 28.7549 39.1062 2.30986 39.5605 17.9903 2.91901 31.2236 32.4867 2.97768 31.2382 40.7883 2.56191 41.0773 14.4287 3.23939 29.9249 41.1741 2.34847 27.4048 43.3232 2.48183 28.901 44.1865 2.57203 35.6975 22.4585 2.06582 33.7932 25.8024 2.2518 35.2164 28.5415 2.34487 35.7835 27.0327 2.61718 33.5641 26.9989 2.90897 33.3112 24.1331 2.96744 32.6094 25.1587 2.55978 34.4588 23.7095 3.0268 31.2948 26.2114 2.5967 31.9716 27.146 2.64185 29.9388 28.9213 3.1525 37.6115 17.4855 2.37048 35.4701 17.3715 2.58619 37.3088 15.7973 2.76435 28.8168 35.4072 2.45702 27.1263 34.2589 2.79975 38.5725 14.4911 3.44316 30.3643 36.3182 3.05947 28.2655 41.2386 3.44845 38.4502 19.2982 2.56374 34.6774 20.6826 2.64697 33.6742 21.7609 2.89093 36.6764 19.0708 2.86925 27.301 46.3139 2.42899 26.1994 45.2952 3.15054 34.0707 22.8359 2.57205 29.6309 47.9557 2.51321 33.0423 20.4182 2.7187 28.1145 37.8628 2.97631 26.0396 38.5578 2.78091 27.42 36.0908 2.84261 28.4968 36.233 3.13837 32.1892 22.4794 2.82263 29.2653 26.2405 3.11194 30.3875 24.7254 3.47923 30.8314 27.5764 3.44948 25.5608 43.1498 2.73671 26.9486 40.1948 3.41764 26.2912 30.8883 3.41342 29.0184 31.4756 2.83976 29.8217 31.7058 2.48411 28.9519 33.2933 3.02347 25.6387 34.948 3.01881 34.1355 15.8531 3.64952 33.1489 17.8355 2.94198 34.3029 18.8274 3.02524 34.2811 19.8667 2.94894 35.4134 19.4155 3.29587 31.9986 19.6781 3.72255 30.9689 20.8121 3.12506 32.2339 21.5456 3.13034 25.8359 40.8067 3.09517 24.2035 41.8523 3.74595 29.9472 23.1524 3.17929 29.2889 21.945 3.6189 25.5668 45.0133 3.28017 24.3279 43.1771 3.54469 26.4885 36.3316 3.53859 25.0199 39.7176 2.95749 27.4829 26.5425 3.02801 29.1963 27.7196 3.21183 38.177 12.2845 2.94766 36.9943 14.294 3.19206 34.7878 12.0652 3.47403 37.9501 13.4729 3.01846 27.2456 30.162 3.16889 27.0515 31.7956 3.11131 28.4674 32.84 3.55912 25.6806 34.0347 3.55855 27.4419 21.0589 3.83625 24.1344 36.7469 3.88502 25.4815 36.7907 3.29828 23.1712 38.4648 3.49533 31.4673 19.0773 3.95718 32.3872 17.0119 3.23988 22.1586 40.1715 4.10351 24.035 40.7401 3.91129 28.7648 24.8515 3.82128 27.9755 28.4914 3.84379 26.816 47.6097 3.90131 29.3881 23.7762 4.03376 24.5829 32.2992 3.39531 33.6553 12.5557 3.67238 23.6005 35.469 3.5593 37.4595 11.0896 3.75292 25.8563 29.896 3.35579 26.363 33.0498 3.63639 32.7708 14.9194 3.98058 35.2117 14.4201 3.85079 32.4888 14.1825 3.63729 30.1292 16.1546 4.38508 30.6701 17.9099 3.38217 29.4774 16.9497 3.85846 30.2261 19.545 3.63175 27.6708 22.8457 3.59285 26.4893 25.8276 3.48319 26.0332 45.367 4.20542 25.8995 27.9727 4.29475 23.3696 31.939 3.74491 24.5651 33.6829 3.74818 26.8822 28.4285 3.4943 32.2044 12.3373 3.97172 31.1802 13.6327 4.12529 22.8198 36.8461 3.85553 21.7156 35.4165 3.68385 23.5769 26.4838 4.07823 25.1939 27.2815 3.79624 26.1431 24.4245 4.3564 21.4201 39.1994 3.96766 23.9514 22.0832 4.71135 28.9471 18.6242 4.46252 28.3863 23.6613 3.94792 31.1737 14.7801 4.57435 27.6264 24.5821 4.57192 21.9438 30.6879 4.06196 22.7362 33.6441 4.50278 25.2721 28.7794 4.19474 20.9064 32.4808 4.33988 23.6008 33.2909 4.43784 22.8753 39.9465 5.00811 27.9745 17.6387 3.8927 29.0806 19.6676 4.28422 27.0978 19.9499 4.71718 24.8032 22.9357 4.28678 21.4824 34.2775 4.90286 20.4303 34.0138 4.69572 22.5217 22.8751 4.77634 29.8629 14.3893 4.10366 28.0434 14.0918 4.64642 22.4975 24.0538 4.90713 19.6309 36.5895 4.57913 20.5246 38.2928 4.91414 28.8973 12.6787 4.52763 21.9385 26.4762 4.35357 23.6345 27.9499 4.45852 33.1352 11.2063 4.63329 23.6414 20.9405 4.57015 24.3604 41.5603 4.92442 28.3873 15.6093 5.34321 22.0595 28.4793 4.44493 20.5714 29.2754 5.04578 27.3504 18.5612 4.76689 22.7938 29.4197 4.8417 35.5596 10.7316 4.89325 20.4682 28.1678 5.6225 19.3703 30.3878 4.61166 18.861 31.8837 5.00624 24.9583 19.9989 5.17819 30.1888 11.5532 5.35797 32.0458 11.6552 4.22807 19.3241 34.5904 5.14064 31.4995 11.1188 5.13422 24.0611 24.2384 4.98821 20.435 27.1358 4.89571 27.4002 15.6027 5.10148 26.7263 17.504 4.64301 25.9066 17.6595 4.46527 16.7429 31.1416 5.30678 32.723 10.0129 5.19185 24.2605 17.9885 4.57984 26.0618 15.4978 5.56463 22.4646 20.5792 5.47974 23.563 19.8256 5.16417 23.1377 40.7054 6.04732 25.0336 12.3924 5.31571 26.4285 11.922 5.02266 24.6119 43.5902 5.56116 25.0548 44.8783 6.1284 28.1818 10.9729 5.57666 25.1199 46.2766 6.06065 20.4549 26.0124 4.87959 18.1038 26.7576 5.34274 18.7003 27.8233 5.04903 26.1795 13.9216 5.10179 18.951 28.67 5.61593 17.0506 32.3011 5.30582 18.587 34.1537 5.21304 19.731 33.1708 5.4511 34.9669 8.66792 5.25551 30.2783 10.6768 5.18627 29.5465 9.9908 5.85829 19.2046 23.2495 5.6494 19.8417 21.7912 5.67676 24.7878 16.0304 5.66814 21.3529 24.8048 5.41831 22.7654 17.5707 5.4353 22.6378 18.7126 6.09461 24.9642 14.7369 5.08524 17.9702 29.6396 5.91621 15.8163 31.3828 5.76301 20.3828 38.2206 6.31115 19.3635 24.5687 5.86197 19.0706 25.6676 5.96906 24.0095 13.8281 5.72853 23.1552 15.1237 5.65525 18.4118 34.2403 6.65339 19.8338 35.9791 6.33828 21.5228 39.054 6.73524 16.3261 29.2169 6.22121 15.676 32.5458 5.59896 16.4477 33.7097 5.81612 20.9625 20.2297 6.25835 32.9343 8.36675 5.64549 17.546 25.7986 6.48016 16.7847 27.9049 6.10309 27.1388 10.5187 6.26893 31.1982 8.66739 6.77358 21.5167 18.0144 5.88389 18.403 24.2912 5.88082 25.0408 11.7523 6.92301 18.8188 21.4112 7.49966 33.1322 7.12695 6.62159 23.0162 12.8207 7.24135 21.8627 15.3482 6.97108 21.1455 17.3717 6.92695 23.1797 42.0726 6.65731 14.7955 31.8727 7.15755 14.3063 32.9433 8.29447 28.8848 8.7713 7.77455 23.2943 43.189 7.50371 23.7932 44.2266 6.86603 23.5597 45.6861 6.49108 19.9035 19.1507 7.31321 25.7244 11.1789 8.2401 17.935 23.9127 7.07088 15.6943 26.8261 8.16495 14.8327 28.7783 7.80792 16.225 33.8182 7.66403 19.8866 38.5742 7.4119 21.5095 41.1166 7.47122 22.5979 44.6232 7.50073 20.3135 16.0774 7.4965 27.1082 10.6368 7.92525 18.2272 34.0597 8.4513 22.1042 15.0879 7.99246 18.7535 35.4818 8.02782 21.6261 42.3319 7.78901 31.7531 7.87266 8.45245 16.5921 25.469 8.78259 19.6954 38.7293 8.58358 21.1827 41.0075 8.55425 21.4357 43.5548 9.50217 23.2734 12.8739 8.57612 23.1193 13.8272 8.41969 13.391 31.002 8.96217 16.191 33.4875 8.41928 27.2727 9.08383 9.59503 17.1866 22.7158 8.96746 14.6336 26.4842 9.91238 19.8439 35.8921 9.47886 22.5878 45.0873 8.97684 26.4714 9.91831 8.93432 24.5128 12.0363 9.09621 20.7483 14.9089 9.8031 19.899 15.8752 9.28241 19.4456 18.4639 9.0179 13.2387 32.4636 9.66807 18.3295 35.1362 9.55593 17.0649 22.2058 10.2849 20.2574 37.7323 9.37496 21.6246 13.6815 9.8798 15.4846 25.3594 9.92142 14.1742 28.069 9.69936 16.5869 34.3768 9.62243 17.5943 21.1537 9.47404 19.92 40.3087 8.81151 14.4301 32.9596 9.63022 19.527 37.953 10.2069 20.905 45.033 10.3335 30.5638 6.073 10.2195 18.6773 16.8308 9.96034 19.5975 39.9999 10.0913 22.4182 13.3458 10.2881 22.8661 11.8912 10.613 18.0671 19.3206 10.5469 25.0425 10.5367 10.658 26.4414 8.57106 10.7851 17.4525 36.2053 10.1457 18.5403 36.1542 10.8377 18.8436 15.0917 10.321 13.6061 30.1902 10.7835 14.2106 32.3363 10.7554 20.1372 13.6623 10.2489 19.3883 41.4497 11.4063 20.4063 43.7205 11.1991 16.9698 22.7093 10.903 14.5251 35.0104 10.9406 18.1808 37.8785 11.0076 21.4732 13.3354 11.1865 13.8972 28.7056 11.5627 15.2192 36.5258 11.016 18.6173 39.31 11.6323 19.1018 44.4991 11.3184 18.636 17.5242 12.0478 18.1129 18.7246 12.3599 18.0973 20.2226 11.4624 16.779 21.4795 12.1709 16.1921 23.335 11.6984 14.2814 26.6259 11.9905 14.0222 34.6176 11.8349 23.9465 9.01871 11.2739 27.7427 6.40837 11.084 26.2333 7.79763 11.1906 18.9637 14.2864 11.75 15.4091 25.7058 12.0938 13.5753 30.0576 11.5809 17.1333 37.0244 12.0959 17.4093 38.158 11.8438 18.7322 40.3262 12.308 18.3657 42.5625 11.5826 21.5665 11.4809 12.2045 13.6229 32.8703 12.2194 27.1024 6.78611 11.8442 15.251 36.8432 12.1885 24.9393 7.94598 12.4805 17.5497 43.2702 12.4704 18.4508 44.4373 11.4572 22.6994 9.65137 12.1442 28.0138 4.87178 12.028 30.8368 4.44848 11.7416 19.0607 14.8872 12.4147 16.7518 43.7118 11.9208 14.9527 34.1448 12.2517 15.1363 38.0463 12.56 16.3115 38.9262 12.328 17.8537 19.4307 13.0702 15.3309 29.3751 12.6074 16.1807 26.9638 12.9044 22.1843 9.20737 12.794 23.8855 8.13355 13.248 26.2746 5.26773 12.9656 14.4564 31.375 12.6394 16.5289 31.364 12.7558 15.602 36.0651 12.8347 17.2926 21.0202 13.4676 16.4538 23.8175 12.596 16.1262 25.8613 12.6234 15.9163 42.0465 12.322 15.4859 34.273 13.0609 14.7625 40.6166 13.0249 19.8399 14.3079 13.5963 14.835 42.5583 13.4227 15.5257 29.6052 13.0707 13.9212 38.9369 13.4017 20.2571 12.4107 13.3945 18.247 15.0942 13.3038 15.7222 44.5407 13.6789 17.6525 16.6979 13.4225 17.029 24.88 13.9205 21.9092 9.25481 13.8699 26.3749 4.79999 14.506 16.6317 31.6041 13.5211 28.5833 3.74136 14.1589 14.0962 37.5084 14.1258 18.5366 14.6279 14.7252 13.9714 40.316 13.7909 15.7936 26.1891 14.5406 15.0297 28.8472 13.7887 15.4781 30.4087 14.3328 25.4763 5.46304 14.0876 16.9738 23.1852 14.5216 23.7382 6.89741 14.0659 13.0139 35.1766 14.635 12.8352 35.9714 14.4732 18.4547 19.3227 14.3747 15.0349 32.2887 14.202 19.9827 11.9946 14.9077 18.3725 16.7671 15.0191 15.1479 28.7528 14.7632 21.8211 8.50096 15.322 12.8193 37.0035 15.3089 13.6901 39.2845 14.9054 14.4242 41.6988 14.873 14.5615 43.6853 14.9687 15.9354 25.0177 14.8459 21.1995 9.70304 15.5534 24.6816 5.68577 15.2358 26.9964 4.01549 15.8407 28.2631 4.17527 16.1899 17.4574 20.3364 15.6688 14.4717 28.6144 15.6517 14.0345 31.3697 15.2058 23.2504 6.65517 15.3405 19.3713 12.4254 15.9629 17.5199 18.3326 15.5898 16.7115 22.0823 15.8108 17.7189 14.0588 16.3057 16.4186 22.9505 16.5717 15.4876 25.7864 15.6184 19.999 10.9346 16.3141 12.8666 33.1133 16.1598 13.3648 39.2678 16.7811 12.6934 35.8429 16.2614 16.5274 19.0731 16.752 17.8218 16.1356 16.132 17.0549 16.7473 16.3743 23.231 6.72588 17.7852 22.2905 8.07711 16.4641 22.373 7.04537 17.8535 13.5233 27.7029 17.2785 12.7196 31.839 16.8847 13.419 41.2545 16.4355 13.9147 43.0923 16.919 26.034 4.66025 17.1892 13.6541 45.1168 16.3994 24.783 6.41899 17.5237 16.9473 18.0077 16.9506 12.2114 33.1135 17.918 21.2053 9.43402 17.1069 12.1779 37.1325 17.6389 28.4797 4.33487 17.1629 18.5854 12.2461 17.4181 17.5898 16.2289 17.3751 16.35 21.5859 17.0254 14.8864 24.2404 18.0772 14.2016 25.4176 17.6154 21.8661 8.0054 17.3901 16.6285 20.1694 17.6651 19.6955 10.664 18.5096 15.207 21.7224 17.9474 16.9535 17.6968 18.9364 18.6868 14.1232 18.7252 12.0113 31.6295 19.7878 17.1183 19.7412 18.8715 24.4611 6.51249 18.3014 20.521 9.52165 18.3708 27.1863 4.52698 18.0504 12.4371 30.9832 18.2794 12.9903 39.2048 19.1324 26.2341 4.81336 18.4127 29.3153 4.63602 19.8695 13.9945 25.3824 19.2145 12.8877 26.8709 19.0346 12.0401 36.8147 19.4983 13.3291 42.2728 19.3622 15.562 20.0709 19.2746 23.5381 7.29318 19.371 22.0031 7.91251 19.051 13.2055 45.2175 19.005 12.557 38.5499 20.4548 26.294 4.69031 19.5807 13.3874 43.7243 18.9831 12.2617 28.9831 20.685 12.3525 33.4916 20.6545 14.3923 22.3118 19.8034 20.227 11.7071 19.5053 20.0121 13.8355 19.9343 19.3028 15.4454 20.6016 28.1281 4.67459 20.4218 17.3599 18.1841 20.0477 12.2443 31.7741 21.3948 25.1626 6.55133 20.4161 21.8229 9.46826 20.1026 14.8741 20.4385 20.4004 13.8929 24.379 20.3881 16.8984 18.9973 20.6941 12.6709 40.1488 20.793 12.793 43.0197 20.5804 11.5719 37.704 21.7603 12.8335 43.5821 22.3657 24.344 8.10769 21.3799 21.0375 11.1884 21.8759 16.5243 20.7168 20.8031 12.6798 40.3199 23.1102 20.2545 11.8208 21.6124 22.5667 9.28937 21.2351 27.9155 5.47747 22.0162 15.0895 21.4269 21.6572 13.292 26.6163 21.8499 18.8554 17.7137 21.2303 12.2191 34.8863 21.4799 15.9814 21.1909 22.2391 15.267 23.4101 21.9214 12.3711 39.1936 22.2057 25.599 6.94244 21.9894 19.6188 13.3311 21.0799 12.9082 28.9736 22.0488 19.169 15.8447 22.5394 12.6308 42.1357 23.817 26.8727 6.70288 22.4754 17.2433 21.1377 22.3546 15.3201 24.28 23.037 20.7936 14.2307 23.3673 11.9668 38.4211 23.1549 23.9897 11.1544 22.2082 15.037 26.0152 23.9258 23.6098 12.5713 22.3265 12.3764 31.9883 23.3211 18.1074 19.4558 22.9814 25.8779 10.9615 22.7147 21.3754 12.5114 22.8771 18.7963 18.1145 23.445 16.0281 22.7768 23.067 13.4816 27.6375 24.2765 12.57 34.0673 23.2579 28.9039 5.96396 24.3495 27.1195 9.57531 22.7669 27.7508 8.90544 23.115 20.7501 15.6098 24.0217 22.9536 13.3083 23.4277 24.6779 12.851 22.9408 26.579 13.1881 23.1024 12.2391 35.7775 23.8473 25.0544 14.6712 23.3014 17.6002 22.7723 23.9052 28.0626 7.79336 24.0943 29.3004 4.48912 23.3917 18.5983 20.5732 23.8603 12.2187 40.1326 24.7465 33.8536 13.9789 24.074 35.6053 12.2959 23.3672 33.0493 13.1076 24.1011 22.6865 15.9515 23.9307 23.8962 15.2292 24.0634 20.0805 20.0005 24.0462 16.8682 24.2688 23.6257 28.3525 11.5566 23.9274 25.8508 16.6191 24.1904 34.7003 15.5609 23.2726 33.3259 15.7281 23.6688 31.3423 16.7217 23.6782 30.8483 14.8064 24.0541 25.2869 16.5806 24.0828 13.4115 31.6364 25.3364 13.5989 35.7928 26.1028 28.652 8.43956 24.7686 29.6672 16.6016 24.4455 16.1234 26.6033 24.6483 17.6325 25.681 25.9371 13.056 34.5036 25.3687 27.9001 16.1429 24.3194 29.2116 13.4823 24.2393 29.7368 12.6789 24.7272 12.4875 41.8537 25.2463 20.868 16.0417 24.5792 20.2413 16.894 24.7989 32.5154 16.4816 24.625 23.1593 16.6323 24.8477 20.0557 22.1666 24.7521 19.0133 22.5981 24.7385 31.3868 11.074 25.197 29.9276 7.11816 24.6596 34.1628 16.7603 25.2438 35.4308 15.508 24.882 15.3975 26.6769 25.6767 27.4178 15.8229 25.2253 30.6992 16.6041 25.3823 20.9535 18.1084 25.4802 25.2621 16.5239 25.2118 30.1423 10.2319 25.1184 31.0507 8.96551 24.8948 13.1504 36.748 25.9778 22.1254 17.4689 25.4647 20.6142 22.3582 26.0347 26.1518 16.7597 24.786 14.1 27.9428 25.4524 20.3294 23.6803 25.8926 24.1239 19.1956 27.0053 25.7074 17.8123 25.8092 26.405 18.2655 26.3396 28.1225 17.0697 26.1728 32.3689 18.0143 26.2112 35.1315 16.9977 26.1011 16.0348 27.7718 25.5237 12.9095 39.986 26.1643 18.1791 26.3863 26.813 34.0773 18.2964 26.113 17.5747 28.9156 25.9285 14.7384 30.0845 26.2117 15.9324 29.7266 25.4123 14.3102 32.1296 26.1765 18.2886 30.4672 26.7523 13.6205 41.8017 26.5774 21.6133 19.1638 26.3402 27.6592 17.5894 27.3286 30.4973 18.7946 27.5331 15.4124 31.3491 26.3647 16.9012 31.8247 26.2251 15.0283 34.0979 26.7704 26.1263 19.1203 27.0421 14.69 35.9796 27.0732 21.66 23.6584 26.93 19.2914 25.7932 27.8472 23.1223 19.849 26.8514 33.2467 19.8716 27.1045 35.0519 17.7175 26.9955 14.6721 38.131 26.7932 15.2325 40.4151 27.7123 22.672 23.0282 27.0886 18.8419 28.8857 27.4475 19.9551 31.9826 27.3042 18.4465 33.1925 27.0655 16.4261 34.8781 27.0374 20.3091 29.8121 27.6564 28.1711 19.036 27.6049 21.2216 30.3941 27.3816 18.3047 36.097 27.3557 16.6116 36.3313 27.2084 15.4987 42.6172 27.5829 26.6681 20.4428 26.8629 25.0817 21.0258 27.1493 24.7462 23.5293 26.9929 22.6623 26.7394 27.9319 23.8993 27.0678 27.4032 32.7704 21.1106 27.0234 30.1253 21.3267 27.3007 34.1492 22.1994 27.5272 31.0614 24.8844 27.4242 19.3698 27.7 27.9515 27.4948 21.0645 27.4406 30.4529 31.8613 27.0503 30.2707 28.8799 27.4698 29.3365 32.5095 27.8593 30.8572 34.155 27.3373 32.8455 34.0593 28.0569 35.4953 18.8033 27.9147 37.15 16.9464 27.5823 37.9086 18.476 27.4704 17.4142 37.7019 28.098 26.5976 23.8335 27.8893 20.5736 35.1106 27.7732 22.9956 37.6228 27.3254 21.1156 38.0761 28.0619 24.9383 26.2948 28.1554 29.0061 22.4111 27.5198 34.9672 20.4022 27.9686 29.3603 23.688 27.4154 32.9922 24.1817 27.8516 29.4223 27.0015 27.6168 23.3039 28.0325 27.9441 24.2066 31.7903 27.1666 20.4675 33.7347 27.4083 22.4922 34.5275 28.1671 25.0525 35.1674 27.3373 24.0089 33.4072 27.3381 25.1157 30.8591 27.9468 25.2619 32.6693 27.5433 23.9817 35.829 27.6958 27.9383 29.6327 27.58 29.392 31.0162 27.8952 29.6965 28.9648 27.7509 27.0875 31.4092 27.8439 27.0196 32.3171 27.6126 31.1043 28.1296 28.0416 31.4716 30.2508 27.961 26.6445 40.7876 27.9827 25.7772 40.7327 27.5327 27.4617 43.0821 28.0094 26.583 34.7604 27.8984 27.3347 33.3851 27.9912 30.1052 34.2089 27.9208 28.5512 34.1901 27.5118 16.5847 37.8421 27.9875 37.4508 23.5181 27.598 38.4166 20.4025 27.859 37.3517 21.8469 27.7956 38.5191 22.9873 27.6555 40.8581 21.7251 27.7652 40.7827 24.2215 27.5612 21.7968 27.6892 27.5833 36.054 24.9428 27.8756 38.5961 25.3229 27.8319 36.9858 26.6736 27.4624 34.194 26.0403 27.6602 35.8436 27.6821 27.846 37.2996 28.7627 27.8508 43.699 24.9701 27.6808 27.022 25.8387 27.9434 29.4256 25.2993 28.0154 27.3982 27.3193 27.6688 22.6747 28.8252 28.0697 22.2163 32.02 28.095 23.1127 30.9263 27.8923 27.7948 28.0514 27.8204 24.2092 39.0492 27.9734 24.4567 37.8396 27.6842 26.4921 37.7993 28.0221 25.5155 42.1231 28.1736 16.2747 40.7019 28.0065 33.8212 28.0696 27.9298 39.385 32.7351 27.7818 37.4111 34.3741 27.8739 26.1925 29.1364 28.1193 35.764 35.0078 27.7644 32.6775 35.9329 27.8705 19.9467 38.4103 28.0048 20.0167 40.5312 27.6581 18.887 40.1913 28.1231 23.2918 34.0946 28.1224 21.5186 41.0468 28.0474 29.1052 35.2923 27.8263 28.1203 36.1094 28.0147 28.9317 37.3541 27.5948 27.2868 40.6879 28.1979 51.0051 16.3092 1.32686 53.2679 16.1093 1.38407 51.9501 18.1244 1.51224 54.3979 16.5283 1.31356 56.5177 17.1434 1.04138 54.6433 17.6217 1.80436 58.0578 14.4055 1.68663 58.1149 17.129 1.08055 60.8724 15.3078 1.57971 61.7719 16.7698 1.27727 60.4152 17.1476 1.1925 51.017 14.7704 2.20491 44.7873 16.2416 1.70527 47.6861 17.722 1.2361 53.7846 16.6659 1.60736 49.3224 15.8922 1.48848 49.9193 17.4857 1.56121 55.2626 15.8611 1.84863 59.3086 16.6823 1.67288 52.8069 13.6978 1.74553 52.923 10.3729 2.00437 57.1094 11.823 1.80551 55.3514 12.4983 1.70477 57.8326 13.1489 1.80479 59.5231 11.7252 1.98462 56.8534 13.7604 2.53716 51.3694 12.9662 1.93564 59.2229 15.7405 2.22176 53.6312 13.1992 1.83286 60.5687 14.6911 1.97141 61.5621 14.072 2.62146 64.5322 11.9252 2.35656 64.2107 13.4419 1.9173 63.5452 11.1895 2.42489 57.2099 9.68678 2.38804 63.5901 14.4146 2.14614 64.8975 14.9269 2.16248 52.0982 11.7279 2.42533 48.8191 12.9654 1.9329 50.5336 13.9682 1.80776 46.3411 14.6074 2.46394 48.8813 14.5732 2.37963 53.9107 13.9878 2.5 55.7626 14.0733 2.2408 43.6684 15.457 2.27898 59.1352 13.871 2.25831 61.5148 11.2582 2.09565 62.0764 12.6831 1.9912 60.8248 13.418 1.96005 44.7215 12.1118 2.18837 42.6758 11.1617 2.50112 47.7152 10.6448 2.25498 52.5318 9.49112 2.4932 49.3746 12.1316 2.15087 65.51 14.0373 2.45486 58.0504 10.5602 3.05851 60.4984 9.28488 3.28231 59.6552 9.7984 2.78651 51.8339 10.9529 2.37614 50.5726 12.6212 2.56985 45.6501 13.8749 2.19184 42.9454 13.2192 2.4399 46.4524 13.0342 2.11564 44.0577 14.0167 2.86934 42.2028 14.768 2.65905 48.6534 9.15337 2.51562 51.6019 7.95806 2.76883 44.8713 9.89268 2.77118 49.6918 9.89979 2.55486 50.6376 9.95051 2.62694 53.7822 8.55961 2.44495 40.4574 11.0015 2.84614 40.2719 13.381 2.57904 39.0746 12.7484 2.81912 56.4986 8.29035 2.60106 57.5181 7.43779 2.75741 58.5635 8.7085 3.10414 61.7696 9.47714 2.92833 62.7727 8.94018 3.47133 43.3535 8.40747 2.96996 45.5616 7.84041 3.12559 40.7956 9.98207 3.19746 49.3158 8.1866 2.75088 59.934 8.05684 2.8247 50.3978 11.3204 3.92586 61.7453 8.02609 2.85038 50.1964 12.6899 4.98011 41.0808 7.95632 3.4477 40.7379 8.97629 3.1671 47.5832 6.38679 3.95114 39.2594 10.9097 3.61689 63.946 8.21126 3.26984 65.6092 11.6937 3.67533 65.8543 13.8885 3.84886 58.654 6.91832 4.15089 52.2122 6.48323 3.57847 54.7108 7.34628 3.52272 62.0539 6.45296 3.87171 51.4379 12.7562 4.95062 44.5264 6.71498 3.94636 56.7512 5.68159 3.88265 55.7897 4.4282 3.54366 58.0024 4.40687 3.60376 54.893 5.77276 3.9799 65.143 9.02304 4.95159 62.8166 6.50252 4.41471 39.3966 9.69369 4.32566 65.2005 9.74081 4.59899 49.3429 6.55202 3.96453 52.0458 11.8886 4.21342 65.4154 10.8649 4.53079 48.9493 4.19959 3.77347 52.3423 4.27462 3.5436 49.5784 5.09321 3.95637 53.5286 5.20113 3.8416 56.0467 3.68562 3.97368 60.4553 3.72369 3.9954 58.9642 5.12739 3.98155 59.6636 4.52351 3.49508 59.7261 5.55273 3.75286 61.5549 4.36125 3.88292 60.7519 5.42066 4.20687 51.1851 3.51203 3.93548 38.3249 8.64016 4.5624 45.1618 5.34508 4.8408 46.2178 6.53611 4.28274 46.1881 4.81181 3.74746 48.3611 4.6697 3.78946 47.3823 5.24336 4.11662 42.2278 7.0278 4.19555 44.9554 4.136 4.1545 47.161 2.44491 4.21194 49.5695 2.66754 3.90605 48.8664 2.37078 4.27103 50.7988 2.30848 4.09428 53.2298 2.74602 3.99972 57.3513 2.43451 4.16206 58.8927 3.11085 3.93093 61.1331 2.76883 4.05254 61.7199 3.76719 4.37833 39.522 7.09611 4.49496 59.2334 1.45895 4.56471 44.3858 2.53462 4.63112 49.3515 0.78703 4.83297 67.1289 12.7416 4.72424 52.2066 1.89743 5.42179 53.5707 2.00952 4.31864 56.658 1.07201 4.87836 41.6833 6.08136 4.73054 57.7728 1.61702 5.14205 37.5309 9.4912 4.81175 44.1091 5.08269 4.53486 42.4555 4.05614 4.90629 43.9204 5.94193 4.08683 60.9194 0.474341 5.82909 46.6276 1.8085 4.87247 61.7218 1.07701 5.66456 48.1069 1.14733 5.52106 62.7272 6.70111 5.84296 67.0889 11.2656 4.86274 41.0478 5.19376 4.93047 54.8041 1.12257 5.11377 54.0131 0.484068 4.7428 49.8187 -0.68361 5.02774 51.587 0.913467 4.64158 65.847 9.77872 5.30304 37.1766 6.37103 5.74479 39.2681 6.10176 4.87733 57.5524 -0.731546 5.29563 58.9232 -0.0102219 5.65569 48.2985 -0.563046 5.17039 33.9378 6.73382 6.55782 51.8828 -0.934039 5.67438 54.2165 -2.23111 6.18689 52.2974 -2.33552 5.97 55.888 -1.25288 5.03382 52.6661 0.651484 5.58879 43.0935 2.26712 6.31236 44.4863 1.38136 5.68865 38.4257 5.41054 6.21518 46.4566 0.439765 5.37097 47.1395 -1.46127 5.81778 48.995 -1.71684 6.12153 65.3219 8.47907 5.94561 50.8112 -1.78772 5.61777 61.6895 4.59084 6.45178 40.3839 3.73388 6.17101 66.1587 9.05636 8.32904 55.8035 -2.35588 5.9628 60.6067 -0.330023 6.21916 61.5566 2.89046 6.71531 48.1863 -2.64992 6.27982 51.4891 -3.57766 5.93238 67.5616 10.7708 6.29845 49.1009 -3.6258 6.09985 50.505 -5.37106 6.61715 46.0477 -0.561307 6.75077 44.4982 0.134298 6.82051 53.7623 -4.69912 6.44257 53.7168 -3.50718 5.90101 52.9535 -2.8332 6.28976 56.1946 -3.25754 6.20934 57.4426 -2.99057 7.17293 37.5639 6.14973 6.99459 61.3882 0.885743 7.43749 63.2918 6.22487 6.90746 51.7276 -5.32991 7.29128 54.8948 -4.09161 6.72171 42.1162 1.93485 6.86093 56.1555 -4.73744 7.12949 59.8114 -1.85496 7.53251 60.6289 -1.00983 7.75973 61.4651 1.91324 8.33829 64.8171 7.64394 7.86197 40.6232 2.90454 7.8043 50.987 -6.30568 7.38866 48.9573 -5.5664 7.49088 52.504 -7.04929 7.74992 53.8002 -7.43337 8.23484 42.2437 1.37378 8.00292 62.0041 3.68389 7.2612 39.0238 4.58461 7.20367 58.2448 -3.83398 8.30019 46.896 -2.46002 7.95821 63.8623 4.69074 7.43493 34.9828 6.1685 7.87431 48.2917 -5.39668 8.31094 33.5776 7.52551 7.8535 39.2563 2.96413 8.38019 55.6254 -6.15558 8.54206 57.151 -5.39761 8.75294 44.936 -1.08466 8.39295 64.1163 4.25836 8.47581 36.6471 4.79392 8.85897 50.9649 -7.46928 8.49064 33.8807 5.2072 9.31676 41.5241 0.917388 9.37921 46.2129 -3.12818 8.61044 60.1401 -1.56489 9.93754 48.2536 -6.5946 10.1862 39.119 1.90295 9.61973 35.7785 4.02055 9.59519 42.9828 0.394195 9.51521 54.8625 -6.45168 9.50224 46.2842 -4.47388 9.36042 45.6949 -2.42942 9.3866 59.1261 -3.20269 9.18253 61.7509 1.19779 9.74836 65.6649 8.97556 9.94172 50.6823 -7.599 9.94463 63.3032 3.45333 9.32051 63.7132 5.21561 9.88065 64.5298 7.29171 10.4594 53.1012 -7.12808 10.1171 35.9582 3.30645 10.5591 34.2257 3.82817 11.1882 44.4967 -1.13235 10.2093 49.7703 -6.68948 10.8866 39.8746 0.328414 11.5999 44.9878 -2.70971 10.4951 44.416 -3.91478 10.3113 31.7888 5.08982 11.148 58.0677 -3.37011 10.8348 56.6579 -4.81555 10.3625 45.8834 -5.9706 10.7614 65.983 9.74823 12.1932 48.2714 -6.52255 11.2558 36.2631 2.76991 11.3637 59.5958 -1.636 10.8288 43.2029 -1.65117 10.7777 42.5121 -3.1152 10.9904 42.9574 -0.48073 11.1846 52.0247 -6.45436 10.8405 54.1425 -5.50645 11.343 44.4004 -5.90931 11.4789 62.6574 3.10489 11.8057 63.7321 6.44884 12.4662 66.6604 11.2977 12.0794 56.9164 -4.50469 11.595 61.3434 0.23351 12.3338 51.6239 -5.92911 11.5237 53.2831 -4.65873 11.3965 45.9167 -5.71473 11.5564 55.6341 -4.29132 12.2955 41.5055 -2.48196 11.5129 40.3146 -0.74596 11.3987 49.3943 -5.26567 11.5619 56.4336 -3.28975 12.9399 57.9343 -1.54837 12.6766 39.4721 -1.62446 12.1183 61.8739 1.32387 12.723 43.0495 -4.9282 12.481 46.0914 -4.83677 12.2555 51.0746 -4.18174 12.2261 41.1688 -2.84317 12.8607 36.0655 1.44701 12.8327 34.8433 2.79385 12.4001 53.4245 -3.70111 12.5009 38.5669 0.207735 12.405 58.6882 -0.603961 12.3892 64.9791 8.44831 12.6213 43.9529 -5.03297 12.9131 31.192 3.25305 12.8079 47.1757 -4.36727 12.6534 33.6339 2.67527 12.9973 55.0478 -3.0604 14.1101 50.2576 -4.21705 13.701 59.8828 1.37109 13.2168 63.1462 3.27556 13.3361 34.7627 1.69358 12.9807 51.6419 -3.40977 12.7971 63.5428 5.66465 14.1319 56.4124 -2.23553 13.3625 39.877 -2.08088 14.0086 37.8532 -0.367861 13.7223 57.667 0.0283819 14.3782 36.4379 0.42145 13.6486 61.3206 3.07853 14.7851 53.5021 -3.59927 14.2057 66.0722 11.8776 14.0742 62.8449 4.0318 14.5355 64.0892 6.36524 13.6441 33.495 1.02792 14.3608 33.2372 2.11238 14.2835 45.7445 -3.79804 14.5301 42.094 -4.1017 14.551 59.3741 0.744762 14.4359 44.1994 -4.47261 14.5891 47.8033 -4.3605 14.0807 48.7491 -4.17925 14.4084 31.2088 2.36212 14.8076 38.1621 -0.650595 15.3628 65.2344 9.50284 14.9642 56.816 -1.39997 14.9266 61.9386 3.60554 14.9233 40.9194 -3.62075 14.4173 30.763 2.87735 15.2738 60.9158 2.64955 15.423 40.7015 -3.16475 15.7513 64.0348 7.35198 15.133 63.8429 5.55814 15.9858 39.9648 -2.51726 15.0004 51.3222 -3.71804 15.3365 31.3455 0.844565 15.8892 39.8818 -1.66924 15.8689 34.4775 0.597051 15.7557 39.4359 -1.22558 16.2713 46.1634 -3.00699 15.2675 54.2878 -2.53815 16.1456 48.8642 -3.31079 15.9714 57.7661 0.404664 15.8787 58.8741 1.1484 15.6082 64.62 8.93632 16.1611 36.0594 0.771589 16.1236 55.7721 -0.86405 16.2827 64.0975 7.72982 16.7131 42.5524 -2.90328 16.1171 45.1037 -2.91769 16.0008 46.1484 -2.58289 16.4747 60.1995 2.80891 16.4905 61.9691 3.01013 16.1841 62.8742 4.57662 16.6288 34.1053 0.985551 16.6027 53.1264 -2.78452 16.4661 30.5796 2.76563 16.552 50.4097 -2.86132 16.3695 31.4682 1.92047 17.1954 58.5643 3.45531 16.6445 40.7902 -1.42515 16.9121 64.8427 11.1291 15.9955 47.712 -2.45969 16.5949 53.1761 -1.14795 16.4531 54.4024 0.810048 16.6701 56.6791 1.03309 16.7609 57.1106 2.6323 16.5357 35.771 -0.0355923 17.6631 59.6502 3.94084 16.5917 51.1299 -0.964149 16.7559 44.2453 -2.18877 17.1102 62.8093 4.80417 17.762 49.7531 -0.807773 17.1265 64.8584 12.3165 16.1315 64.8756 10.6089 17.4648 51.5015 1.44522 16.862 37.3706 -0.773525 17.7141 44.5954 0.369632 17.6768 46.2831 -0.864376 17.3527 48.3103 0.722276 17.2985 63.6942 6.99401 17.6496 30.8653 3.27796 17.71 33.7979 0.31432 18.6809 59.7379 4.20045 17.8042 60.4807 4.34188 17.7453 40.4104 -0.179781 17.5631 50.3883 1.32319 17.339 51.6349 3.04484 17.5672 47.0028 0.419686 17.5015 53.7916 3.21237 18.0001 55.0966 2.93112 17.5506 56.177 3.45941 17.4943 38.8795 -0.902428 17.4635 49.9738 3.2319 18.2824 41.256 0.0211153 18.3695 64.709 9.26453 18.0893 65.6515 6.80054 17.3779 65.5484 9.55694 17.7302 47.6707 3.16711 18.5122 54.2617 5.72305 18.3423 32.3746 1.18926 18.7271 57.1832 4.6626 18.5042 35.7934 0.784375 19.1981 64.5036 7.48667 18.2536 43.6732 3.35105 19.5321 52.1314 4.10094 17.6407 54.0293 4.21531 17.849 37.752 1.44082 18.7856 39.6622 0.779851 18.7133 63.4746 6.45064 19.0095 42.3065 1.72575 18.6879 44.6524 3.02158 18.9823 65.2533 10.2147 18.5088 51.3383 5.65133 18.9648 49.2246 5.83304 19.4604 55.4728 5.80502 19.2869 30.853 2.30848 19.6371 30.5558 4.59901 21.3607 61.1671 5.01228 18.6187 59.5881 6.09869 18.845 60.7235 6.30269 19.5647 53.4332 7.28054 18.9713 42.3924 3.35206 19.701 63.9266 7.3952 19.7532 63.4414 8.05967 18.7668 62.39 10.3874 19.5002 64.1868 9.60302 18.5137 59.2442 7.23693 19.9035 31.6237 2.20238 20.5896 62.6578 7.65575 19.6474 45.8484 4.09776 19.9262 46.9806 4.77164 19.4058 39.8546 3.10108 20.1225 55.1124 7.27228 20.0403 35.4903 3.03108 21.082 38.3526 3.18401 20.0131 37.1232 2.86539 20.3835 51.0297 7.57428 20.2236 58.3092 8.27103 20.1894 53.8619 8.25654 20.4867 33.4982 2.39238 20.6048 61.4513 8.5435 20.6114 61.6408 11.3969 20.303 45.5508 5.83477 21.2083 53.896 8.73262 21.2135 30.93 4.00828 22.2461 42.4091 3.53752 21.3411 49.1079 8.27162 21.8818 58.4255 9.37051 21.7264 46.4564 8.17405 22.368 39.3588 3.85818 22.568 44.41 5.76827 21.9868 45.7894 8.02327 22.323 51.182 9.29496 21.8655 41.5127 3.74036 22.6546 60.6341 12.4081 20.632 59.0363 11.212 21.6356 32.6452 3.12101 22.1555 59.0796 12.8918 22.1868 38.0206 3.68291 22.957 52.636 9.61448 21.8032 34.7329 3.6792 22.6868 45.1535 7.54079 23.8778 56.1177 10.9617 22.4385 47.569 9.5582 23.2277 57.2499 11.7063 22.9811 50.1701 10.2938 22.4865 54.2624 12.1973 22.8429 51.436 11.5404 22.7238 56.031 11.5029 22.9413 32.8431 3.1186 23.1995 47.9298 10.8932 22.7796 50.2483 12.2496 23.0926 39.8568 7.0858 23.0813 37.222 6.22489 22.9285 37.7789 8.96075 22.6945 39.9579 9.02797 22.6766 38.8272 12.5594 22.6125 40.2942 11.2806 22.9498 39.8728 4.81595 23.0117 40.7805 13.5518 23.2107 41.5829 13.4924 23.0366 41.5048 11.752 22.8762 42.3925 12.3337 23.3287 38.7382 14.018 23.016 39.573 14.5122 23.6795 52.3077 11.8411 23.0719 35.8612 6.58142 23.2143 36.1012 4.50569 23.2702 59.2623 10.8342 23.3742 42.4585 4.58188 23.7531 44.3822 5.80648 23.5959 33.7887 4.6912 23.8187 43.6016 11.6153 23.049 42.4941 9.91942 23.4065 45.4683 11.1816 23.3688 30.5192 4.56193 23.85 36.0973 14.4786 23.2352 44.1296 12.5164 23.4766 48.4068 10.6946 23.8199 53.1817 11.8041 24.1212 42.5826 7.88882 23.5424 46.2012 9.44851 24.0324 44.1891 9.27682 24.1904 32.2811 4.06355 24.2866 36.7183 14.9927 24.1824 40.5009 13.061 24.3326 51.3636 11.5408 23.996 50.1114 11.2536 24.262 38.5219 14.4838 24.4492 57.8646 11.2497 24.3726 40.8266 12.3625 24.38 34.3184 8.19525 24.2301 55.3878 11.7084 24.6946 42.3949 11.4885 24.2145 43.8642 7.78732 24.3052 44.6137 10.8863 24.2389 32.9818 8.66758 24.2446 33.0218 10.0429 24.9467 37.3254 15.2755 24.8262 53.9431 11.8683 26.6953 43.2164 11.2585 25.7004 30.8531 6.05904 24.8279 46.5491 10.2671 25.9076 48.9599 11.1998 26.0948 36.547 15.8013 25.3139 38.7142 13.8111 26.1359 40.1643 13.408 25.5653 56.8682 12.8039 25.7143 40.7196 12.3083 26.1395 51.2471 11.8657 26.3178 52.1424 11.5042 26.4586 37.4283 14.5672 26.0763 44.7936 11.0545 27.3207 56.1006 12.9585 26.5718 51.4314 14.0192 26.5876 37.164 15.634 27.5117 48.5713 15.1659 26.8899 50.2347 16.7677 26.2923 50.6307 15.6872 26.5624 50.1495 12.1498 26.8219 51.9931 14.2201 26.9946 47.2993 11.0972 26.8259 38.9425 13.885 27.0287 48.0891 12.1497 26.9804 41.6557 12.7292 27.5578 46.3364 13.27 26.9321 45.7379 12.2607 27.3371 46.1194 14.589 27.3152 44.0616 15.3715 27.1241 47.0045 15.8041 27.0695 44.6223 16.4232 27.5068 43.2791 19.4882 27.1373 45.8493 18.0407 27.1529 45.3865 20.3433 27.3503 49.1606 17.4523 27.0615 39.8285 14.9548 27.6099 41.2674 14.4597 27.5927 41.2302 19.8049 27.7217 40.6303 18.9048 27.2212 40.0238 17.4333 27.5691 41.2041 16.4483 27.6177 42.8539 16.4593 27.597 34.2323 61.6427 1.19243 33.3451 62.7493 1.3377 34.5581 64.1081 1.1651 31.7324 64.8214 1.49648 33.2504 65.6523 1.89792 36.6291 70.5696 1.49906 37.9736 70.9623 1.32844 30.7523 58.7556 1.40904 31.9292 60.0236 1.03685 29.5261 60.6548 1.42535 32.9606 58.6782 1.05343 34.2699 66.2801 1.3689 30.8719 61.6841 1.80366 32.8679 68.1773 1.72371 35.4913 68.8304 1.34557 33.5739 70.0098 1.74464 37.8194 73.5543 1.58773 26.7408 60.3793 1.93877 29.3834 58.5154 1.48929 30.4235 58.0162 2.1434 39.634 73.9631 1.65017 31.3162 62.2855 2.30881 35.5485 66.1817 1.89214 40.4981 77.3138 1.51642 41.5538 77.1122 1.50639 36.9023 66.2691 1.74369 34.3065 70.9625 2.35325 40.3277 80.5027 2.11601 40.1043 78.3728 2.32614 31.743 69.3295 1.79851 31.6963 66.5345 2.16907 34.2359 73.6814 1.76812 35.8449 73.8704 1.76049 31.5893 54.6088 2.5763 27.4475 57.9431 2.40058 28.3278 61.6393 1.88423 29.2292 62.1215 1.62357 38.714 75.4382 1.71661 39.708 74.6886 2.18598 29.2958 65.1671 1.72207 30.2401 63.502 2.25511 38.901 77.7218 1.79086 30.2621 70.9363 2.28945 31.1589 71.7863 2.75128 25.6616 62.3444 2.17236 38.8276 79.5343 1.89969 32.3226 72.2126 2.11985 33.2337 71.8138 2.58275 30.017 74.6448 2.39735 31.9675 73.5008 2.12023 39.1774 80.9698 2.17426 29.0556 63.3759 2.35948 26.1569 64.9553 2.25945 41.1895 81.3673 1.98942 32.735 75.7295 2.28961 40.1225 82.9271 2.38565 26.8379 66.3936 2.44194 30.415 66.4428 1.9165 29.2858 68.8599 1.94411 28.7187 67.2351 2.6322 25.5226 59.6654 3.03934 36.7601 74.4606 2.44723 36.9358 77.1907 2.13309 36.2438 77.579 1.98818 36.0919 75.1232 2.22413 29.9328 52.6002 3.39247 25.9561 63.4562 2.75844 37.785 81.3264 2.41854 27.5472 63.5223 3.05317 38.7754 82.5431 2.92715 37.5455 83.0269 2.39734 36.8028 82.2174 2.2039 41.0138 82.7985 2.66496 33.7756 77.3624 2.28043 32.1806 76.7504 2.12401 33.9634 78.5669 2.32667 32.6708 79.0247 2.89587 34.1509 75.7563 2.76011 28.4883 70.9682 2.50047 29.1663 72.5793 2.75414 29.6346 49.7957 2.15434 37.5424 78.0156 2.60384 34.8463 78.4958 2.74296 36.6186 80.3619 2.20497 30.1308 53.9818 3.38791 23.8691 60.4209 2.61682 30.3962 56.4323 3.48966 27.7391 68.1561 2.47721 26.8394 69.3637 2.38867 34.8901 81.1619 2.57615 33.052 80.6964 2.6606 25.3076 70.3434 2.93347 34.7783 82.0089 2.4807 32.3172 82.0111 2.78978 35.3644 83.7948 2.8187 37.902 85.0237 2.52947 38.7211 85.1559 2.6324 28.2463 74.1019 2.6337 28.0045 75.5034 2.67916 29.6595 76.2737 3.57526 25.7075 57.9112 3.06749 29.0655 56.299 2.93249 31.7045 77.8994 2.41701 23.4634 62.9391 3.01555 23.8856 66.302 2.5939 26.5337 67.7479 3.34853 24.8699 68.5334 2.57427 33.9017 82.7978 3.22334 27.1754 71.9063 2.60739 36.2973 85.2485 2.74436 33.6713 85.0191 3.03685 34.6493 87.3759 3.39316 27.7339 72.9124 3.23984 36.7899 86.9118 3.11151 23.8584 59.5235 3.13555 26.4563 73.9078 2.85032 28.5682 50.6353 3.11796 30.2555 77.8951 2.76484 25.1009 63.6934 3.33056 27.8866 77.3268 2.69715 28.5962 79.119 3.08297 22.4103 69.8543 3.13104 23.1751 66.8391 3.00238 26.2582 76.9606 3.87213 35.7382 87.1387 3.80146 27.9176 56.0013 4.29953 37.8022 86.781 3.81774 27.462 79.6337 3.52288 29.9957 79.7898 3.3043 28.7214 80.8953 3.11544 31.3103 81.5649 2.86812 21.7212 67.6858 3.85409 24.3127 71.5414 3.22869 29.8913 83.0338 3.29726 31.231 84.0468 3.23725 25.9324 71.5962 3.40991 27.6645 48.9927 3.5576 26.0897 75.4036 3.66582 33.7952 87.3204 3.78472 26.7499 78.3816 3.25387 30.5149 85.7799 3.25324 32.8066 87.5202 3.68759 30.7297 87.7192 3.76351 34.0548 88.5982 3.23019 31.4482 88.8771 3.58404 23.1649 61.5531 4.08596 23.1374 59.7119 3.75027 36.0925 88.3003 3.08751 22.1322 63.0697 4.58153 22.5449 64.8577 3.30482 23.5616 64.996 3.86465 26.8559 82.1747 3.39826 36.5103 89.72 3.2942 34.3738 90.2267 3.49525 22.6444 71.5845 3.43954 28.0476 85.9509 3.56156 28.0521 84.4192 3.63757 28.1985 52.7818 4.09766 25.0515 73.0266 3.41549 29.3465 83.913 3.78989 22.2624 74.2879 3.33012 24.1572 75.1276 3.22818 23.8956 77.718 3.4551 23.8875 57.4663 4.21073 23.9563 79.6991 3.69039 24.8228 80.4249 3.89571 28.1231 54.3083 3.83519 34.3288 91.6728 4.24791 25.6571 56.1227 4.12387 35.7629 90.9715 4.24555 22.1961 66.5447 4.91732 21.9769 71.5977 3.86836 21.7425 72.6459 3.68396 23.5281 72.7696 3.95848 20.0574 74.3257 3.86281 29.2528 86.7953 4.18002 21.0622 75.3886 3.75152 22.4105 76.7127 4.30649 31.6739 90.1179 3.72436 21.1563 78.5822 3.82992 21.4768 81.5928 4.54706 23.4419 80.7014 3.62525 23.9082 82.6236 4.07306 33.3295 90.6551 4.21835 26.0894 84.1116 3.92731 22.379 65.3309 4.16244 19.3207 72.1504 4.60922 25.4388 85.7485 3.85376 26.6874 87.5079 4.10664 28.2815 88.693 3.86875 21.0901 76.9159 3.78968 29.1783 88.6035 3.79398 30.321 90.802 3.86612 30.8277 92.1856 5.04046 29.7452 92.0426 4.62895 32.1231 92.7406 4.2061 21.3995 61.5007 4.73032 27.5676 53.8438 4.71598 24.8932 84.1964 4.43608 26.9338 84.924 4.29567 22.2734 86.7713 4.31237 24.454 87.1205 3.9885 25.4833 87.4274 4.61087 26.4992 89.5418 4.18964 27.9184 90.8831 4.28618 21.0446 80.115 4.90809 33.3612 91.9933 4.83425 22.5337 83.7701 4.1165 23.0488 84.8873 4.81313 21.9091 85.3618 4.22303 23.4546 87.8093 4.5983 21.7716 67.9361 6.1588 25.4784 89.6119 4.54286 26.2955 91.4163 4.70688 18.5232 76.0793 4.87205 18.0435 74.9706 4.39235 19.7314 76.3668 4.97035 24.0721 55.857 5.49251 19.0069 82.9379 5.02823 19.6728 86.7601 4.96471 22.0683 87.7131 4.80156 28.8789 93.5713 4.71163 19.0834 78.4889 4.20353 26.1788 48.1418 5.81819 17.0389 78.285 5.12335 21.2139 59.6729 5.10209 19.9106 61.7231 4.87172 18.0975 85.9431 5.7354 19.195 84.2418 5.42099 22.4309 57.9274 5.58303 27.1522 55.757 5.31043 20.2279 64.1791 5.46852 20.5722 65.4647 5.04725 22.6137 88.5096 5.68465 24.7614 90.0959 5.20074 19.9014 71.562 5.54537 21.3801 71.4528 5.49836 26.645 50.5978 6.22785 26.9892 52.6984 6.1199 16.6669 75.1133 4.84814 17.0233 77.176 5.27995 17.6137 80.0304 4.81242 19.3442 79.7981 5.09911 18.1933 72.5314 5.48576 16.0763 76.4874 5.44995 18.54 81.1497 5.6339 25.5742 55.6463 5.96382 15.9089 82.9536 5.74976 16.7382 81.8615 5.18305 17.1586 84.1142 5.4113 19.5771 60.8825 5.5932 20.2246 58.6123 5.69035 20.6692 87.5368 5.74839 21.8485 66.8155 5.82911 15.8888 74.8934 6.01267 17.1785 86.654 5.60436 18.5953 87.5787 5.87901 15.4415 78.6239 5.60918 22.8872 56.2579 5.77255 19.2536 62.776 6.13885 19.801 65.8487 5.95131 25.139 47.127 6.43189 15.3692 76.2976 6.30832 15.8007 79.6687 6.4164 17.1257 87.749 5.90696 21.8993 90.7685 6.18887 26.0381 53.3734 6.8144 25.5692 54.817 6.12508 17.7287 64.6455 7.00329 19.6144 67.4847 6.40075 16.8518 71.7609 5.99074 15.7566 87.319 6.56042 19.8737 89.2299 6.22991 15.822 84.6983 6.60917 18.338 60.8068 6.34497 19.1504 59.307 6.40686 24.2187 55.5165 8.08718 20.7327 58.0371 6.64028 22.2495 56.2275 6.89905 18.1704 62.3216 6.68049 18.5141 67.6383 6.66387 15.2837 73.3034 6.36942 17.5605 88.9422 6.53587 24.6316 48.5636 8.37655 15.5873 78.7523 7.03321 16.1896 82.6943 7.55179 19.0945 91.1941 6.68043 21.4381 93.4218 7.16709 14.7647 70.9369 7.18854 15.0958 85.9578 7.33666 19.9696 59.3653 7.23242 17.0526 67.0843 7.29082 18.3521 66.6409 7.12231 13.322 72.5928 7.76265 13.2091 75.2281 7.44195 24.7552 54.6369 8.02225 24.05 46.9724 7.60623 25.4394 51.3037 8.25053 20.3329 60.1908 7.45954 14.1579 88.4333 7.1856 15.7642 89.6215 6.94447 14.2925 90.7864 7.30313 16.9654 92.1264 7.40794 14.3762 83.3511 7.18798 13.3632 84.0497 6.8017 12.6583 81.6177 7.18736 14.1626 85.9525 7.0516 23.1844 55.5344 7.51224 15.1383 84.6199 7.63709 12.6085 86.44 7.55991 21.2202 57.6056 7.63248 18.4619 61.595 7.72244 17.5255 63.4279 8.01736 16.7717 65.3961 7.52276 12.4349 75.7513 7.98497 12.797 78.5195 8.36238 11.3263 82.7919 8.15854 16.167 66.9733 7.94237 19.7311 60.5245 7.91783 13.8553 89.4705 7.85997 14.2003 79.912 8.12604 13.6162 82.2018 7.87707 22.9485 58.156 8.05073 12.9702 70.2438 9.18617 11.9359 79.8329 7.92231 10.6553 80.8077 8.24949 13.9938 87.5123 8.585 14.7727 81.2345 8.2117 22.8063 59.4628 8.09619 19.8073 60.2464 8.75941 18.2758 61.9479 8.5683 22.4229 46.6857 9.57388 12.0308 83.8201 8.55616 11.8322 84.6978 8.57292 24.5653 57.8997 8.58909 11.3271 86.0474 8.88267 12.1495 87.349 9.36054 9.38057 82.3833 9.93788 25.0425 55.7732 8.66073 16.1353 65.7571 9.18804 23.8933 59.3283 8.953 22.1368 59.0217 8.85578 17.4284 63.7072 8.929 11.7468 79.1168 8.85429 24.4565 50.6456 9.69723 24.447 54.4687 9.08611 17.6893 60.1309 9.52205 14.2355 89.7458 8.82429 24.8488 52.9131 9.42052 10.2411 78.9244 9.24329 10.0723 84.0057 9.29902 10.7086 84.9058 9.95076 11.2863 72.6911 9.9581 24.5575 57.3032 9.27304 15.0023 66.8321 9.7753 17.0153 61.8084 9.1321 22.5546 57.8952 9.44417 21.3187 57.6166 9.57997 11.2605 87.6315 9.61972 9.64833 86.5239 10.2823 9.92456 77.0398 10.5592 16.7159 63.9798 10.2182 19.778 58.0035 9.39202 12.1696 88.4348 10.492 9.02725 81.1398 11.5463 21.9114 55.6405 10.2223 18.0207 57.6452 10.1576 17.2425 60.1827 10.9256 16.156 61.4252 10.5853 15.8538 65.9396 10.4303 9.73313 84.7303 10.1895 23.5541 53.2441 10.767 14.6644 66.7328 10.8083 9.40389 78.6462 10.0627 9.21769 79.8282 10.8413 22.1725 48.1391 11.2631 21.1732 55.9392 10.6569 18.8098 57.1389 10.7396 9.62428 88.1131 11.5238 10.8962 89.2011 11.5217 11.5221 70.7946 11.0893 7.97862 82.3668 12.4658 9.37309 83.2272 11.4023 20.0382 45.7304 10.8258 20.7636 54.6599 11.3834 19.7549 55.2201 11.4361 15.3532 63.1171 10.9593 13.9487 67.4491 12.0274 10.193 71.5274 12.8428 21.8044 49.6051 12.4675 23.0316 51.6867 11.8295 8.85814 76.2446 11.7805 8.11299 78.4918 11.7798 8.79142 86.3306 12.0744 8.2935 85.2494 12.8573 8.32451 79.6774 12.1726 21.0801 53.6299 13.6349 16.9819 59.2869 12.146 14.5038 64.2567 12.0933 17.9987 45.5301 12.533 19.2218 47.1187 13.569 8.39925 74.2067 13.6079 17.1798 58.0179 12.4498 20.3928 52.1206 14.8812 15.6267 60.9171 12.5692 8.36256 77.3691 12.9015 8.82057 85.543 13.9253 15.3185 62.7769 12.7309 13.5233 67.732 13.8298 13.3136 66.6886 12.8641 20.2757 51.1583 14.5508 18.1975 47.4981 15.3092 18.9995 55.8205 13.6636 15.9311 59.658 13.1658 18.2449 56.6023 14.3278 9.94724 88.1806 13.3261 18.9473 48.2481 14.8302 17.112 57.6128 13.423 8.39289 83.024 14.3286 14.8351 60.3975 14.2203 14.023 61.3522 14.2293 13.3622 64.1198 14.3675 8.84272 72.7477 14.4393 12.345 66.0598 14.7619 8.89943 76.1637 14.6117 8.37379 79.5587 13.9744 18.744 54.46 14.586 15.8511 56.1303 16.1705 15.8579 58.1047 14.6259 10.2987 71.1428 14.9892 12.5671 68.9236 14.8903 15.6725 45.4792 14.8616 18.9708 50.2141 15.7183 19.7825 53.6377 14.8834 9.03226 85.4012 15.5843 14.2011 57.6498 15.4372 12.5352 67.3739 15.0434 8.68247 74.7293 15.7736 8.92455 79.0883 16.4538 8.68164 81.4508 14.8433 13.2614 61.1728 15.6026 11.3894 70.0581 16.1312 13.0327 59.4718 16.5516 12.0016 65.2405 15.3728 15.4715 46.1157 16.3862 8.4098 83.489 15.8455 12.2531 63.2516 16.3605 17.078 54.5102 15.8124 16.6238 52.4676 18.9625 14.4769 56.3842 16.713 11.1782 67.5258 17.2065 9.06549 76.1 16.4451 11.1325 70.552 16.873 9.21664 72.4756 16.8108 12.7627 57.9123 17.5662 9.08773 73.7391 17.2741 12.7235 60.4172 17.1411 17.2048 47.8988 16.949 8.79135 82.6543 17.1279 12.6185 62.08 17.777 10.5049 69.2371 17.7241 17.0314 50.8658 18.409 14.718 54.6413 18.6371 15.0487 56.2747 17.3877 10.7485 66.1184 18.1608 9.15031 86.2731 16.2946 14.0551 56.021 17.8013 15.4408 53.6518 19.3383 15.7602 48.5876 19.5703 9.39556 81.819 19.1793 9.79543 85.1273 19.7947 9.76278 77.3094 18.6949 11.1135 64.4736 19.2984 11.3839 71.5375 18.1895 15.1735 46.8677 18.2056 10.2297 74.3228 19.0681 10.2138 75.0152 19.5716 15.9448 47.4822 18.5992 12 63.1463 19.4046 12.7407 59.2578 19.7455 10.7736 69.1953 19.4568 13.9614 54.8182 19.0577 13.0095 55.6752 20.4073 12.8034 57.3881 20.3229 15.5988 50.1617 20.4206 11.9132 61.9133 20.2157 10.6016 68.0925 19.7015 11.481 66.5979 19.9003 12.2603 71.1271 20.2833 13.7671 46.4253 19.9763 14.3608 47.0867 20.2461 11.5326 64.3607 20.7381 11.8525 69.1352 21.34 11.6794 73.7642 21.7133 10.1329 77.9509 20.5347 15.2486 51.9836 20.4649 14.2061 53.8672 20.8177 13.2132 54.8445 20.8887 13.2326 44.5771 20.7811 12.4376 61.5587 21.8005 14.0436 47.4302 21.9158 12.424 60.11 22.0698 13.6681 45.7409 21.0264 10.8639 76.3348 21.6662 15.2921 48.8831 21.0603 11.9419 63.064 20.9806 10.2419 81.6286 21.5177 11.1182 68.1921 21.5745 14.6427 48.787 21.6391 14.8924 51.1466 22.4951 12.9129 71.6529 23.2412 11.2379 66.4465 22.074 11.0894 77.8501 22.5447 14.2925 53.9892 22.1407 13.6343 45.0908 22.7184 14.3369 49.8326 21.9394 11.739 64.8685 22.7511 12.8257 70.3083 23.4937 13.8666 46.7629 23.2297 13.6778 51.4141 23.2839 14.7165 51.9546 23.061 12.067 68.9712 23.6068 11.0249 81.7442 22.7543 13.6249 54.1814 22.6087 13.6946 55.3652 23.5706 13.6903 52.8816 22.8493 12.4336 44.791 24.1839 13.3461 61.3187 23.5665 13.7361 50.1747 24.3447 11.1959 67.7244 24.296 12.0743 76.0694 23.6075 11.8595 78.0704 23.6951 13.5734 54.6683 24.1261 12.7767 63.4153 23.5541 12.7695 47.3206 24.4388 12.0479 81.1198 23.8897 13.4954 49.016 24.3068 13.3854 58.5652 23.9097 11.7201 64.8392 24.0321 13.4037 53.2636 24.7904 13.9381 54.6858 25.297 13.7488 71.2138 24.4922 13.5358 51.7263 24.6873 13.2882 59.4352 25.1473 14.0824 72.9011 25.2613 13.5696 57.3733 24.7447 12.4451 64.1152 25.7823 12.1626 66.3928 25.925 12.4242 69.3558 25.1368 13.4985 78.6303 25.0509 13.0242 61.5767 25.3228 15.1921 69.9057 25.9579 12.5412 49.123 25.1335 13.6123 53.5617 26.6658 12.5625 43.2179 25.6694 14.5704 56.2935 26.2847 12.7702 47.7547 25.7199 13.4858 47.0585 26.7198 12.7171 50.2169 25.9285 14.7235 59.3465 26.3555 13.6851 63.5315 26.9895 14.0708 66.9146 26.9913 15.228 74.3673 26.0593 15.7712 77.302 26.2843 13.4373 45.4913 26.7491 14.346 54.8495 26.5907 14.3019 61.957 26.6577 17.2176 70.78 26.7564 14.3087 43.6234 26.9957 15.1687 54.0331 27.7997 14.5497 65.4293 27.2711 15.5906 68.0918 26.972 16.3431 69.7471 26.4018 18.7866 75.8693 26.8226 22.6858 77.3147 26.4364 20.884 75.0301 26.839 21.5499 80.4973 26.4174 22.8718 76.0706 26.739 15.7768 62.6996 27.4489 17.9619 69.5986 27.5213 19.1463 72.9923 26.8973 22.6738 73.8736 27.1615 23.8198 78.1291 27.5927 13.3303 51.2692 27.8193 15.9692 59.1171 27.21 16.3349 64.9396 27.4965 17.5405 67.5046 28.0074 19.0384 69.9234 27.6636 20.1233 70.9164 28.158 21.1021 72.6703 27.8297 24.0553 75.9801 27.5889 15.8357 45.5823 27.9779 13.7744 46.7937 27.6413 15.6991 57.9494 27.7701 19.5818 68.2019 28.1824 14.2013 52.0353 27.7584 17.6093 59.4114 27.8833 19.1891 58.3243 27.2877 19.9711 59.2045 27.9827 22.2794 58.4065 27.4287 22.0233 60.1966 27.3409 24.0415 59.6226 27.9373 16.8382 43.7638 27.9683 24.5767 48.4101 27.8095 26.5635 48.4425 27.5707 24.0402 46.1696 28.1165 22.2484 50.0828 28.2086 25.5157 50.2545 27.9172 22.9242 52.7984 27.4609 21.0848 50.8758 27.9602 21.1309 53.5722 27.8814 17.1777 57.9816 27.9352 16.9388 62.1476 27.9724 20.6228 55.23 27.6114 22.865 54.4014 27.9713 20.6339 57.1794 27.9686 22.4506 61.6256 28.068 20.4228 60.0803 28.1124 23.1983 57.6188 27.9222 25.1705 54.7446 27.7778 24.275 57.0551 27.4487 25.5007 57.5915 27.747 23.9464 72.6143 27.9727 24.4006 73.6393 27.6632 23.3669 48.0182 28.2075 27.8464 63.7005 28.15 23.264 64.7785 27.7641 23.3846 65.5003 28.1123 27.7112 70.4791 27.8797 22.8781 68.9395 28.1283 23.2411 51.2949 27.7844 16.0155 49.9548 28.0718 24.2602 52.711 27.957 26.4733 52.9267 27.4471 16.7428 54.2389 28.1675 17.4571 51.3465 27.8707 17.748 53.7916 27.9789 26.9375 46.906 28.1699 27.5247 47.5774 28.0976 18.5159 50.063 28.2072 17.4993 64.9647 28.1211 20.0634 54.8702 28.0104 22.3478 56.067 27.9789 19.4298 42.3184 28.0136 23.4105 62.0919 27.6894 25.9628 58.9763 27.9471 24.4907 61.9127 27.9241 21.3332 63.6095 28.1432 20.9165 65.5144 28.0797 22.1512 64.0679 27.7999 23.9808 63.3453 28.0705 19.3077 46.8909 28.0988 26.101 44.6908 28.1361 32.957 93.6605 4.24882 30.0364 93.341 4.23527 33.4804 93.9092 4.52343 31.9117 94.7465 4.39133 33.41 97.2856 5.05427 31.7137 96.4762 4.5899 27.2138 92.7251 5.50717 29.2623 95.3457 5.23615 28.022 93.983 5.03298 30.1923 94.4693 5.37417 30.3719 97.5072 5.23123 31.6317 98.4727 5.04993 31.2499 99.7885 5.547 27.1175 94.1474 5.90808 28.6187 97.7232 6.04399 30.3505 98.602 5.60221 34.5826 102.441 5.66465 23.7628 93.1462 6.96948 30.9911 100.854 5.87598 31.8883 102.036 5.93772 36.1905 102.42 6.08217 37.378 102.643 5.73264 33.4164 104.898 6.51628 34.8707 103.479 6.00268 37.0088 105.117 6.24113 28.8422 98.8004 7.07795 29.609 101.87 8.04497 35.1511 104.407 6.74614 36.1322 105.934 6.49782 38.2719 105.976 6.46514 24.4181 94.5628 7.14064 26.9321 96.203 7.05163 31.0876 102.072 6.89055 37.6221 106.585 7.18232 38.9781 107.283 7.45774 33.1945 102.436 6.9664 35.3043 107.06 6.88264 31.7602 105.054 6.91851 33.6352 107.224 7.60243 19.3231 93.5385 7.67046 22.7788 94.7923 7.52786 27.3894 97.9073 8.49909 14.561 91.135 7.16039 15.178 92.2127 7.39068 34.977 107.597 7.92856 38.19 108.843 7.76957 19.503 94.8386 7.81254 28.1154 100.355 8.26694 31.9802 106.003 8.35549 14.0305 91.7895 7.72255 16.987 94.3445 8.04656 20.8379 95.2736 8.52423 39.1248 110.362 8.42338 23.4925 96.2094 8.3179 24.9611 97.081 8.06268 30.295 104.955 8.51477 14.369 94.5264 8.45212 27.3981 99.4875 8.68161 13.4958 92.5499 8.74716 35.8944 108.643 8.35888 13.9237 91.2042 8.71119 22.581 96.6389 8.19153 30.8918 106.919 9.51154 17.5489 95.7505 8.84031 34.0057 108.047 9.3438 21.9407 97.2581 8.78064 23.4139 98.6044 8.63734 28.9082 104.078 9.07827 14.2639 94.8199 9.27253 36.4268 109.68 9.66669 19.7682 96.1317 8.73774 26.215 101.922 9.3334 13.8836 91.4836 9.64534 28.5133 106.442 10.3535 15.451 95.9294 9.23721 20.4474 97.8023 9.19166 23.4782 100.775 9.07096 22.751 100.568 9.39905 24.658 99.712 9.05155 26.7482 102.685 9.70999 13.372 90.0609 9.68131 31.5862 108.094 10.3076 16.8316 97.4453 9.19242 39.4888 110.392 9.56768 18.6242 98.1504 9.80344 23.6364 103.893 10.7608 14.1459 93.7024 10.0193 15.0932 97.6317 9.95671 17.6411 99.285 9.93931 20.7247 101.204 9.83087 18.7071 100.037 10.0615 12.9148 92.637 11.0284 29.9788 107.577 10.521 14.4625 96.3209 10.1002 15.4085 100.293 10.5426 37.9271 110.464 10.7722 22.4731 102.698 10.5132 28.0731 103.91 10.4664 14.8017 97.9025 10.8047 39.642 110.937 11.1573 16.0962 100.982 10.3742 19.512 102.516 10.8091 26.6207 105.646 11.0951 14.2011 95.3475 12.4816 15.0887 96.9528 11.8685 35.8843 110.088 11.8244 17.3513 102.539 11.0344 20.5283 103.743 10.9638 27.8554 105.858 11.0134 33.7426 109.013 11.699 15.1992 100.503 11.6714 41.404 110.88 12.2371 22.4743 103.791 11.5557 12.5643 93.3496 12.0623 18.7034 103.952 12.1665 28.4432 107.053 11.9842 30.0928 108.445 12.0855 32.0865 108.271 11.9808 10.5745 90.1079 12.3471 20.6064 104.396 12.286 24.541 105.678 12.4637 26.1881 105.964 12.5358 13.9703 99.1313 13.0895 40.0886 110.38 13.0483 11.1256 91.9858 13.3813 15.9486 103.175 12.3948 26.7325 107.199 13.0878 35.1481 109.75 12.8053 13.7138 95.6804 13.5342 32.2576 109.547 13.0972 38.0377 110.209 13.9705 14.1915 97.6072 13.0628 14.1842 100.039 12.6248 21.6081 106.16 13.2661 22.9142 105.634 12.441 28.6738 108.161 12.6061 16.3163 104.518 13.0113 14.8659 102.831 13.7061 19.9254 105.468 13.7053 22.7927 106.519 13.4122 29.6598 109.07 13.7344 10.1774 89.752 13.572 12.6843 94.9686 15.1442 14.3343 96.9212 14.5334 25.204 108.489 14.2842 31.4722 109.469 14.6406 33.179 110.002 14.4506 36.0513 109.893 15.1309 33.9057 109.052 15.1774 38.9123 110.5 14.5836 16.2076 105.41 14.3258 18.997 105.635 14.4382 22.3238 106.728 14.5502 42.3176 110.558 14.9386 14.2317 99.5946 14.1605 14.489 102.126 14.8904 20.7648 106.693 14.4256 15.1399 103.617 15.2356 36.7215 109.83 15.4127 19.0329 106.419 15.0217 23.0842 107.514 15.3641 28.1074 109.196 14.7829 29.7613 109.363 15.7936 10.1771 90.1623 15.7842 15.2353 99.1188 15.4483 15.3626 100.572 16.5117 18.5875 107.255 15.45 20.0192 107.606 15.0252 25.9591 108.813 15.5413 11.12 92.5329 15.7854 15.16 97.1692 15.4827 24.3469 108.742 15.8005 31.6414 108.798 15.5359 39.2824 110.438 15.7333 15.8076 104.584 16.6884 17.1369 106.313 16.7088 21.1215 108.032 15.9387 37.6182 110.073 16.6691 41.3459 109.388 16.1629 14.9908 101.511 16.3677 42.9105 109.806 16.7599 24.0494 108.062 16.7369 26.9028 109.352 16.1838 18.3426 107.836 16.4228 29.551 108.725 17.1529 33.6729 109.784 16.4377 14.9963 97.579 16.5902 25.8068 108.47 16.543 32.55 109.058 17.8487 35.1058 110.4 16.9335 15.9287 98.4006 17.3655 22.3565 107.7 16.5405 9.99883 88.281 18.6626 12.0291 93.5106 18.2578 19.0457 107.568 17.5893 28.4776 108.547 18.1296 10.5705 89.8943 18.7964 13.0374 94.9265 18.1561 14.6589 96.7393 17.8261 21.1783 107.289 16.914 36.9802 110.934 17.9883 37.9764 109.732 17.97 40.6115 110.307 17.9063 16.0557 102.05 17.6175 22.2887 106.687 18.0979 24.5082 108.295 17.9916 30.1016 108.911 18.3112 14.4584 98.1903 18.3241 17.3293 103.428 17.6451 18.494 106.514 18.4917 26.1878 108.529 17.9395 44.4368 109.229 18.8083 20.9041 107.242 18.859 32.4983 109.509 19.1375 34.6194 110.882 18.38 42.5735 109.415 18.0678 17.1519 100.324 18.0801 17.188 102.473 19.0578 39.6378 109.959 19.8535 14.9071 96.3242 19.1152 16.2681 98.8438 18.3727 23.428 107.468 18.912 25.0745 107.838 18.5703 27.1645 108.677 19.8291 30.9103 108.677 18.5819 19.0925 104.814 20.4065 32.1924 108.752 19.0322 33.4637 110.426 19.954 14.9658 97.595 19.5835 41.4718 109.129 19.509 42.9575 108.612 19.608 17.4559 100.795 19.5495 22.6884 106.518 20.0004 12.0948 91.0436 21.1065 13.2776 93.3983 20.4309 20.4468 107.02 19.7286 31.8408 110.124 19.5081 15.9088 100.84 19.5947 35.6388 111.151 19.7553 18.2959 103.094 20.6645 19.1638 106.37 19.4054 30.5717 109.688 20.0889 38.1563 109.689 20.889 25.9321 108.597 20.9114 28.5682 108.288 19.538 15.8634 98.5078 20.4609 44.5158 108.776 21.0011 29.8636 110.025 21.1787 10.6592 85.6633 21.8022 32.0329 110.725 20.4778 36.5276 110.486 20.841 19.0577 103.558 21.7624 20.7719 105.427 20.9245 21.9212 105.836 21.2125 11.1397 88.5276 21.3418 15.7969 96.036 20.5842 18.9218 101.224 21.2051 41.1478 108.51 21.0848 19.8362 103.938 21.2202 31.268 109.993 21.1201 34.2739 109.634 22.1658 15.2837 94.6652 21.0287 22.8426 105.366 20.6357 29.0778 108.67 21.1649 15.6027 97.183 21.499 16.7821 100.64 21.3088 27.7083 107.747 22.1235 33.0175 109.538 22.4421 15.8712 96.3859 22.1738 20.8368 105.363 21.9373 25.2001 108.067 21.5609 30.844 108.089 21.5696 17.3839 102.166 22.3487 44.0149 110.659 22.6526 25.3382 107.13 21.7078 28.9357 108.147 22.3035 36.1415 110.084 22.006 38.106 109.769 22.0449 22.7376 107.622 22.3038 41.3777 110.522 22.584 18.4742 103.956 22.4303 19.0131 105.64 22.369 13.5704 89.7806 23.1877 16.2906 91.471 24.2077 16.2121 100.315 23.1141 17.6207 102.218 23.2888 20.1623 106.048 22.415 21.485 107.382 22.6191 15.6934 94.879 23.0734 27.1555 108.98 23.7567 30.0856 109.589 22.9358 12.2485 86.1053 23.4647 34.4533 110.754 22.9452 37.8293 111.088 23.2327 15.8981 98.0922 22.9189 15.8303 96.8689 23.4913 19.5927 105.986 23.4071 25.322 108.305 23.4889 32.6528 110.32 23.1546 16.3491 98.5321 24.5285 21.3416 107.208 23.7252 16.2025 95.9619 23.85 27.8153 109.601 24.7817 35.7485 111.418 24.2588 42.658 111.151 24.2606 17.0557 97.109 24.2857 16.1593 100.202 23.9913 23.6625 107.656 24.0427 38.4394 111.394 24.2127 26.2259 108.596 24.2815 31.0776 110.746 24.8369 33.187 110.935 25.2637 14.5578 88.2298 24.4262 17.2686 92.7865 25.0718 20.1543 105.861 24.586 13.4026 84.442 24.5331 18.6279 101.84 25.4132 16.7424 94.2795 25.1426 22.5088 106.533 25.3378 26.2515 108.011 25.0571 44.0818 110.954 25.6445 17.4335 96.4406 25.3886 16.9408 99.354 25.4855 37.4545 111.304 25.1322 17.2332 89.8685 25.1776 17.5653 91.4512 25.6224 24.4334 106.411 25.3535 35.2071 110.884 26.5615 49.2462 111.255 27.2027 15.0102 83.1797 25.5501 20.8258 104.161 25.6777 15.6717 85.054 25.5628 23.2948 103.655 25.4988 25.1029 104.422 25.5294 30.5418 110.26 25.9179 17.5637 88.678 25.5951 40.9227 110.545 26.5579 45.8302 111.358 26.2599 21.5099 102.202 25.6461 19.7337 101.023 25.9833 27.5828 106.243 25.7463 29.9763 108.878 26.1835 33.8839 109.955 27.1091 18.7767 92.4223 26.0021 18.2511 98.6238 26.4107 18.9164 86.4834 26.3387 18.7277 90.09 26.4275 38.4886 110.193 26.531 25.0449 98.4208 26.3474 26.2048 102.533 26.0616 28.1427 102.109 26.1002 16.7486 81.4109 26.2714 23.7688 80.3119 26.0585 24.554 79.756 26.3597 24.1886 78.7906 26.4481 30.379 105.103 26.4937 23.1921 83.2042 26.3286 31.0811 106.264 26.7469 23.8818 81.7485 26.2483 31.5211 109.328 26.7602 20.2308 91.665 27.4064 18.9645 95.681 26.702 21.3584 99.9054 26.0999 26.4752 99.3046 26.4574 19.943 88.3743 27.942 42.943 110.568 27.4229 19.2064 93.3676 26.6272 22.454 97.6692 26.4072 19.4609 80.1289 26.6408 20.2371 85.1955 26.5033 28.9996 100.221 26.6895 27.663 98.5075 26.523 30.4214 102.197 26.5916 24.2208 83.7076 27.5878 39.4319 110.304 27.7669 20.5377 97.7128 26.6585 20.5638 96.2031 26.8859 25.7096 97.9477 27.123 27.3308 97.4543 27.6135 35.689 110.088 27.434 37.3209 109.88 27.9489 24.762 82.5009 27.2738 23.6597 84.5991 26.8862 33.2993 108.474 27.1878 24.0362 97.3498 27.5768 23.453 96.494 28.0947 31.7526 101.959 27.1246 20.3571 87.3663 27.5731 23.445 86.3391 26.9479 34.536 108.614 27.2428 21.0862 95.313 27.9595 28.2135 98.8289 27.6624 45.3818 110.402 27.9197 47.3213 110.751 27.8545 37.492 91.7843 27.2139 36.8131 90.3386 26.8474 36.1582 91.4163 27.7951 32.5598 104.835 27.1961 33.1027 107.118 27.7598 25.4222 78.9138 27.2466 20.0245 89.9788 27.3336 21.5968 93.5361 27.2583 38.2595 95.6302 28.007 39.4349 95.7754 26.9541 39.6307 91.9255 27.8538 40.889 92.9693 27.7249 40.7201 95.2492 27.4233 38.5971 96.7316 27.632 41.059 99.2019 28.0911 40.1734 99.0026 27.2339 39.8406 99.8581 28.057 21.2914 91.0992 27.056 23.7668 87.7889 27.1593 22.8641 88.5969 27.9281 32.6473 103.206 28.0972 25.3686 86.8079 27.7224 25.3437 80.1594 27.7728 24.1713 88.8638 27.9951 22.7955 90.4723 27.8263 24.1989 90.2744 27.0004 26.7844 91.9289 27.9332 25.0395 89.2807 27.4106 25.657 84.0617 27.189 24.5513 84.9279 27.8324 27.4965 77.4941 27.6273 26.2731 78.6242 27.2921 27.2337 79.7828 27.2466 21.786 92.1596 28.0114 26.8251 81.1597 28.0124 41.01 109.712 27.8896 50.9478 105.479 27.4687 48.1262 103.523 28.0532 48.7396 105.653 27.0876 29.1298 86.8057 27.1251 26.5057 86.6689 27.4444 27.5967 87.5876 27.4632 29.8837 85.3252 27.9869 30.0994 86.6616 27.6101 27.195 82.9626 27.7999 32.6302 87.5513 27.184 30.835 85.3033 27.8328 31.1923 87.3757 27.3563 30.6927 88.5483 27.9803 31.6019 89.7571 27.1209 31.7127 88.6936 27.9067 32.3361 90.1735 27.2818 28.2435 90.0644 27.3406 31.6524 94.4698 27.3836 31.5775 92.5314 27.8281 30.9835 92.9919 28.0098 33.4865 94.7624 27.2035 23.324 94.6523 27.3662 24.0778 92.9121 28.1213 24.7684 95.8172 28.0261 26.9869 95.1953 28.0592 25.313 93.9151 27.15 30.1665 96.4974 27.7441 30.2322 98.6135 27.589 30.5514 94.8203 27.2811 31.7844 95.7434 27.9995 33.1964 95.7443 27.8575 35.5606 95.4653 28.0719 35.5816 94.6726 27.4878 29.4835 99.5186 28.1042 34.695 91.7199 27.0565 33.9362 90.7797 27.6136 33.863 92.3829 27.9801 38.721 92.2265 28.0114 39.8229 90.6796 27.6227 37.3832 98.899 27.6288 36.7682 97.1557 27.8403 36.485 99.1326 27.377 41.2027 96.0933 28.1678 39.9993 97.7851 27.6191 41.1878 98.6373 27.7405 41.911 98.2523 27.2618 35.7916 97.9547 27.74 35.2933 100.005 28.2954 36.9115 100.055 27.9808 21.5223 88.403 27.8311 34.0423 101.333 27.447 36.4746 101.474 27.341 38.8703 102.016 27.8684 36.5511 102.621 27.7476 39.7642 103.281 27.8635 39.7162 101.159 27.3768 41.9008 101.251 27.3671 25.1645 92.3257 27.6822 43.4261 97.9691 27.8965 44.8424 98.3779 27.3348 44.1103 96.9223 28.0853 45.842 97.9856 27.4271 24.2287 94.2938 27.8034 25.6615 85.3154 27.9673 28.2671 85.8917 27.8183 26.4292 88.6856 27.9963 28.7921 87.837 27.9183 48.4479 98.5298 27.3911 46.5611 99.5266 28.0008 29.756 89.0024 28.0203 26.2058 77.2923 27.975 29.8323 90.8806 27.9961 43.5868 98.8719 28.0561 34.9622 85.9395 27.8952 32.5046 84.9147 27.9846 33.7142 89.3319 27.9909 35.1167 87.7356 27.6751 49.4205 102.102 27.5672 47.348 100.606 28.1402 47.6541 102.843 27.3657 28.4076 91.4994 27.3063 28.6218 92.5567 28.0092 33.7729 105.217 27.5015 27.1193 93.9005 27.5348 35.0914 106.542 28.1064 36.6265 104.272 27.3496 35.5859 105.413 28.009 27.5011 84.5993 28.0455 30.6381 91.5275 28.1228 36.9217 106.691 28.0614 30.0796 83.3777 27.5095 28.4467 81.071 27.8597 28.3887 83.5013 27.2629 32.1544 91.6125 27.1865 28.4286 84.447 27.9324 29.3943 94.2191 27.7178 43.2018 105.45 27.8583 39.3177 105.055 27.4537 41.3621 106.415 28.1558 35.6905 108.271 28.0481 30.679 84.4389 27.0947 22.5846 95.0393 27.7627 40.3346 108.565 27.5333 41.8579 109.075 27.8089 42.5535 109.707 28.1705 43.9749 104.561 27.3432 43.1516 103.048 28.2147 44.5581 105.674 27.4234 45.9414 103.398 28.3322 48.167 106.774 28.0461 47.2044 106.051 28.3467 44.4525 107.073 27.8312 42.5365 107.484 27.3374 45.3477 107.7 27.4598 31.2739 98.6712 27.8029 32.1276 98.0171 27.3089 33.3667 98.2665 27.7103 51.539 104.085 28.1108 52.3194 103.1 27.2479 51.5439 102.614 27.6763 46.0766 108.982 28.1533 51.2782 106.446 27.2161 50.0755 106.793 27.9605 32.0979 100.059 28.2045 32.6852 101.508 27.862 48.9378 109.494 28.2671 49.3965 108.388 27.8939 49.8112 109.61 28.0575 36.2278 87.6811 27.1587 36.6347 89.0373 27.8513 35.4883 89.764 27.8908 36.6832 93.5072 27.4621 36.5441 92.331 27.9703 42.515 94.5686 27.535 42.1558 103.418 28.3751 47.5945 104.923 28.1456 46.8571 101.927 27.8882 46.7617 103.72 28.2817 47.0754 108.089 27.5329 34.5455 96.5166 28.1711 38.564 99.612 28.2622 34.3826 102.941 28.3351 41.2072 100.231 28.2619 43.9467 94.7912 27.5159 26.077 96.2951 28.1772 43.2711 101.026 27.7946 44.9602 100.093 28.2829 45.5244 101.845 27.6088 29.2736 96.0483 28.2292 48.9377 100.243 28.2071 38.0225 103.125 28.3379 37.9923 105.269 28.2056 39.3882 106.637 28.1303 36.5922 107.901 27.639 38.4266 108.581 27.9097 76.0239 77.6398 4.71026 76.2369 77.5914 5.46188 78.4391 80.5745 5.87245 82.1718 69.1889 5.28204 81.7465 69.5562 6.51532 83.7537 67.7025 5.95953 82.9501 69.6662 5.41382 80.2056 68.1884 6.78215 76.8188 76.9034 6.86678 82.7439 70.3984 7.35975 77.5813 80.3217 6.84484 76.4993 74.9023 8.40787 78.3645 81.6581 7.71529 85.0672 68.8694 8.15071 84.0284 70.1685 6.61543 85.1118 64.3985 7.48382 85.303 66.9527 7.97195 84.5243 62.2232 7.52201 80.5615 69.5907 7.1223 79.5587 83.5272 7.88391 85.5518 70.179 8.35056 79.2264 69.3414 7.64523 78.6065 80.2421 8.73813 81.4719 85.1969 8.91796 83.0049 70.9321 8.32125 85.1759 71.7355 8.31599 80.1261 70.6528 7.44094 76.6094 73.434 8.60172 81.6778 71.2075 8.22619 78.7588 78.5189 8.77935 86.1373 64.9457 8.82129 79.743 71.2817 8.44405 78.7342 69.8057 8.47272 75.3456 71.4922 9.03953 84.5498 87.5632 9.38127 78.6587 76.6019 9.68515 80.6491 82.549 9.51775 85.2912 89.6468 8.96251 83.2076 71.6929 9.3327 86.2744 60.6017 10.0475 87.0669 61.7885 9.62037 86.0228 67.4314 8.67582 86.591 63.4416 9.10518 87.6216 69.3543 9.36142 87.2777 70.4663 9.3228 85.905 73.0307 8.67091 84.4748 73.9988 9.54729 85.2554 74.8584 9.58193 80.2376 72.755 9.46651 78.9899 72.3396 9.37793 77.648 73.5682 9.14132 81.2594 82.8448 10.8744 76.6815 71.9057 9.53594 78.803 71.1303 9.30611 87.0573 66.3204 9.32928 86.5049 72.5001 9.55384 87.4241 73.4443 10.349 86.0752 75.0765 9.33892 88.9837 93.2743 9.87646 86.9247 74.1026 9.30508 86.0358 76.7394 9.38375 88.8726 94.6964 9.70852 84.166 77.7148 8.51511 84.8457 75.5338 9.88972 90.6341 99.1213 10.5471 86.251 59.3345 10.3878 87.5277 64.8101 9.45526 79.6821 74.8872 9.57758 80.855 73.7255 9.43162 79.2085 75.7481 10.6641 85.6047 88.7201 10.2919 87.3969 90.3832 10.8472 79.6364 79.1628 10.2987 88.1507 91.7475 10.2206 80.3217 80.829 9.99172 87.7026 76.0823 10.4206 82.3446 84.8171 10.1808 84.6557 79.0882 9.64332 83.1003 78.396 9.55541 83.1022 73.9497 9.99569 88.3286 63.359 10.351 79.4659 77.6932 10.2738 87.6887 72.0526 10.7973 84.0375 76.0249 10.7655 83.6064 80.1821 9.71683 89.6068 95.149 10.4546 91.3033 98.2108 11.4942 85.3727 80.2748 10.4054 84.7626 87.3557 10.709 81.0479 74.9605 10.8616 88.8075 69.4391 10.4833 88.9073 70.8173 10.9497 83.2842 74.3037 11.679 82.7286 80.7336 10.4113 83.8529 80.4879 10.3687 87.7636 78.5147 11.1774 88.7578 66.0139 10.8651 90.2951 93.9357 11.129 84.77 75.1423 11.1317 91.48 95.4193 11.049 87.5734 60.4992 10.5531 80.2008 77.7757 11.8698 81.6254 79.1596 10.6618 82.034 77.8352 10.626 80.7714 78.6694 11.5448 81.9118 81.5959 11.5244 89.3983 73.4007 11.7652 83.5119 82.6621 11.2428 88.2182 75.9412 11.6569 91.3427 97.0628 11.4696 84.3402 85.1853 11.1816 88.7581 77.1236 11.8954 86.527 87.2529 11.0847 87.8425 89.0836 11.1406 81.2019 80.3686 11.4893 81.5379 74.8235 12.2822 89.4521 60.0162 11.6634 89.7796 63.5354 12.3151 86.4082 85.7305 11.0534 81.808 76.3849 11.7351 88.0108 89.898 11.4967 90.411 67.9301 12.2455 90.1745 69.5439 11.9568 80.6604 76.0443 11.7378 87.1485 86.4797 12.1437 83.6753 75.2293 11.91 90.7118 92.5442 11.783 91.6474 94.1625 12.0828 91.8306 100.658 12.552 89.4351 75.3003 12.6002 88.5468 56.777 11.4351 86.08 83.024 13.0103 89.9752 65.7051 12.3295 90.0112 90.9939 12.0684 85.8682 80.7559 12.1639 89.4826 57.8981 12.1229 85.0001 83.1568 12.3489 90.1068 60.9977 12.8841 90.1348 70.3463 12.8267 81.4947 75.2456 12.4249 89.6507 71.6499 12.4234 87.94 81.2841 12.7901 88.7017 55.0832 12.6554 89.4456 56.0044 12.9554 89.1937 58.149 13.1221 87.3327 83.403 12.7582 87.0672 87.4946 13.5912 88.6835 88.7734 13.7834 91.2747 94.3131 12.8133 89.656 76.9537 12.7823 88.6761 80.3719 13.4248 88.3525 84.8349 12.5492 90.1732 89.7487 13.6834 89.7231 71.9437 13.9387 91.2357 90.7486 14.381 91.7288 91.8973 13.4603 91.7204 95.8578 13.1079 89.9191 59.3132 13.0842 90.2549 73.1765 13.5433 91.7695 97.1833 13.5875 90.1374 65.0875 14.4392 90.3929 68.2924 14.4708 90.6702 74.603 13.8495 88.1449 55.1944 14.1489 89.8843 55.6011 14.9617 88.6557 83.3632 13.553 89.5943 83.9281 13.8606 89.4509 86.0439 14.1327 90.0466 75.2366 13.6711 90.4628 76.8496 14.2564 92.3523 92.6816 15.2505 91.9071 94.7901 14.4007 90.8651 59.9422 14.1744 88.4611 87.3179 14.5538 92.4256 98.9867 14.2246 90.0976 60.9599 15.53 89.4632 86.6204 14.8115 89.9083 89.7551 15.1757 89.6594 82.6093 14.6987 89.6102 57.1314 14.6988 92.296 100.948 15.228 89.7931 69.9869 14.5906 91.2353 75.7437 14.3713 91.4301 78.6275 15.8196 90.1025 58.4195 15.6196 90.5225 85.3837 15.3918 87.9961 72.7761 15.1958 89.6402 72.1199 15.9327 92.0634 75.4024 15.7138 89.4767 68.9454 15.2823 88.5511 86.8754 15.9708 92.3719 91.0227 15.5256 91.222 73.2332 14.9102 92.1132 95.2286 15.7009 89.1122 55.7886 16.3689 90.4773 59.7005 16.0998 90.7357 82.0786 16.4545 87.9843 70.8428 15.9396 90.3845 89.3211 16.205 91.7425 103.352 15.8626 92.0642 77.4998 15.8109 90.013 57.8045 16.8403 92.7801 98.2148 16.6107 90.625 104.807 17.236 89.9166 63.2672 17.7091 90.6078 87.6182 16.5989 91.1419 86.6677 16.5076 89.5354 66.3089 16.4215 87.4976 73.2148 15.9218 91.3152 70.9546 17.2686 91.7659 93.2621 17.5981 92.2101 73.5566 16.1789 92.9153 75.1875 16.6044 88.6254 53.3828 15.819 87.8876 72.7145 18.152 91.8589 90.8255 17.0018 91.7378 101.704 16.6563 92.0978 79.0742 17.3947 89.0394 54.5352 17.0104 91.7306 84.0262 16.9568 90.1317 59.5606 17.9708 90.6354 70.7608 17.65 92.893 96.384 17.4877 89.9902 61.0479 17.3279 89.4146 87.5308 17.6664 92.2223 71.2773 18.0397 92.2359 88.5584 18.3641 92.8043 73.7402 18.2819 91.6883 82.56 17.9566 92.1061 102.412 17.6731 87.8826 69.554 17.7751 86.0516 73.3379 16.8062 91.8741 99.4391 17.5608 91.7233 101.304 18.4608 89.274 56.1299 19.3569 91.0517 105.565 18.0429 91.871 86.0752 17.783 88.4291 68.3223 17.8803 83.8987 72.7265 17.0112 84.9334 71.4701 17.9403 91.9467 91.2143 18.2823 89.6606 71.9362 17.6116 93.1391 77.8219 18.2429 85.7476 71.0908 18.6863 89.8912 88.1317 18.9965 89.9474 89.3725 17.3112 85.8302 72.8986 18.433 91.1255 89.7992 18.9236 91.3459 100.537 18.8392 91.8365 98.4418 19.2112 92.7888 103.817 17.8266 88.9749 65.8698 18.2751 89.4967 64.6526 19.375 92.4408 85.1573 19.2482 90.4012 89.168 19.3833 91.6506 94.0196 18.8193 89.7014 57.5663 19.1896 92.1777 81.4355 19.7525 86.4793 69.4456 19.5535 83.3449 72.1753 18.8823 92.65 96.8682 18.2712 89.4557 62.8801 18.7645 92.0878 84.1022 19.2771 91.05 92.2881 18.9086 88.7372 54.147 19.182 89.4064 61.6274 19.9923 92.1618 105.52 19.5541 91.162 70.2666 19.7435 90.6686 93.4897 19.7115 92.957 76.7334 19.0995 92.6254 75.049 19.332 90.4221 60.7875 19.7831 92.8447 103.327 19.2881 90.2701 88.3258 19.4237 92.299 88.3468 19.6721 92.6045 72.8852 19.7611 92.6075 87.0815 19.7327 92.375 101.482 18.9571 90.1216 59.2576 19.9703 88.6498 65.9792 20.344 87.5109 67.8796 20.5823 83.9321 71.4381 19.5401 84.9075 70.8338 20.0492 89.1464 73.1586 20.1269 91.1957 95.4367 20.317 91.9051 99.9813 19.6934 93.1515 78.3266 20.1333 90.7967 90.4817 20.1908 89.8121 72.7573 20.2337 90.2402 106.79 19.8567 89.0888 62.4436 20.845 92.3419 103.592 20.7629 90.8948 106.46 20.7944 83.8727 72.6297 20.8402 86.9253 73.6892 22.0041 93.0582 80.8627 20.6078 89.3372 55.8606 20.4326 92.8696 85.3943 20.6729 88.513 64.7905 21.4414 90.9487 88.0921 21.3568 92.9235 87.4876 21.1546 90.2661 90.876 21.0865 83.1307 72.1017 21.2614 92.5789 86.2672 20.5208 90.0541 57.0937 20.7342 90.1877 61.2697 21.3683 90.7245 89.8053 21.1481 83.1132 71.8492 22.7156 92.8598 76.7199 21.2267 89.1659 54.5907 20.9203 91.2981 95.1843 21.8339 91.6419 98.4951 21.5054 86.2704 68.993 21.6152 89.8962 107.557 20.8087 91.8693 70.0025 21.5086 88.9052 73.6931 22.0289 90.323 89.2925 22.2485 90.8584 93.051 20.9781 92.5281 73.7356 21.7383 93.047 84.1918 21.847 90.9904 103.128 22.2827 92.5433 70.9515 22.1284 93.0151 86.7922 21.9232 91.6121 96.845 22.2064 89.7345 73.0129 22.5404 90.0099 58.9757 22.1069 92.0254 100.515 22.4446 93.1482 85.2174 22.4305 87.1138 66.9295 22.3736 92.237 76.002 22.7042 92.3917 78.2947 22.8342 93.0176 81.2259 22.5481 88.7468 54.675 22.7075 88.9458 55.4676 23.1156 92.6324 83.7684 23.4968 88.8417 106.249 21.7854 90.0138 104.296 22.1563 88.1579 66.1326 22.0105 84.5856 70.87 22.2862 83.5254 73.2833 22.3537 91.4986 96.5731 23.8199 92.0111 88.0921 23.2031 90.5392 93.2125 22.4187 81.704 73.0735 22.6015 90.0209 61.1188 22.8648 88.5565 63.57 22.8151 87.7499 109.643 23.8086 90.1646 88.146 23.456 88.7685 105.248 23.0397 88.959 56.6404 24.1867 90.173 89.5001 23.2261 90.3269 91.0496 23.0695 85.3563 69.6989 23.2198 90.8543 94.8805 22.9549 91.4996 71.089 23.8836 87.8095 74.5524 23.1895 92.4325 73.4484 23.2693 92.6773 82.4293 23.837 90.1434 91.977 23.985 89.5896 62.5725 23.8465 87.4921 65.3019 23.2424 86.1743 68.198 23.8696 88.6961 105.688 24.9773 92.18 71.2175 23.7797 82.1945 72.5266 23.9176 92.4845 84.7565 24.2261 80.651 74.0759 24.1544 91.7528 85.9777 25.7496 89.4806 94.4792 23.3073 91.0884 99.0901 23.7726 77.982 66.2287 23.1599 77.2882 65.2596 23.0571 75.5649 66.6532 23.3223 90.8764 72.4118 24.1839 88.4844 103.118 23.8128 90.0312 101.958 24.0482 80.6227 72.9943 22.5788 80.395 72.1949 23.6956 79.9444 72.6299 23.5968 91.7377 81.4694 24.7499 91.197 87.6545 24.3032 89.2073 95.1804 24.2735 77.4331 67.0986 24.3282 86.1985 67.8628 25.2817 83.9418 70.3183 25.4504 87.504 108.18 24.4569 84.6978 74.5604 25.8319 89.9548 73.7952 24.8317 88.8989 74.7374 24.8411 90.7691 90.668 24.4594 88.6997 63.5774 24.8241 82.4751 71.3383 25.6523 88.6154 58.1378 24.8702 88.9217 93.7701 25.8493 76.8215 65.2481 24.9483 91.0356 74.2588 25.1672 77.9874 64.7022 24.9597 90.2661 97.5632 24.3394 79.2864 70.5575 24.4162 88.4885 56.0915 24.7013 89.7471 87.4769 24.6653 90.1959 88.6028 25.1889 88.3029 59.458 24.8137 88.2534 101.954 25.5674 88.9932 100.283 24.812 86.1422 110.155 25.7222 80.2673 71.5772 25.3298 90.7374 80.4614 25.3446 78.4302 66.2465 25.7525 88.1534 61.6376 24.7324 86.9965 66.3173 25.3489 78.4431 72.0246 25.1854 78.752 68.7839 24.8328 88.5181 75.2727 26.5285 91.0888 77.2377 24.9207 76.3019 59.0193 24.7458 75.8315 56.5168 25.2902 75.1962 57.8546 24.7373 78.8767 74.3187 25.2483 91.3172 83.2581 25.2714 88.6977 103.517 25.7006 87.0275 107.77 25.6567 77.7359 58.3118 25.478 89.8098 75.4572 26.2922 77.1063 61.1807 25.0048 80.9772 74.4813 26.3754 85.6604 58.9938 25.5589 87.1883 57.033 25.3997 89.1578 87.5564 25.7168 91.2042 84.7986 26.0468 77.4183 67.4196 25.9166 78.9418 64.5081 25.3198 89.4443 91.549 25.9297 86.9439 62.565 25.2457 88.0364 97.7659 25.4209 86.9516 101.371 26.3293 79.4345 68.5158 25.5215 78.4295 74.1109 26.3521 84.2321 60.703 25.3931 85.5429 63.2833 25.0568 85.0754 64.2835 25.3389 82.5974 65.6538 25.652 77.4095 56.2145 25.91 78.7552 61.1874 25.4592 84.1573 67.1253 25.6332 77.1474 64.1694 26.2812 90.3982 87.3455 25.7929 90.1053 89.4568 25.7003 87.2549 55.6127 26.0428 75.6531 66.5105 25.4754 87.9154 94.457 26.2494 90.8464 78.5419 26.7153 77.9071 69.2523 27.0958 82.4659 61.5154 25.5628 81.736 66.404 25.4626 80.2468 67.5211 25.9374 81.4845 64.385 25.7084 81.9404 67.6895 25.6376 84.0905 68.3419 25.8281 79.5196 59.2537 25.4796 80.9908 68.7136 25.7212 83.0771 68.9955 25.4476 90.8066 76.8133 26.1766 82.0579 57.6601 25.7813 80.2182 57.1539 25.94 86.9294 97.4226 25.9024 87.7866 103.219 26.4484 84.7898 56.6475 25.9586 84.6346 54.8223 26.0621 76.8547 61.633 26.2747 81.3827 70.6798 26.0616 90.4068 80.4641 26.6421 86.664 99.5189 26.3047 86.2294 106.576 26.6755 85.5761 108.017 26.1717 79.3491 75.2098 26.3662 75.6102 65.4395 26.974 75.8302 66.7858 26.9466 90.4121 82.4904 26.5259 78.3932 73.2875 27.3533 89.775 83.6146 26.7723 79.8604 79.9047 25.5671 79.8295 78.8123 26.1401 78.934 80.2469 26.272 81.7832 80.0745 26.292 80.9641 107.951 26.0877 89.3052 86.1206 26.7106 87.4359 87.115 26.8597 82.2388 54.1967 26.2493 89.9592 80.6684 26.7421 82.8987 83.5846 26.3421 83.9476 85.5806 26.5597 84.6941 83.7964 26.3436 85.6098 85.8282 26.9024 78.9693 78.5662 26.8564 79.8402 76.6686 26.2346 79.4318 81.0003 26.6671 77.0905 82.0595 26.6915 82.2137 77.4561 26.7956 83.2826 78.7028 26.6546 83.3851 107.469 26.7836 83.3765 80.8544 26.5641 87.3466 85.8062 26.6787 83.8008 82.3595 26.7889 87.5723 90.6885 26.7511 87.8599 92.635 26.7919 85.8237 95.8187 26.9988 88.3167 76.1868 27.1512 88.486 77.4376 26.6691 84.811 79.5557 26.789 86.2389 80.3484 26.5941 76.0405 74.0137 26.8022 81.3856 106.703 26.9529 78.1222 76.5136 27.0232 78.6745 77.2377 27.3368 82.2549 75.1156 26.8997 84.3845 86.6363 26.443 88.3882 84.596 26.5576 77.154 79.2633 26.5167 76.6717 80.8188 27.1438 86.247 91.0358 26.6846 80.8276 80.6645 27.0711 79.7762 82.1714 26.2288 85.7202 93.5653 26.8785 84.7981 97.9372 27.1616 80.9547 87.4219 26.673 82.6606 86.7989 26.3106 80.9294 86.0533 26.9631 76.5062 62.9619 26.9633 82.2409 82.0073 27.1737 85.2308 99.6154 27.266 77.5257 84.2417 26.8645 78.3693 83.0474 26.5111 77.2958 68.5153 27.4486 80.2996 84.6027 27.1769 81.1336 83.3353 27.0658 82.5587 84.5561 27.1824 73.1437 73.1562 27.2015 70.8596 73.4383 26.915 75.4563 73.0583 27.5555 76.9292 75.303 27.323 75.1261 64.2325 27.2826 84.9312 76.0506 27.2169 83.4769 76.5245 27.0867 84.468 77.4047 26.7796 74.2707 78.9654 26.5487 71.9233 77.8939 27.125 73.2365 79.9552 27.4919 79.457 86.7223 26.968 78.0319 85.7634 26.6673 77.9472 87.6636 26.86 75.121 83.2943 27.2458 75.1897 81.4151 26.8338 73.6413 82.6093 26.8472 75.942 79.4307 27.0722 82.822 88.4154 27.5611 79.0114 106.182 27.515 80.9491 89.0147 27.1414 81.2019 90.4117 26.5666 82.3638 90.321 27.0681 85.8041 88.3284 26.8727 84.4211 88.7108 27.6085 75.7474 84.2389 27.3716 76.7195 84.0003 27.4351 79.0214 84.9062 27.4381 84.2964 92.0466 27.364 83.8385 93.5982 26.7115 86.6654 76.456 27.238 85.5454 77.6142 27.0914 83.7146 94.8489 27.5303 87.7606 79.7546 27.2063 88.5679 78.4391 27.0029 87.0575 82.4692 27.3828 85.1225 102.557 27.5452 88.9165 82.4017 27.3033 71.0137 72.6409 27.5478 81.1786 97.0678 27.3087 82.4847 96.6906 27.0317 81.2825 96.1668 27.414 70.449 74.2433 27.5992 83.0981 97.5274 27.3265 81.9068 99.0414 27.8277 83.5267 100.517 26.6825 76.4289 77.3405 27.4388 74.176 61.7337 27.1691 72.5791 66.1604 27.4068 71.7371 85.8282 27.0197 73.5301 86.672 27.1323 72.4011 85.0035 27.3715 75.0247 86.4954 26.8655 74.2132 87.9774 27.8479 73.2432 77.0709 27.6272 74.593 77.8081 27.3775 74.3814 92.8896 26.862 75.9662 92.9995 27.2896 75.0037 91.1238 27.4063 74.8203 93.9502 27.5938 73.4874 81.1893 27.4826 77.0506 87.2414 27.6657 81.6353 105.166 27.6349 83.8014 105.212 27.2685 85.1172 105 27.2767 78.9803 88.3941 27.4424 70.5409 85.1079 27.3936 69.9789 85.9841 27.1851 76.2639 91.0048 27.6912 78.8627 90.4096 27.011 76.1359 89.3586 27.0956 72.8461 83.4794 27.7505 74.1557 84.5893 27.6699 83.7728 90.5402 26.9929 80.1185 90.2725 27.163 77.8022 88.8328 27.4404 77.8424 78.3926 27.2796 76.8827 93.0991 26.9626 81.7043 92.1342 27.652 82.4599 91.7161 27.5084 82.724 93.0916 27.2694 77.6522 94.2729 27.8381 79.7766 92.1449 27.8722 80.5171 93.6079 27.4188 82.1396 93.6139 27.4564 75.021 95.1118 27.3626 74.7574 97.6901 27.2914 76.1288 95.0931 27.5701 68.8239 99.4512 27.552 66.1742 99.1952 27.6297 66.9268 100.115 27.3522 73.128 100.589 27.3896 71.6503 99.0485 27.1805 71.0671 101.325 28.2226 74.427 99.7172 27.3098 76.9198 100.822 27.5001 76.1464 98.7383 27.8344 76.6604 97.118 27.2192 77.9396 97.2771 27.5189 79.3603 95.7804 27.3005 78.0444 98.0094 27.8163 80.2051 94.9697 27.704 81.3425 94.9013 27.8189 81.2449 98.0893 27.8847 67.514 84.3632 27.8652 65.3745 84.4267 27.1966 67.7252 85.4155 27.0314 79.548 99.5923 27.512 78.6096 102.012 27.8941 67.2217 73.3956 27.4378 80.1319 100.931 27.1875 74.2896 70.7943 27.6339 68.5598 76.396 27.8232 71.5172 76.0352 27.3834 70.2742 75.1591 27.7158 70.769 76.7851 27.6628 83.3042 102.039 27.9131 74.2348 76.303 27.2983 77.0993 70.8523 27.4952 67.151 86.9232 28.1571 70.0115 87.3725 27.6405 72.3924 87.3894 27.8201 70.9323 88.7937 27.0883 71.0474 79.634 26.8761 70.3213 78.9422 27.3254 81.1633 103.479 27.4791 78.9988 103.592 27.342 72.6491 89.1351 27.4429 69.9933 80.9663 27.9086 75.3471 88.7197 27.5377 71.5711 82.0221 27.7049 71.9101 80.8513 27.6614 69.413 89.4633 27.7166 70.5095 91.2217 28.2275 66.7205 92.6617 27.4418 68.1885 93.9945 27.9432 68.9024 93.129 27.1484 72.513 91.746 27.7017 70.7028 83.5121 27.9447 74.7998 67.6281 27.5883 65.791 95.1743 27.4172 67.5165 95.2808 27.5977 68.3349 96.2045 27.4648 67.577 97.5092 28.0229 73.6156 94.2619 28.052 73.5599 97.3252 28.0284 72.4409 96.9748 27.6949 74.3256 101.559 28.02 72.7596 101.771 27.89 73.7715 103.17 27.487 72.7063 102.867 27.5445 68.8291 89.9768 27.8243 67.3677 88.8499 27.1847 66.4354 90.2699 28.1243 76.3752 101.803 27.9 70.7317 66.8485 27.6662 71.1767 71.7831 27.7273 81.6526 102.162 28.0014 65.2673 93.2414 27.98 64.7346 95.4846 28.1337 64.1427 96.2846 28.1377 65.7808 96.3638 27.3447 68.6696 87.29 27.9004 68.2287 83.269 27.9592 69.3667 82.4501 27.7143 75.7221 103.204 27.5573 70.6143 92.8376 27.982 72.3105 90.5945 27.8604 69.6909 94.3086 28.1999 71.9679 95.4921 27.9638 69.2812 97.661 28.3163 66.3176 97.4673 28.2102 59.4184 51.7379 21.6144 62.4445 51.4246 21.4375 59.9799 49.1828 21.8415 61.4191 52.7918 22.2057 63.2014 51.9837 22.3336 61.3571 49.6036 22.6861 58.6998 52.9594 22.6656 63.15 51.9047 23.7764 60.2281 92.7518 22.5029 59.2746 91.9516 22.5439 59.3265 93.345 22.9694 56.7394 54.7155 22.5639 58.0587 54.267 22.2873 58.4969 54.285 22.9228 57.7651 56.8791 22.5885 58.6928 56.0813 22.6784 60.3629 54.1868 22.4476 64.8795 54.0214 22.3868 62.2769 55.5357 23.6618 59.1433 51.1124 22.7679 56.333 56.1762 23.151 57.7665 58.3433 23.1644 56.0402 58.265 23.5542 71.8374 55.612 23.0134 71.8858 54.716 22.434 70.314 53.4295 23.5531 73.3119 55.527 22.896 60.2436 69.1694 23.4421 60.7331 70.4648 22.6793 61.784 70.0861 23.47 61.1474 72.3947 23.9555 61.5287 71.3809 23.5046 57.6662 53.8209 23.6176 58.5317 48.3568 24.0328 64.8663 53.5753 23.7691 72.4061 53.6835 24.0985 61.3793 84.1154 23.2896 60.4062 84.1457 23.2132 60.0421 86.0075 23.8107 55.5147 57.1929 24.1843 58.6939 55.9705 23.5196 58.2143 57.7309 24.0636 57.9114 51.0867 24.0066 59.9818 48.4274 24.0363 60.0391 55.2967 23.5339 61.2106 91.2487 23.8576 59.3812 91.0809 23.4967 63.2888 52.7178 24.4917 64.1593 55.3267 23.6551 71.781 55.8535 24.0901 74.4953 55.4487 24.5388 74.2213 56.3502 23.5933 60.5645 70.9396 24.8557 61.3644 85.4832 23.83 70.0041 52.8298 23.3553 63.9697 71.1694 23.6361 62.3153 73.543 25.1765 61.4681 88.0226 23.9675 59.5104 89.1361 23.9994 59.1043 93.9497 25.353 58.7229 93.1252 25.0065 57.2184 55.1548 24.2623 64.0189 73.1801 24.4427 55.1406 58.9038 24.6645 59.0741 47.202 24.6936 64.0348 54.5668 24.9306 72.1771 52.6128 24.5303 59.6088 87.8882 24.2863 59.0989 91.4432 25.8553 56.9707 58.3368 24.411 60.5734 57.2487 24.2547 63.1299 56.373 25.6288 62.8543 49.6212 24.427 60.4786 83.3489 24.679 59.6278 83.8301 25.13 37.0001 64.5584 23.9646 39.3039 65.3886 25.0636 37.6227 64.062 23.9615 60.3935 69.0929 24.5178 58.4983 49.4834 24.7107 61.5021 92.601 26.3722 55.5776 58.5046 25.3856 61.4226 48.395 25.1725 65.3617 72.703 24.6412 62.8478 50.88 26.1077 64.4367 55.4471 25.7996 71.5133 51.2834 25.0719 61.7523 86.0781 25.7022 70.3267 53.3295 24.8831 37.1938 64.3355 25.6431 59.6003 85.6832 25.624 61.7117 88.1342 27.0892 37.1211 64.9311 25.157 61.1743 90.512 25.7412 56.9524 53.219 25.9261 62.072 69.6294 25.3471 57.8227 52.5725 25.2472 38.942 62.8542 25.894 38.659 66.5066 25.5988 63.0642 52.6747 25.8955 61.1772 57.2531 26.2286 74.306 53.5143 25.2593 57.9348 51.427 26.569 74.4607 57.95 26.0683 56.0999 55.5984 25.5916 61.2168 94.1275 27.9225 61.54 74.3496 25.8589 59.3049 94.418 26.6412 71.4498 54.8669 26.3566 58.0579 50.3207 26.5531 64.1903 73.0857 27.0652 75.1861 54.5144 25.8366 59.6751 81.1969 26.5549 72.7201 56.5059 25.2384 61.3143 86.5112 26.6847 59.8094 69.1181 25.7654 64.7034 72.9498 27.3967 60.5572 84.8028 26.3687 55.2506 58.2115 26.7697 70.237 53.8873 26.9399 48.4016 90.8503 25.0759 46.9608 89.8635 25.2637 46.7174 91.8852 26.3039 59.3201 47.4716 26.5776 61.9872 49.1659 26.3641 60.3928 47.7348 26.7557 60.3505 71.1215 26.6648 38.4841 62.8599 27.4567 39.6683 65.7753 25.5175 61.6955 73.8451 27.3009 59.4667 86.9385 26.8082 58.6741 90.9761 27.0173 58.1476 57.8174 26.7443 61.8463 69.4843 27.2987 60.7782 73.5609 26.4849 58.2474 95.3051 26.4971 75.3001 59.9095 26.1637 37.7098 66.2692 26.1375 63.5857 70.7255 27.3338 63.5878 53.212 26.5574 61.4933 75.9332 25.7098 60.3345 81.9324 27.0912 59.3161 83.3922 27.1781 62.7708 56.7679 26.905 64.5212 54.5461 26.9149 59.1505 92.7224 27.6696 59.1709 89.0225 27.5171 61.6523 89.8495 26.8752 58.1757 94.1952 27.4317 58.096 96.8769 26.034 57.6025 96.4476 26.3816 71.9868 56.1709 27.17 57.5568 99.2763 26.3871 57.2666 98.1662 26.2752 77.8966 54.4932 26.2385 46.3399 91.2188 26.9745 48.9617 90.7335 27.3748 39.0233 67.7299 27.0426 60.4065 77.9383 26.471 59.9288 76.932 27.3037 55.8641 55.1256 26.9913 62.0026 47.9875 26.7502 37.0056 63.8972 27.6767 68.4637 48.7231 26.0682 66.9991 49.3832 26.6266 68.1837 51.0706 26.5115 59.7228 69.0034 26.5264 70.1252 49.4584 26.5323 63.5496 51.3995 26.7603 70.079 51.6125 25.918 75.2227 59.9803 27.2456 46.7492 92.2941 28.0578 60.5997 74.6957 26.6214 61.3486 76.8104 27.546 60.6296 82.907 27.7975 67.8875 47.1241 26.6836 55.3665 56.5535 27.4666 59.0478 42.8382 26.7497 58.9319 44.1625 26.6084 62.0006 42.1105 26.4454 40.0522 63.856 27.7279 36.5904 65.7371 27.4064 62.9406 45.5194 26.6886 40.6432 65.8944 27.3417 65.2666 55.2673 26.4051 67.0255 53.9339 25.9004 65.8838 53.2597 26.8957 67.0784 54.9399 27.1066 64.8729 56.1125 27.036 61.0368 57.9917 27.5109 64.7395 46.5019 26.7015 64.8632 47.4541 26.3534 61.3815 89.8331 27.8831 61.6122 92.7596 27.8633 48.3063 90.0654 27.8196 47.0758 89.2814 26.8987 65.1465 49.0046 26.7881 48.1021 92.3207 28.0591 58.7514 95.9787 27.3154 74.0337 58.0854 27.2312 58.2383 97.4695 27.2752 62.8828 49.9044 26.8684 66.3014 50.5002 26.4746 59.2515 70.1046 26.9856 62.65 69.4233 27.3824 58.2941 42.7321 27.0138 57.979 45.9419 27.1255 57.8698 48.4262 27.0366 57.4524 96.7275 27.7184 57.075 95.0106 27.7167 49.8469 58.2715 26.4695 53.2246 58.3449 26.9665 51.5324 57.7952 27.4773 45.1062 57.6011 26.7373 46.8555 58.0397 26.5241 48.0586 57.7067 27.3701 55.0655 59.6448 27.0083 50.6075 59.4907 27.7129 59.8225 70.7815 27.3483 56.1071 58.6053 27.4464 56.3939 50.485 27.2619 57.3983 51.1339 26.9102 60.0181 73.0037 27.357 39.8133 64.963 27.3826 57.0106 52.4847 27.38 60.6164 74.2355 27.6982 60.1175 75.3185 27.4285 65.5324 57.1421 26.6615 66.1288 56.5494 27.3177 66.4831 58.1183 27.311 64.6262 57.5421 27.0394 59.078 81.4401 27.2241 59.7413 65.9642 27.4253 57.06 65.515 27.07 59.1779 68.2659 26.8754 54.8001 41.1825 27.1042 53.0792 38.6186 26.8827 52.2969 40.5756 27.0358 55.1143 38.6893 26.969 56.7768 40.7385 26.7245 51.9225 45.1677 27.4427 32.2297 78.4126 27.8114 32.7276 79.8481 27.3663 33.5134 79.4552 26.7236 33.2889 80.9228 27.8172 31.0406 80.8573 27.5072 31.4836 79.6997 27.0089 29.8994 79.8446 27.3208 35.2844 80.7101 27.3042 58.2717 90.5881 28.0117 61.3029 86.5949 27.7978 36.7896 77.4936 27.7329 37.1461 76.3235 26.7476 36.3034 76.4662 27.4649 50.6459 45.8721 27.3297 55.6957 46.9866 27.1454 38.4178 76.5073 27.173 51.0692 49.1832 26.9053 52.0406 49.8332 27.3401 52.7345 47.7996 27.4971 39.9349 76.4343 26.7766 39.0539 78.0309 27.6349 40.3881 77.7958 26.9073 70.1499 64.8006 27.2846 71.7498 61.8413 27.1594 56.7906 97.7073 27.7113 38.0622 87.0522 26.9902 37.5879 86.8144 27.1197 37.7515 87.8552 27.4834 54.1664 59.4555 27.5712 57.0096 99.7467 27.5925 35.3195 78.0225 27.4858 56.1212 62.4783 26.9365 54.8679 60.926 27.5463 36.3187 80.1598 26.8855 45.0388 85.8706 27.8707 42.5916 87.8387 27.0468 44.6685 88.0191 27.2059 63.2966 58.2938 27.4287 36.1694 81.5981 27.3727 36.0732 83.5694 26.8076 36.725 83.1015 27.1343 57.8015 70.8361 27.5694 57.1774 67.8829 27.5845 64.6211 60.771 26.9747 63.6218 61.3475 26.9754 24.8986 76.5138 27.4224 25.0268 74.7305 27.077 55.7521 64.6488 27.5135 54.2232 49.3355 27.0264 28.0746 76.6604 26.8493 27.1672 74.4265 27.71 27.1673 76.3327 27.3657 56.9071 64.1809 26.8057 53.873 50.9873 27.5591 28.0888 73.481 27.5076 29.3878 74.8087 27.8124 29.6374 76.1541 27.4248 48.7944 37.4175 27.4027 49.798 31.0273 27.2451 48.2132 35.72 27.0915 31.5819 77.114 27.1139 31.6264 75.4775 27.1229 30.4484 77.8391 27.8237 49.2517 80.4626 26.8086 47.9745 79.2987 27.8516 48.304 80.7615 27.7114 53.4762 51.9962 27.2325 33.9956 76.2442 27.2384 54.0455 77.3168 27.4854 54.7249 78.3732 26.947 54.8939 76.062 27.4888 50.4975 37.212 27.2326 51.7658 39.3767 27.2664 53.6558 78.2131 27.5987 54.2029 79.5673 27.445 54.2672 81.3277 26.9844 55.0183 81.0368 27.2691 44.8643 84.8805 27.5042 46.8169 83.9637 27.131 43.8656 83.286 27.508 46.1906 85.1603 26.9529 64.8347 62.8525 27.1606 62.4944 63.5632 27.4972 64.8007 63.5706 26.9766 65.6517 63.7364 27.481 64.1869 64.3025 27.4735 59.8021 67.5096 27.5729 59.6343 80.4444 27.6153 59.2561 77.449 27.4091 64.1661 65.6435 27.0873 65.0283 65.9497 27.35 62.5754 68.1672 27.5942 58.2309 83.7344 27.636 60.768 81.805 27.5544 62.3068 85.2234 27.3681 49.657 40.7922 27.2548 52.6741 41.9995 27.3001 51.1425 78.7911 27.9028 51.5835 77.6688 27.1394 50.6223 77.3124 27.8149 48.8572 51.8926 27.4704 52.7505 53.1353 27.6227 43.4222 85.0219 27.2283 31.3201 37.6548 27.3187 30.6752 39.1548 28.1311 32.4642 40.1907 27.4894 50.7771 61.2412 27.2529 49.8325 62.4285 27.622 51.8026 62.9667 27.6869 51.8296 64.9144 27.2616 50.6429 89.7712 27.6019 51.2628 88.6499 27.1619 50.1158 88.4826 27.4245 53.3067 81.0638 27.5936 52.0437 79.2466 27.9511 51.1034 81.2513 27.2992 50.3522 82.373 27.897 49.7701 81.4792 27.514 53.3947 64.4367 27.4525 53.7212 61.6946 27.2252 55.8091 76.8475 27.6685 56.5824 77.882 27.6512 44.1777 56.6464 27.7296 43.4026 57.5202 27.9072 43.7261 58.2288 27.67 47.6773 85.6316 27.8574 57.346 77.1912 26.8649 56.9135 79.5544 27.8675 50.5509 45.2138 27.3518 51.025 41.6954 27.3848 55.0518 66.1265 27.1795 46.812 56.9822 27.8098 57.2051 81.098 26.9965 40.5969 37.7693 27.7584 41.6264 37.7534 27.1589 41.7473 35.6299 27.7826 48.87 84.2839 27.1715 28.4371 77.6994 27.8572 56.4344 88.1924 27.5995 55.5057 86.6546 28.0225 55.3966 88.5061 27.2356 48.0854 59.5574 27.7764 50.216 86.2152 27.8147 41.5578 39.9316 27.5505 42.5386 38.8393 27.7397 58.2134 62.1617 27.6476 50.5587 84.6471 26.9875 57.0488 88.0852 27.1388 58.7594 86.5773 27.6565 54.2989 83.478 27.7475 48.3795 62.1904 27.4379 47.1028 36.996 27.4423 43.1248 36.3233 27.5539 43.7713 37.958 27.6726 33.8137 74.7264 27.8976 57.9882 64.4737 27.5942 33.7052 77.1587 27.7811 52.9685 84.7297 27.2029 51.8858 84.7349 27.4983 52.1504 86.1734 27.934 46.3974 40.3107 27.3712 39.1684 62.0988 27.7912 52.3033 66.5763 27.6226 50.042 64.6389 27.685 51.488 89.6435 27.8225 51.8576 91.6664 27.3628 52.8481 89.4298 27.8012 46.8227 35.8014 27.4576 50.0227 91.8297 27.0599 50.9551 46.8155 27.4794 37.2293 68.5003 28.1212 38.2651 69.3304 27.777 52.5441 92.2947 27.0138 53.9755 67.465 27.6638 52.6879 67.9734 27.342 53.7198 69.0062 27.6896 47.602 39.5138 27.5059 54.5412 84.9727 27.1403 56.6936 84.7919 27.3262 53.9865 91.9314 27.768 55.4685 67.102 27.5289 60.7908 78.7004 27.7597 29.4343 79.0423 27.2969 56.0753 92.6249 27.3784 54.9929 90.909 27.2874 50.4634 50.7773 27.6061 55.4634 68.4751 27.2492 60.7158 80.3677 27.9994 57.7553 91.6488 27.3273 55.3752 70.396 27.6596 56.5105 69.2342 27.7096 47.0928 66.3028 27.794 48.5703 66.2889 27.3447 48.1038 63.8794 27.5812 63.3006 77.7371 27.5615 65.3901 78.7907 27.4107 64.6049 77.277 27.2802 48.4858 67.3881 27.1388 62.4075 78.8696 27.8518 63.2688 79.1243 27.1849 62.5071 60.6645 27.5522 50.2146 67.038 27.8042 66.3642 80.1192 27.7275 67.235 79.2168 27.0597 66.9828 77.9352 27.458 49.3067 68.4891 27.5663 47.8052 68.8081 27.7927 49.2895 70.5359 26.996 50.4714 69.2037 27.8211 65.5347 60.9855 27.4265 46.966 41.0129 27.5366 66.6574 59.7082 27.2562 66.7129 64.5348 27.6412 67.5608 59.0178 27.4749 45.8212 42.0941 27.5903 65.1696 89.4638 27.4659 65.4624 88.1763 27.6733 66.3395 81.726 27.0663 64.1916 80.5185 27.828 65.7308 82.1635 27.4319 49.3036 45.3212 27.5712 33.3042 83.4287 27.1549 65.4262 86.5805 27.8031 64.0004 85.8653 27.5428 62.1937 65.4875 27.7219 64.7374 90.6773 27.844 63.6497 91.4033 27.0637 34.8368 83.9736 27.2089 34.8432 82.0979 27.8598 52.8345 57.3048 27.6767 61.1493 67.6321 27.5568 36.0312 74.5043 27.7523 53.0686 95.9085 27.3485 53.3815 94.1513 27.6944 51.7154 94.3842 27.4141 37.4088 74.9424 27.7875 64.9201 68.6001 27.5266 52.9085 60.6796 27.6296 39.4504 75.7209 27.6577 64.2873 70.183 27.6059 47.4557 30.7751 27.43 40.9741 75.0566 27.6667 41.492 77.504 27.5886 43.065 76.7825 27.2223 42.5615 76.1271 27.0764 50.8273 70.8292 27.7222 72.6948 59.9459 27.3867 42.4361 75.036 27.7344 59.9111 94.8988 27.7614 70.5359 61.2859 27.4266 62.2163 96.4346 27.5158 61.7669 95.7565 27.2364 60.2688 95.8997 27.7974 62.8634 95.1862 27.7006 46.728 78.3915 27.4965 46.4287 75.8382 27.8182 45.2536 76.4849 27.2881 45.1383 78.0709 27.035 44.9154 79.1006 27.884 47.3356 78.0464 26.9477 47.4473 74.288 27.6628 37.8065 79.9719 27.3893 40.254 78.6162 27.3814 40.0456 80.1402 27.1465 67.6562 80.0592 27.7567 41.833 79.8035 27.3423 40.216 87.8185 27.1597 39.8017 85.5882 27.6399 37.7089 80.752 27.7782 41.5726 87.2077 27.0347 40.7449 85.1912 27.6952 42.8093 86.4252 27.9257 42.911 80.1144 27.1551 42.1859 81.9739 28.0148 38.7497 89.5246 27.9455 40.9545 89.1451 27.7705 42.7387 89.4133 27.9118 37.7789 82.0555 27.9354 38.3502 83.4938 26.7651 35.7507 85.3315 27.6636 37.819 85.0196 27.8605 40.0714 82.0009 27.773 39.5728 84.1029 27.1428 41.8917 83.0409 27.5665 40.7142 91.1405 27.1699 42.9727 92.0205 27.7591 43.4822 78.3935 27.9443 43.8073 88.7879 27.9205 44.5789 81.3913 27.7841 46.1691 81.1882 27.1096 46.0916 89.2935 27.7682 46.6189 88.0567 27.4483 48.7384 86.816 27.2675 48.1535 88.122 27.6185 53.7293 70.5501 27.2489 44.359 90.376 27.5368 45.5343 91.7189 27.3977 56.6634 71.2923 27.0982 56.3899 72.9659 27.5807 58.4417 72.1608 27.7435 51.8656 75.9405 27.641 53.88 76.1024 27.8725 58.616 76.106 27.7916 65.0047 72.2812 28.0065 62.9569 74.047 27.657 65.6226 75.2668 27.6467 66.6676 74.3269 27.8624 28.0395 72.1455 27.7281 30.7733 72.5095 27.7753 29.1723 71.2574 27.5919 46.3376 82.5632 27.7313 62.4361 76.6636 27.838 31.3394 57.7122 27.3085 30.1418 56.2697 27.9933 29.7 58.6825 27.4731 31.6117 73.564 27.5649 52.4721 87.9681 27.4158 65.5822 76.3796 27.859 32.3567 37.7927 27.9715 54.1553 86.6302 27.7851 32.4128 59.425 28.0884 33.9571 59.6597 27.5149 34.2649 58.153 28.1178 31.7754 60.7019 27.7356 53.8731 88.0019 27.4638 48.1344 82.8269 27.9434 46.2029 51.4447 27.5289 48.3925 51.3407 27.6535 32.0716 41.3185 28.1478 34.0789 61.408 28.0976 37.397 73.061 27.803 30.6572 71.3342 27.7311 44.7456 51.9946 27.9127 48.1073 53.1948 27.8342 27.3609 44.379 27.4158 29.7481 45.763 28.1391 33.5653 40.6325 28.052 33.1001 41.6125 27.7172 36.6001 73.755 27.5571 25.0531 73.6965 27.726 57.2691 86.3629 27.7198 37.3622 53.9024 27.6727 34.5229 52.1315 27.7031 34.7972 53.4307 27.9315 35.2075 56.4105 27.3639 34.1836 55.9061 27.5035 56.4446 89.8913 27.9902 28.6363 46.5417 27.5931 35.7786 57.4972 27.9951 38.0727 57.6595 27.5549 39.3488 56.1565 27.8676 41.4144 55.3251 27.9597 39.6066 55.14 27.5728 41.7041 56.1885 27.4557 40.5065 56.757 27.9711 56.2694 82.5633 27.9891 52.8099 92.9134 27.8416 54.054 92.8976 28.1546 27.2863 50.8985 27.7596 27.1489 53.5877 27.8489 45.633 95.6912 28.0739 45.0982 93.1705 27.9696 51.2014 92.9768 27.9323 29.7412 51.3545 27.5226 28.4993 51.0898 27.8683 28.4058 52.5546 27.5338 28.813 54.6657 28.0082 52.3605 82.5218 28.0714 30.9517 49.1821 27.6592 32.883 50.8484 27.5255 33.2782 50.3645 28.176 56.4246 93.5171 28.156 41.2526 59.5448 27.6357 49.889 95.5565 27.3615 49.5894 96.5157 27.8562 50.7087 95.0488 27.5784 42.1572 59.8067 27.9111 37.09 39.2537 27.7351 38.1839 36.4286 27.6283 36.901 36.4687 27.9204 47.7338 96.5512 28.3408 39.03 36.9548 27.8299 36.8628 40.0078 27.9329 38.0602 40.7459 27.7108 60.7697 61.8833 27.6906 50.6331 98.174 27.6126 51.8816 97.4549 28.0437 61.8672 67.2413 27.752 49.7167 56.2888 27.7893 63.4355 89.1085 27.8219 63.2205 87.1879 28.0756 38.0847 41.7064 27.8867 62.7397 80.5105 27.9242 42.8526 40.9631 27.7341 62.6068 90.7991 27.972 62.7308 92.2962 28.1608 41.2896 42.1921 27.6895 63.0641 82.0025 27.283 63.909 90.1611 28.1509 64.8644 79.6376 27.921 42.4537 46.729 27.8947 41.3768 66.8909 27.8026 40.9634 44.4518 27.7093 40.413 43.1171 27.8889 40.4106 69.1695 27.8119 45.68 63.0687 27.7875 51.6986 96.1098 27.9625 53.7063 96.7549 27.9711 55.0127 95.0129 27.8465 55.3132 96.5232 28.1807 63.6633 83.6916 28.0032 68.136 67.6643 27.7294 52.8808 99.0067 27.6003 62.2298 86.3156 28.1275 26.9485 55.2709 27.4332 65.6104 83.269 27.6338 50.2846 100.241 28.1645 27.4399 56.764 27.9338 35.7777 71.4704 27.684 32.1875 55.5711 28.0023 32.5571 57.2259 27.7787 54.0025 98.6737 27.2868 54.9049 99.0013 27.6903 38.835 71.1383 27.7843 39.316 72.2809 27.4915 38.8568 74.0446 27.6848 69.111 72.3507 27.9539 26.2568 61.5568 27.735 27.251 60.9367 27.4891 43.4767 69.89 27.8055 43.5918 72.3536 27.5565 26.5714 71.8896 27.7647 40.9517 73.027 27.8357 62.0101 94.6629 28.135 46.835 73.3636 27.7596 42.3423 50.1616 27.5005 39.9192 48.3556 27.5647 61.3782 96.63 28.166 43.4974 47.8237 27.6202 45.0161 47.2401 27.7947 43.4753 49.9754 27.8248 41.8481 74.1325 27.5911 54.2407 72.3206 27.7878 46.3288 47.4131 27.4532 47.1246 48.34 27.7885 50.5877 72.6252 27.5463 50.6871 73.6679 27.8276 55.8546 73.925 27.8275 45.2614 71.3537 27.8713 43.5517 31.7188 27.6048 48.6963 71.9137 27.7739 51.3785 74.7712 27.5174 44.4691 75.0499 27.7119 45.1337 74.3338 27.6355 54.9226 75.0349 27.5583 48.8865 75.8487 27.9381 56.8577 74.8122 27.4768 55.9212 76.0447 27.772 49.4563 78.4335 27.8433 46.5347 94.8306 27.4788 49.6791 92.6734 27.824 30.7785 61.7564 28.1269 28.9136 61.9029 27.8389 36.8441 54.9464 28.0111 41.0166 51.0445 27.9158 38.1395 53.0314 27.9304 36.0348 51.5018 28.0324 29.1826 69.649 28.1911 40.2661 53.186 27.9733 26.4978 71.162 28.1849 28.4501 47.6517 28.1298 27.2752 49.3446 28.2054 29.7207 48.8269 28.096 31.3426 47.5484 28.2395 35.2924 58.9412 27.8244 48.3308 95.2085 27.8388 37.7144 59.4268 28.0248 35.2066 70.5999 27.9773 40.5344 59.1523 28.0324 31.2895 50.9592 27.9676 30.9351 53.47 27.9679 38.0912 62.0076 28.0401 44.3315 54.8239 27.9676 34.8566 36.1594 28.0331 34.9992 38.1651 27.9827 33.3036 38.9438 27.8476 55.68 97.5861 28.1581 34.2913 42.1194 27.9482 36.4624 41.0199 27.9335 35.8129 42.1038 27.6943 35.17 44.351 27.6091 36.4601 44.5761 28.0017 52.3374 100.293 28.0149 37.7915 44.9176 27.7583 39.1007 44.529 28.0364 42.1901 62.0368 27.8471 36.3496 69.4803 28.0612 36.0735 64.5009 28.1016 34.0237 44.2577 28.0613 36.2558 47.0566 28.1148 60.1323 96.851 28.2547 37.9237 47.6228 27.8412 35.763 67.7289 28.1073 38.9334 47.0444 27.95 60.8027 98.0462 28.0775 43.3592 67.0527 27.7947 36.7184 50.1095 27.8103 34.7828 49.329 28.1478 38.6872 49.0254 28.0979 27.6655 59.0327 27.9836 29.9139 60.4054 28.0175 28.0276 61.869 28.0108 31.2563 59.101 28.1039 31.3772 65.0897 28.1932 26.5551 66.8618 28.0807 64.5128 15.6838 1.56537 64.6619 16.6629 1.38693 65.3978 15.7281 2.87065 65.9518 17.8972 3.24615 66.2879 19.412 2.91197 66.7789 19.9559 3.48405 66.2811 14.8545 3.69778 66.3206 17.4414 4.02406 67.0855 13.1804 4.17524 67.9422 16.6453 4.09205 67.5792 19.8813 3.96564 68.6859 24.59 4.42738 68.0454 14.6575 4.78443 69.0626 22.6225 5.02127 69.4096 26.6008 4.50207 68.7436 16.8179 4.97453 68.264 20.053 5.06342 69.1573 14.8143 5.0579 69.0349 23.9578 5.18789 68.5381 13.5883 5.32978 70.4309 17.1933 5.65284 70.8046 19.6845 5.57951 69.5266 20.8776 5.5992 68.5683 12.3567 5.96299 70.7092 21.9709 5.78975 71.023 24.2314 5.68632 69.5786 15.6983 6.45313 72.4999 21.5799 6.23028 69.7405 14.4941 7.14436 69.9709 17.0574 7.18491 70.7131 19.2822 7.60774 68.5483 12.1261 7.51894 69.9425 15.971 7.5996 71.0124 18.2925 8.20824 69.7234 15.8698 8.96496 74.1288 30.8941 5.60459 74.6191 29.0439 5.72991 72.1021 25.5831 5.98928 72.9127 24.6521 6.13945 72.8517 23.0806 6.43008 75.772 30.7478 7.08073 73.7865 25.9756 7.02693 75.3699 33.1458 7.29709 75.6319 35.3124 7.02908 74.5632 23.334 7.08748 74.605 25.0756 7.25858 75.5073 28.2474 6.74919 72.2048 20.8008 8.14082 74.4472 22.4148 7.46522 76.496 32.9217 8.44831 76.7321 35.1479 7.32663 72.2695 22.6229 7.45142 75.6534 26.8966 7.63475 76.4638 29.9444 8.35806 77.6096 37.4514 7.54187 74.7907 24.7392 8.49211 75.3035 22.594 9.22585 75.0378 21.3572 8.54261 77.5732 35.5096 9.32798 73.1644 19.7756 8.33687 75.2264 26.943 8.70832 76.045 28.1434 8.9099 71.2915 20.3455 9.43576 72.4762 18.5447 9.83329 75.2719 24.4663 9.72432 76.3595 25.6271 10.9439 76.5106 30.1897 10.7047 74.0773 19.9265 10.3147 76.3211 31.8144 10.6791 77.3417 34.5993 10.4653 71.4825 18.3504 10.5393 74.9072 20.9134 10.4051 75.1953 22.1035 10.5465 75.5216 22.9359 11.1968 77.7984 36.4065 11.1965 75.732 17.7075 11.1042 75.2928 20.0106 11.0549 73.7433 18.0493 11.147 75.7001 16.0309 11.2374 75.3043 16.8678 10.9313 73.6807 14.2892 11.3939 76.041 21.0952 12.2827 76.8678 25.2263 12.551 76.9501 27.8973 11.8732 77.7919 31.1469 11.616 78.2893 34.391 12.1529 75.7376 18.9113 12.246 76.3687 22.2242 12.1662 77.7904 29.6106 12.1241 75.4962 14.4606 11.9362 76.2238 16.8676 12.4445 77.4696 27.9686 13.3815 78.3404 30.8306 13.2849 78.9086 34.1476 13.3428 76.9844 20.9351 12.8479 77.0246 23.3616 13.6161 75.8334 13.152 12.5434 76.8037 16.3988 13.242 76.8853 19.1744 13.4844 76.7943 14.6703 14.0756 77.1799 25.1514 14.4871 76.8914 20.5028 14.4967 77.5054 22.2199 14.2647 79.079 31.3295 15.1077 76.1781 17.9847 14.6975 78.1683 27.0015 14.5909 76.4064 15.7769 14.7542 78.2934 28.4243 14.6439 78.946 33.816 14.923 76.9122 14.7215 15.3251 77.1631 21.5065 15.5769 78.2657 27.298 15.949 79.0761 30.7868 15.7976 76.5285 13.923 15.8397 76.5852 16.405 16.6025 77.4877 23.1185 16.3553 79.6872 30.2254 16.8495 79.9694 32.0835 15.6171 80.4094 33.5342 15.9403 76.5867 18.7038 16.7071 77.7808 25.4661 16.4346 77.2496 12.3879 17.2404 76.788 14.7455 17.3197 76.9575 21.6567 17.1619 79.5207 29.0773 17.6255 81.7294 33.6147 17.4586 78.1804 27.6453 17.1746 77.8932 26.6659 17.5474 78.0283 24.6561 17.3419 80.9747 32.4548 17.4235 77.0046 19.9107 18.0045 81.7212 30.5984 19.6637 76.7215 17.9412 18.2296 77.2419 22.506 18.2594 77.2583 23.9501 18.4072 82.1812 31.5921 18.6332 82.5336 32.705 18.2906 77.7545 25.2249 18.4848 78.16 26.9663 18.0309 78.9492 26.7229 18.5128 76.7895 20.2882 19.2046 78.4337 25.1305 19.3955 79.9877 28.0172 19.6885 83.5017 32.4917 19.5685 77.1642 22.2113 19.728 77.7954 24.4678 19.2134 78.4904 37.8894 8.43607 77.3397 39.082 7.66614 78.5567 39.5106 9.36134 78.7006 37.6781 10.6799 78.9051 38.7897 11.4894 79.1759 40.1526 10.3827 80.0742 44.1978 10.7019 81.7068 46.5755 12.0618 80.4755 43.6884 11.8331 80.2761 40.9111 11.8988 81.5652 46.1731 12.9108 78.7527 36.2157 12.1235 79.7898 38.4021 12.515 81.5238 42.2633 12.869 80.9319 39.9704 12.9326 84.3083 49.6463 12.3823 79.0141 37.371 13.7283 82.9 46.9278 14.0827 84.2845 47.713 14.1676 86.8143 52.2972 13.4109 82.557 43.4927 13.8457 82.6954 45.3766 14.0305 85.8369 50.1703 13.5517 82.0023 42.3776 13.951 88.5686 52.4343 14.8362 78.7487 35.3976 14.3568 82.0053 41.427 14.1091 87.6715 53.9399 13.8527 78.7926 38.1837 14.7658 85.3292 48.3116 14.5917 87.1996 50.3724 14.3319 87.1294 49.6414 14.6925 80.5385 39.2004 15.0051 84.6759 45.2721 15.1214 89.1438 50.8363 15.6102 82.2058 41.1471 15.41 85.0282 44.0224 15.3748 86.8093 47.8986 14.8617 86.2955 46.0605 15.7671 88.7163 49.0347 15.7093 79.2277 35.8987 15.1543 84.6619 43.0114 15.9341 85.7188 44.7444 15.4491 81.1788 36.44 15.3494 80.5187 35.4133 15.6471 83.0734 38.1597 15.533 87.54 46.5486 15.9515 81.6447 36.2659 16.4169 84.4998 40.7358 16.6942 85.9612 43.7398 16.8651 84.1375 42.0469 16.7129 86.6275 44.6704 16.6994 89.6591 49.1983 16.7457 81.8065 35.6204 17.8227 84.1344 39.0785 17.4453 89.4076 51.5615 18.0973 88.9668 47.1732 17.6161 85.5905 44.3306 18.5631 89.1102 48.8719 18.3552 84.1248 37.966 18.4034 85.558 40.0342 18.6175 86.1342 42.0449 19.9406 86.3624 45.2253 19.6018 87.9332 45.481 18.3045 83.8403 34.9361 18.5628 84.2394 36.3109 18.8965 86.0977 40.3816 20.0181 86.6604 44.5881 20.2817 89.6571 46.6399 19.5857 84.9596 35.4084 20.4509 85.5792 38.7582 20.0328 88.4107 45.3372 20.0057 85.2602 38.8757 20.918 88.0521 44.4032 21.1096 86.7761 41.5043 22.0075 89.7414 46.1216 21.8785 85.2765 36.3948 21.6792 85.9879 40.1637 21.4574 87.8515 43.9225 22.136 89.5078 44.8776 23.1868 85.5645 37.7402 22.8766 85.8427 39.4654 23.244 88.0211 42.2262 23.3321 86.3437 39.1736 25.0554 88.8447 43.4804 24.6197 87.0169 40.2652 25.4519 88.8125 52.9789 18.2068 89.8443 48.9165 19.1735 89.8912 51.2646 18.8345 89.4486 53.5741 20.9925 89.7754 51.229 20.4753 90.4823 48.9987 20.7738 90.4018 47.1889 20.8556 90.3083 48.5625 22.6926 89.5378 50.6776 22.3607 88.0956 51.771 23.9241 88.7463 49.9912 24.0637 89.7546 46.5888 23.6588 87.9904 55.1431 24.0006 88.5838 44.5647 25.3057 88.3335 48.8755 25.211 87.9979 52.3492 25.1703 88.2667 47.464 25.2644 88.0172 54.4752 25.304 87.9326 44.6474 25.822 84.0936 43.2756 25.2953 83.1134 45.1468 25.5095 85.3401 45.159 25.2905 84.9887 46.8626 25.6604 86.1878 47.1644 25.3104 87.7684 45.7395 25.5888 86.3716 50.4645 26.1897 75.4554 52.9912 26.5393 82.6308 46.4196 26.1747 86.4576 49.3837 26.1389 84.7066 51.1794 25.741 85.4862 49.7098 25.5007 82.1111 50.5047 26.1825 84.259 53.5415 25.8974 84.9496 41.6712 25.8202 85.769 53.7784 26.28 85.2895 48.6521 25.9935 85.348 52.3703 26.3268 86.7688 53.0498 26.3006 80.9868 49.485 25.4856 80.3423 51.3588 26.3529 79.9808 54.3007 25.9374 79.4774 52.9361 26.3303 79.1824 47.4671 26.1702 81.5779 47.7522 25.9391 81.0268 48.1952 26.0921 81.0685 52.7973 25.9194 82.1882 52.0396 26.5706 82.7475 49.0233 26.359 77.585 48.9989 26.1999 79.0487 49.3972 26.181 75.9809 50.9986 26.0442 77.6281 51.183 26.0822 78.3648 50.5238 26.6082 76.9342 12.1397 18.9883 76.6464 14.3107 18.9683 76.7975 16.5049 19.4082 83.1209 31.645 19.9549 76.6838 11.1487 19.0866 76.9904 12.9461 21.0077 77.9724 20.831 20.1692 79.1617 26.5623 21.0794 78.7696 25.0576 20.7145 75.7616 12.113 21.4339 74.4157 11.0871 20.4695 76.4078 15.898 20.7329 77.9417 20.3227 21.5674 81.4195 31.0358 21.6233 84.3745 34.0498 21.2577 76.5512 16.8491 21.6872 78.3973 23.0837 22.289 80.2147 28.2869 21.8196 82.4945 32.0008 21.2981 85.4917 35.3317 22.6884 78.4199 25.0008 22.3669 73.1988 10.5578 21.6929 77.52 18.4576 23.4043 78.6153 20.3945 23.3771 74.5133 11.7793 22.4224 76.1255 13.2301 22.322 84.1557 33.4867 23.3055 85.302 33.9937 23.4391 75.2982 14.5794 23.6094 79.5852 27.2569 23.424 80.4163 29.3444 22.9908 78.9493 22.4565 23.224 82.7928 32.2328 23.4792 71.6703 11.2047 22.9811 79.9894 28.6345 24.6238 80.6151 31.5998 23.6243 73.0964 13.8952 23.4699 75.6745 15.4903 24.2126 79.5753 26.141 24.3905 71.2965 12.2103 24.1465 77.0352 18.9906 24.4626 70.1276 10.9822 22.6035 85.6333 34.8308 24.9382 78.1253 21.4351 24.1214 82.0066 32.8651 24.042 68.0859 11.4915 23.6817 72.6934 14.46 24.5265 85.6473 36.6862 24.7965 78.8075 23.0611 24.6718 80.2034 30.7024 24.858 80.2612 33.9173 25.5849 78.0443 20.8674 24.943 69.3364 13.3181 25.0508 68.4187 14.5359 25.0045 84.8644 34.1284 25.5409 74.2678 16.7185 24.7293 77.6659 27.2199 25.3232 69.7363 15.3198 25.0321 72.6144 16.7047 25.0033 76.5911 19.5476 25.0832 77.4782 20.797 25.553 82.7259 33.7559 25.697 85.3275 37.152 25.5722 78.8732 25.5649 25.6823 79.5576 30.5329 25.8137 70.9282 17.2075 25.8111 79.1314 33.7106 25.8202 75.1926 19.7874 25.6066 74.7271 25.9104 25.2021 75.4611 27.8644 25.5205 76.5933 25.9477 25.8048 69.4098 16.5477 25.929 72.4898 18.5615 25.2123 71.5189 19.0942 25.9298 80.5244 36.043 25.8305 79.7578 35.5854 25.2217 75.0246 24.1705 25.8655 72.9613 25.2795 25.8829 73.1269 26.2884 25.5075 74.4736 28.163 25.9175 85.0726 38.7381 25.6883 76.4343 21.8249 25.6562 72.8609 21.258 25.68 74.0093 21.9621 25.1004 68.8918 17.3833 25.715 67.4895 16.2481 25.4409 77.7001 28.7158 25.7496 71.7272 22.977 25.8912 73.3285 23.7355 25.6337 67.7283 17.0428 25.9426 72.1225 37 25.1675 72.8728 34.7416 25.7289 72.1301 35.1642 26.1211 73.4491 35.7299 26.086 76.1142 31.9937 25.9567 66.3346 18.5889 25.8987 67.587 29.6981 25.993 69.1101 29.7862 25.8898 66.9256 28.424 26.0584 70.952 27.3792 25.8504 65.7277 19.9736 25.6213 66.5194 20.4677 25.905 65.3353 28.0425 25.7682 66.5431 30.0602 26.0525 72.3894 28.6828 26.0455 73.2494 30.153 25.7811 68.2684 22.691 25.9829 68.331 20.6637 25.8098 70.187 20.8123 25.853 71.0421 20.8804 25.6232 74.1086 31.6742 26.0186 70.6607 24.4481 25.8667 68.691 23.8453 25.5904 71.8388 32.8664 26.1736 63.2941 23.9788 26.168 63.6164 22.6922 25.5493 61.9356 21.7161 25.8141 64.8792 23.3589 25.6281 68.5853 26.5464 25.8476 65.6553 23.8914 25.9997 64.0984 25.1636 25.9282 77.5075 34.5883 25.9405 66.218 24.81 26.0356 71.6537 26.2472 25.9804 64.253 28.2259 26.2803 70.6096 31.9861 25.9689 69.122 31.5427 26.1887 68.4231 33.7787 26.349 64.0731 31.2228 26.3686 65.6156 33.8325 26.0323 67.0671 32.4782 26.2999 61.5979 25.2074 25.9469 63.2237 25.1814 26.121 61.5136 26.3176 26.344 69.3522 35.2483 26.0169 68.6652 35.7931 26.255 64.6777 35.3888 26.4248 71.1502 36.3566 26.1411 61.6241 27.3037 26.0755 61.9257 27.6778 26.3369 60.9231 32.7691 26.4685 71.9541 50.3971 25.9918 72.8893 50.7677 26.7359 81.5539 41.8749 25.3744 81.7702 39.5286 25.5055 81.4467 43.6231 25.2483 82.4525 43.6932 25.1864 71.1826 39.18 25.1631 70.4615 38.5281 26.3799 72.3296 38.6583 26.1089 79.1271 38.1939 25.6496 80.1525 38.0465 25.8399 78.0294 40.2689 25.4032 79.238 40.7099 25.6624 82.1516 38.3627 25.8484 78.6358 41.5216 26.0259 80.9579 44.8999 26.1532 79.4619 43.0389 25.9443 76.924 43.9469 25.6516 78.1388 43.1246 26.2538 68.8693 40.8345 26.4564 69.1595 42.5722 26.0237 70.5714 41.4326 26.4025 76.7336 40.1589 26.0528 74.849 52.567 26.6577 76.6926 41.659 26.1799 75.0643 45.1096 26.4353 76.5616 46.0541 26.3698 75.3951 46.1405 25.9108 74.4727 47.4059 26.2058 75.1367 47.588 26.526 71.4269 49.7592 26.6221 73.5486 38.2606 26.1667 75.4399 38.9153 26.0472 74.3735 48.9925 26.6057 76.4152 47.4357 26.1391 73.5077 41.9576 26.3804 65.935 43.8906 26.4257 67.3162 45.2565 25.9187 69.2951 44.899 26.5371 66.3714 41.3266 26.4241 67.5007 36.9438 26.0884 66.4037 37.9953 26.3157 69.1674 47.8043 26.695 63.2074 42.6789 26.5216 71.4708 48.4887 26.2297 70.6807 47.7891 26.386 72.6914 48.2376 26.5864 63.6215 38.3106 26.2178 63.9785 40.464 26.4299 78.2117 46.6505 26.3611 77.2493 48.2288 26.3936 70.2073 45.0102 26.6213 71.7742 44.3978 26.4214 75.1233 50.2159 26.5703 62.2728 13.8151 19.9478 61.1761 14.2381 21.7303 62.4326 15.5803 20.9249 61.6382 15.8449 21.5348 61.4869 14.2034 23.2691 62.4554 17.3091 20.6763 62.2925 16.2875 22.6022 63.446 16.4654 21.3586 63.3298 15.4032 22.2425 61.5141 12.4094 22.9706 61.9058 16.0839 22.8684 63.3957 15.7715 23.1256 62.951 17.4714 23.5975 64.9031 15.1546 23.0497 65.134 17.7091 23.2039 66.7653 15.7319 23.1116 66.4361 17.2664 23.6461 67.5329 15.377 23.9911 61.6877 11.8495 24.1133 60.3141 11.0571 24.2419 62.7651 18.5847 24.4816 64.3906 19.4127 24.4877 59.9346 11.8527 25.5358 62.117 13.7881 25.1385 65.5491 18.5645 25.1843 62.7238 19.6073 24.7293 61.6314 12.8302 25.7889 63.7729 21.1445 25.9848 62.4939 18.9315 25.8397 59.5277 12.9601 26.3525 62.1927 16.3951 26.1406 53.848 22.0079 25.5656 55.2096 24.6636 25.5746 55.5941 22.4853 25.0757 61.4963 20.2805 26.0085 61.1334 23.7366 26.1119 61.877 18.3797 26.2733 52.406 20.8275 26.6283 52.4066 22.576 26.9259 55.465 21.3035 26.5484 55.7255 23.4911 26.4888 55.091 25.4734 26.6103 54.0178 24.7549 26.7886 58.9264 21.0121 26.363 60.3248 22.3396 26.5711 60.132 25.165 26.1421 59.932 27.6519 25.8806 57.6424 21.6069 26.3349 60.0216 24.1593 26.7592 59.0328 25.8409 26.5835 55.6371 19.9024 26.6154 58.2735 18.7407 26.426 55.4741 18.0589 26.7865 55.8883 17.2619 26.5308 53.8299 20.3037 27.0909 55.9529 20.8009 26.7818 59.9534 23.1704 26.8084 52.3657 16.5228 26.9533 54.1665 16.2058 26.7997 49.9664 20.8127 26.9012 51.0261 20.5245 26.3852 50.9245 19.4247 27.0795 50.6569 21.5232 27.1446 56.1027 24.8989 27.1078 51.9449 18.9364 27.1341 47.8053 20.1227 27.0977 57.0161 22.7474 26.982 55.7456 27.4968 27.0167 56.3782 26.3874 27.2652 48.8356 19.1326 27.325 48.5967 20.8994 27.3257 48.947 23.4533 27.2379 49.5832 24.592 26.9194 48.4211 17.1704 27.1923 47.3543 18.7716 26.8444 44.5628 21.8392 27.5655 52.4979 30.3664 25.1139 51.1635 29.9239 25.1993 51.356 31.5297 24.7453 53.0452 31.1943 26.2639 52.3636 31.9683 26.5503 52.6065 29.4852 26.7663 51.4046 31.8014 26.3582 56.4778 28.1731 25.1148 56.3721 30.5886 25.5771 57.4985 29.731 26.4904 51.313 29.2497 26.8071 50.645 30.9885 26.5767 54.865 29.9742 26.6234 56.7552 31.3641 26.4396 55.2215 27.8786 26.8309 58.5027 28.358 26.283 59.8742 28.8086 26.4043 58.5257 27.1715 26.9017 58.2049 40.9175 26.1336 57.9412 38.5682 26.512 59.4945 41.9383 26.4613 61.8379 36.3698 26.5605 60.6698 38.3706 26.3252 62.0449 38.7945 26.6988 58.2816 32.745 26.5671 56.8453 37.8342 26.7895 57.7304 35.7518 26.5715 57.1284 36.1065 26.9384 59.9194 37.8157 26.5592 53.8753 31.0298 27.0112 55.533 30.8853 26.9174 50.3821 25.4743 27.1484 53.099 28.1206 27.0124 50.2702 28.8042 27.2683 51.0997 33.214 27.1715 54.1573 34.9579 26.7393 52.9382 36.2531 27.1082 54.8501 36.4177 27.0731 53.7415 37.2868 26.8304 50.1983 26.6534 27.0827 48.8514 31.2324 27.0492 49.1125 27.7059 26.9674 44.9524 24.201 27.3439 47.0563 24.0361 26.9652 47.0019 22.57 27.4079 48.8202 25.3586 27.253 48.1802 28.044 27.3391 42.7439 22.5304 27.3961 45.737 25.2725 27.4936 41.725 28.0474 27.7384 67.7175 11.1169 8.31049 67.0966 12.05 9.92155 68.251 13.836 9.51752 68.5766 14.8316 10.0195 70.363 17.4468 10.2255 68.8983 16.082 10.2289 68.5855 16.452 11.3124 67.8506 13.1564 10.6466 69.9799 16.7481 11.4811 67.5484 14.2409 11.2144 72.0554 16.6275 11.0442 70.0455 15.1108 11.0055 71.1575 14.9786 10.8781 69.1851 16.529 11.7722 67.1047 12.6623 13.382 67.9335 15.3508 12.3936 69.4703 14.2327 12.9123 68.4458 15.7403 13.4089 67.3842 16.0268 13.6458 67.7991 15.1975 14.3718 71.8665 15.0559 11.2158 71.7594 12.4627 11.1412 70.6793 12.9137 11.5729 73.1718 12.7877 11.4043 72.4746 12.0786 12.203 73.3227 12.0615 12.2907 70.7722 12.7101 13.5595 72.1168 11.0627 12.828 74.1805 12.7264 12.7961 75.5011 11.0861 13.338 73.5437 10.498 12.9257 75.6377 12.17 13.4455 74.5321 10.1773 13.6974 72.6526 10.0397 14.7724 76.6561 11.203 15.2387 74.8804 8.63082 15.1015 70.4623 11.9232 14.7074 72.279 9.57024 15.9452 67.4344 14.6665 13.9397 66.1793 13.8385 15.2084 68.7953 12.8601 15.5986 65.6476 14.6054 16.2356 67.2216 14.1232 15.996 67.6525 12.6953 16.8759 65.3789 14.3058 18.0923 64.9449 12.9256 17.5746 67.1533 11.3363 18.7786 68.5508 10.3505 17.7474 66.6903 12.4392 17.7529 63.995 13.3048 19.2805 64.462 11.6744 18.5971 65.2342 13.4536 19.2326 71.4098 9.28765 15.9913 69.7853 10.5983 14.9369 73.0533 8.18777 16.346 76.1781 9.8746 16.5207 70.0012 10.2858 16.5391 74.7101 8.45872 17.4851 70.768 8.32819 17.1458 70.5797 6.46794 16.7366 71.7313 6.97759 16.3955 76.136 9.485 17.3657 71.5005 6.8438 18.7073 72.9945 7.20127 17.6065 74.9326 8.80399 17.9993 72.3416 7.54093 18.9852 74.2524 9.58684 18.9588 72.8926 8.56492 20.0941 71.9124 8.22939 20.416 67.0672 8.30012 17.1059 66.5282 6.55778 17.5186 67.4421 5.15183 17.5465 68.6634 5.41431 17.7576 65.7477 5.15851 19.0999 67.4789 5.61397 19.2395 64.5133 6.54213 19.2942 69.1375 6.42394 19.7536 66.1531 7.27082 20.1772 64.1349 8.71922 20.3173 65.2901 9.17144 20.9989 67.9205 8.23494 20.6704 63.8722 11.893 19.1199 64.7975 12.1708 19.2559 64.792 9.75189 19.3119 62.5961 12.4349 19.4208 64.4496 14.0181 20.719 63.8943 15.3322 19.7611 64.4899 11.0875 21.5962 63.9018 12.4887 22.1942 63.7344 14.1172 22.6992 64.8869 12.0013 22.433 66.7145 14.5386 22.8284 67.5581 13.959 22.9954 67.6301 9.80542 21.6454 70.319 9.14348 21.1146 65.9501 10.9803 22.5927 67.5795 11.2387 22.5935 66.6073 12.5502 22.3755"/>
    <Normal vector="0.0736794 0.0886809 0.993331 -0.258839 -0.190679 0.946913 -0.332302 -0.806414 0.489155 -0.0932571 -0.958116 0.270771 0.0506964 0.0847671 0.99511 0.0776797 0.0536985 0.995531 0.000403743 -0.17924 0.983805 -0.0059554 -0.0798456 0.996789 0.00670981 0.159856 0.987118 -0.0165947 -0.0619969 0.997938 0.0358711 -0.217855 0.975322 -0.0735782 0.0267916 0.99693 0.0433328 -0.00744266 0.999033 -0.0546936 0.0541326 0.997035 0.206296 0.408286 0.889238 -0.133392 0.215086 0.967442 0.0794365 -0.0916255 0.99262 0.125715 0.0392288 0.991291 -0.111444 0.204223 0.97256 -0.00947496 -0.192011 0.981347 0.182476 0.386146 0.904209 -0.199693 -0.0828521 0.97635 -0.0200777 -0.181429 0.983199 -0.125931 -0.0957469 0.987408 0.0747197 0.0257723 0.996872 -0.0558796 0.125674 0.990497 -0.0591609 0.609942 0.790235 -0.0520595 -0.100922 0.993531 -0.132428 -0.0675254 0.98889 0.018828 -0.0297628 0.99938 0.107672 -0.00162836 0.994185 0.139139 0.113339 0.983766 0.0311325 -0.0453857 0.998484 -0.252575 0.382681 0.888685 0.100275 -0.0116281 0.994892 -0.0126695 -0.0590844 0.998173 -0.55014 -0.455839 0.699683 0.0817043 0.0493426 0.995434 -0.111387 0.019662 0.993583 0.0635854 0.176868 0.982179 -0.152014 0.0833775 0.984855 -0.064292 0.049464 0.996705 -0.111687 -0.135252 0.984496 -0.256513 -0.311688 0.914906 -0.0890341 -0.386734 0.917883 -0.0606418 0.0516765 0.996821 0.0512979 0.0993445 0.99373 0.12869 -0.0802407 0.988433 -0.0958998 -0.0987217 0.990483 -0.646511 -0.510066 0.567324 -0.405836 0.0901738 0.909487 0.0769651 -0.0531202 0.995618 0.0242753 -0.0288909 0.999288 0.0413168 0.175718 0.983573 -0.0174629 -0.0217604 0.999611 0.0870838 -0.0299063 0.995752 -0.298818 -0.153395 0.941901 -0.0281966 0.00238976 0.9996 0.0145373 0.0597037 0.99811 -0.78106 -0.0481452 0.622597 0.0878598 0.213994 0.972876 -0.12117 0.0854354 0.988948 -0.0396441 -0.171102 0.984455 -0.0188606 0.0932359 0.995465 0.0553613 0.190456 0.980133 0.19351 -0.0534123 0.979643 -0.0669464 -0.1128 0.99136 -0.0264127 0.0529166 0.99825 0.131776 -0.0635493 0.98924 0.125269 0.0355602 0.991485 -0.00256749 -0.100846 0.994899 0.00173273 -0.0149036 0.999887 -0.0593097 -0.0819225 0.994872 0.0281607 -0.104437 0.994133 0.0152563 0.03787 0.999166 -0.501462 -0.84379 0.191191 -0.0134378 0.0449428 0.998899 0.0167605 -0.150124 0.988525 -0.0139324 -0.128968 0.991551 0.0619352 -0.0616819 0.996172 0.197325 -0.109189 0.974239 0.0849531 0.109748 0.990322 0.00054091 -0.122314 0.992491 -0.127897 -0.599063 0.790421 0.0597533 0.224808 0.972569 0.0425241 0.0608761 0.997239 -0.170407 0.207605 0.963256 -0.05705 0.220907 0.973625 -0.0712071 -0.073279 0.994766 -0.05795 0.0925151 0.994024 -0.060047 0.110903 0.992016 -0.364978 -0.925611 0.100172 -0.125536 -0.000516317 0.992089 -0.0127428 -0.0855708 0.996251 -0.0397732 -0.131563 0.99051 -0.657748 -0.710902 0.24897 -0.552965 -0.741466 0.380077 0.0252603 0.13858 0.990029 -0.103109 0.0162374 0.994538 0.0568432 -0.191847 0.979777 -0.0209801 0.169994 0.985222 -0.417356 -0.289411 0.861426 -0.285024 -0.0211973 0.958286 0.205604 0.019106 0.978449 -0.0350765 -0.0155463 0.999264 -0.0145105 -0.080018 0.996688 0.0271534 -0.146996 0.988764 -0.527672 -0.281647 0.801397 0.21672 0.0091706 0.976191 -0.0238956 0.0190071 0.999534 0.222297 -0.0938678 0.97045 0.122082 -0.086367 0.988755 0.0922816 -0.1495 0.984446 0.241672 0.164187 0.956367 0.00648794 -0.115121 0.99333 -0.0692531 -0.29905 0.951721 -0.00375123 0.150277 0.988637 0.126313 0.0322968 0.991465 0.0769452 0.0521421 0.995671 0.112051 0.039189 0.992929 -0.109194 -0.041628 0.993148 0.0876945 -0.0236831 0.995866 -0.178304 0.123976 0.976134 0.00977913 0.0337022 0.999384 0.231454 0.0727754 0.97012 0.10236 0.102446 0.989458 -0.533813 0.472873 0.701024 -0.0456693 0.0767928 0.996001 -0.289722 -0.0672124 0.954748 0.34598 0.0243134 0.937927 -0.107958 -0.11835 0.987086 0.015445 -0.0513963 0.998559 0.0551192 0.113178 0.992045 -0.0607803 0.0725611 0.99551 0.0766488 -0.0506353 0.995772 0.0167905 0.0681072 0.997537 -0.00728513 0.0393896 0.999197 0.0842155 -0.0998813 0.991429 0.0171484 0.175965 0.984247 -0.126566 -0.277121 0.952463 0.11468 -0.0387648 0.992646 -0.0700383 0.182697 0.980671 0.0182833 -0.122411 0.992311 -0.0171482 -0.0283005 0.999452 -0.188371 -0.0988086 0.977115 0.0292256 -0.0137361 0.999478 0.00558176 -0.0270194 0.999619 -0.314002 -0.174105 0.933322 0.0858176 0.0599649 0.994505 0.11792 0.0868407 0.989219 0.173721 0.00780207 0.984764 0.0241635 0.045821 0.998657 0.00350597 -0.105757 0.994386 0.119471 -0.119491 0.985621 0.0449656 0.106607 0.993284 0.0538678 0.0639969 0.996495 -0.0088502 -0.400544 0.916235 -0.00431931 -0.152442 0.988303 0.0507071 0.0120241 0.998641 -0.028066 -0.303603 0.952385 0.00870821 -0.239649 0.97082 -0.00354196 -0.284277 0.958736 -0.47721 0.0185978 0.878592 0.12093 -0.120205 0.985356 -0.491045 0.341757 0.801297 0.0449375 0.0926206 0.994687 -0.135643 0.106576 0.985009 -0.350329 0.0343408 0.935997 -0.399562 -0.124881 0.90816 0.000741124 -0.0454165 0.998968 -0.290415 0.102558 0.951389 -0.010658 -0.0568127 0.998328 -0.0865891 0.185818 0.978761 0.294894 0.155357 0.942816 0.165783 -0.0935131 0.981718 -0.0171293 -0.149472 0.988618 0.075105 0.132611 0.988319 0.0554626 -0.0310491 0.997978 -0.557423 0.422954 0.714416 -0.449957 -0.0469518 0.891815 -0.29929 -0.302111 0.905072 0.0838155 0.178939 0.980284 0.0397587 0.110345 0.993098 -0.0454902 0.0596862 0.99718 0.00702422 0.0946166 0.995489 -0.0215371 -0.0329535 0.999225 -0.0273753 0.0323993 0.9991 0.187556 0.0786069 0.979103 0.0932031 -0.0735042 0.99293 0.0772951 -0.13843 0.987351 -0.141474 0.136398 0.9805 -0.484938 0.491516 0.723358 -0.424363 -0.898582 0.111658 0.0686889 -0.00337833 0.997632 -0.0111073 -0.00385686 0.999931 0.040516 0.0574898 0.997524 -0.0364446 -0.251785 0.967097 0.107264 -0.121248 0.98681 0.235665 0.063413 0.969763 0.065527 -0.0356794 0.997213 0.0493829 0.0223725 0.998529 -0.132789 -0.0249262 0.990831 0.119915 -0.0678119 0.990466 -0.293153 0.342657 0.892551 0.0633817 0.130966 0.989359 0.0309103 0.0802266 0.996297 0.0967474 -0.0222349 0.995061 -0.0731092 0.0986282 0.992435 0.116568 0.00828737 0.993148 -0.774583 -0.000417621 0.632472 0.0331792 -0.0438635 0.998486 0.103015 0.0332096 0.994125 -0.0302283 -0.0270545 0.999177 -0.0585622 0.0358699 0.997639 0.0216294 0.0408376 0.998932 -0.0622688 0.01302 0.997975 0.0137619 0.188529 0.981971 -0.116959 -0.0652723 0.99099 0.0157567 -0.215066 0.976472 0.0651442 -0.263696 0.962404 -0.0798687 -0.00604641 0.996787 0.106146 -0.128558 0.986005 -0.0699921 -0.00635698 0.997527 -0.611038 -0.125907 0.781524 0.165356 -0.00809748 0.986201 0.11374 -0.09503 0.988955 0.124581 -0.144135 0.981685 0.153733 0.0443967 0.987115 0.0362465 0.103709 0.993947 0.163125 -0.178641 0.970298 0.312306 0.0601472 0.948076 0.0594108 -0.262847 0.963007 0.168779 0.0027616 0.98565 0.139721 0.114658 0.98353 -0.509683 -0.306533 0.803903 -0.457466 0.0500159 0.887819 0.11054 -0.172706 0.978751 0.104317 -0.0321036 0.994026 0.160263 0.00654563 0.987053 -0.333681 0.304932 0.892005 -0.511966 -0.00459053 0.858993 -0.0670763 0.00999799 0.997698 0.134404 -0.0683738 0.988565 0.119722 0.177205 0.976865 -0.064107 0.0410677 0.997098 0.054842 0.0996897 0.993506 0.145011 0.0444339 0.988432 0.181486 0.125943 0.975295 0.0862735 -0.0407201 0.995439 0.135536 -0.0964747 0.986064 0.184237 -0.0883477 0.978903 -0.488463 0.243624 0.837885 0.0927295 -0.122832 0.988086 -0.111996 -0.0216246 0.993473 -0.0849322 0.0456769 0.995339 0.10611 -0.00855233 0.994318 0.145698 0.0362936 0.988663 -0.102221 0.142473 0.984506 0.213831 -0.0762721 0.973888 -0.015702 -0.195647 0.980549 0.144196 0.0175445 0.989394 0.00340727 0.0830488 0.99654 -0.068852 -0.113393 0.991162 0.100242 -0.0373795 0.994261 -0.0272351 -0.0197135 0.999435 0.0189664 0.0596298 0.99804 0.151756 0.10934 0.982352 0.0179623 0.119854 0.992629 0.0914588 -0.021975 0.995566 -0.045237 -0.141517 0.988902 0.0746917 -0.115492 0.990496 0.106604 0.0539972 0.992834 0.101138 0.11232 0.988512 -0.842966 0.349337 0.409111 0.118137 -0.0842567 0.989416 0.100682 0.00586736 0.994901 0.12791 -0.302298 0.944593 0.0587179 -0.102967 0.99295 -0.636329 0.0304758 0.770816 0.0195107 -0.0887892 0.995859 0.232107 0.123508 0.964817 0.0345342 -0.0632045 0.997403 0.0398322 0.186962 0.981559 -0.725045 -0.615804 0.308374 0.0384996 -0.00667576 0.999236 0.0245356 -0.0321894 0.999181 -0.577187 -0.253635 0.776224 -0.0377091 -0.0481293 0.998129 -0.0609609 0.0515312 0.996809 -0.471301 0.161666 0.867029 -0.544609 -0.513803 0.662879 0.220327 0.0449234 0.974391 0.116126 0.0837098 0.989701 0.0290768 -0.160739 0.986569 -0.375985 0.0884738 0.922392 -0.756212 0.0202088 0.654015 -0.0619086 -0.232727 0.97057 0.0583776 -0.120407 0.991007 -0.354544 -0.420716 0.835043 -0.348496 -0.185424 0.918787 0.217185 -0.133841 0.966911 0.0972031 -0.230624 0.968176 0.091854 -0.0370765 0.995082 0.0477513 -0.110194 0.992762 0.181607 -0.0839248 0.979784 0.120573 0.0759221 0.989797 0.0418165 0.0422392 0.998232 -0.592713 -0.0730312 0.802096 0.227 0.148645 0.962484 0.0271879 -0.614005 0.788834 0.00333111 0.226695 0.97396 -0.139194 -0.0134125 0.990174 0.13607 -0.130482 0.982069 -0.013008 -0.375727 0.926639 0.133382 0.096306 0.986374 -0.00421055 0.0218412 0.999753 -0.0315024 -0.128387 0.991224 0.0451626 0.169237 0.98454 0.0108247 0.197295 0.980284 0.111213 -0.0182128 0.99363 -0.0824709 0.0481495 0.99543 0.0634448 0.169695 0.983452 -0.0571929 -0.00164231 0.998362 -0.0499344 0.124919 0.99091 0.0563703 0.0905528 0.994295 0.474131 0.174336 0.863022 0.155066 0.0770394 0.984896 0.0798639 0.0172613 0.996656 -0.0764355 -0.17361 0.981844 0.210258 0.134879 0.968297 0.145081 0.033392 0.988856 0.112058 -0.0813862 0.990363 0.0543048 -0.166467 0.984551 -0.38951 -0.806031 0.445641 -0.0613308 -0.375437 0.924816 -0.158496 0.084289 0.983755 0.0658311 -0.291797 0.954212 -0.130947 0.119696 0.984137 -0.0245229 -0.13922 0.989958 -0.317985 0.254301 0.913355 -0.00552933 0.371678 0.928345 0.00909587 -0.176059 0.984338 -0.142123 -0.0645054 0.987745 -0.133952 0.22014 0.966227 -0.0891571 -0.0634143 0.993997 0.0165229 0.127716 0.991673 -0.464797 0.0301814 0.884903 -0.249457 0.175754 0.952303 0.00497958 0.0517311 0.998649 0.0040207 0.0931611 0.995643 -0.118817 -0.140791 0.982884 -0.445279 0.150495 0.882654 0.208513 0.222846 0.952293 0.126539 0.0912155 0.987759 -0.364107 0.655156 0.661965 0.0498733 -0.229902 0.971935 -0.180483 -0.00597388 0.98356 0.170103 0.218907 0.960804 0.0811646 -0.0425636 0.995791 0.149021 -0.0544435 0.987334 0.195173 -0.156358 0.968225 0.201162 0.0937109 0.975065 0.303559 -0.101952 0.947342 0.138495 -0.0998132 0.98532 -0.0228213 -0.00531635 0.999725 0.0814392 0.0233811 0.996404 0.0806553 0.115701 0.990004 0.136597 0.234376 0.962502 0.146048 0.0897306 0.9852 0.0404743 0.192496 0.980463 0.0330062 0.0078755 0.999424 0.0702574 0.279814 0.95748 -0.0596885 0.258483 0.96417 0.0904985 -0.176687 0.980098 0.0535578 -0.0830154 0.995108 0.191389 -0.176288 0.965553 0.0377697 -0.0348055 0.99868 0.118757 0.195966 0.973393 -0.441839 0.114437 0.889765 -0.593721 0.188538 0.782272 -0.0197309 -0.212545 0.976952 0.00270271 0.315764 0.948834 0.0222322 -0.0211369 0.999529 0.150144 -0.0489424 0.987452 -0.105223 0.045811 0.993393 0.210211 0.0222173 0.977404 0.0401553 -0.0460836 0.99813 0.0646583 -0.0687166 0.995539 0.1659 -0.014969 0.986029 -0.449628 -0.0696932 0.890493 0.0202429 0.0470311 0.998688 0.0953688 -0.0200401 0.99524 -0.641803 -0.164212 0.749081 0.0942852 -0.169725 0.980971 -0.280002 0.31768 0.905913 -0.0520002 -0.311569 0.9488 0.127064 -0.102956 0.986537 0.117902 0.220158 0.968313 -0.607549 0.47434 0.637091 0.0381483 -0.00771689 0.999242 0.114907 -0.182043 0.976553 0.0230286 -0.214142 0.976531 0.0720556 -0.314511 0.946515 -0.568402 -0.809836 -0.145207 -0.194829 -0.0923919 0.976476 0.111335 -0.0399602 0.992979 0.134676 0.101913 0.985635 -0.0919195 -0.033205 0.995213 -0.504398 0.231214 0.831939 0.208935 -0.123965 0.970041 0.0296414 -0.079399 0.996402 0.227219 -0.200213 0.95304 0.0272742 -0.107779 0.993801 0.057418 0.110856 0.992176 -0.087299 -0.193148 0.977278 0.0173005 0.0378117 0.999135 0.0643397 -0.255093 0.964774 0.17018 0.085706 0.981679 -0.202676 -0.100035 0.974123 -0.179976 0.0992669 0.978649 -0.673474 0.420931 0.60766 0.106038 0.0570702 0.992723 0.19069 0.0474322 0.980504 0.0210875 0.0149191 0.999666 0.228597 0.934197 0.273896 0.0389076 -0.282501 0.958478 -0.0377558 -0.368541 0.928845 0.0650069 -0.0284056 0.99748 0.0469409 0.0773867 0.995896 0.335679 -0.0613167 0.939979 0.165588 -0.0350067 0.985573 0.198561 0.0617385 0.978142 0.114562 -0.129978 0.984876 0.12686 -0.267608 0.95514 -0.100579 -0.119335 0.987746 -0.104451 -0.010399 0.994476 -0.347173 -0.0310079 0.937288 -0.808608 -0.0474996 0.586427 -0.488268 -0.11458 0.865139 0.0710832 0.109896 0.991398 0.0923629 -0.0335847 0.995159 -0.135942 0.131517 0.981949 0.157711 0.195003 0.96804 0.0498175 -0.203028 0.977905 0.016494 -0.117485 0.992938 -0.099735 -0.10835 0.989097 0.321564 -0.0420478 0.945954 0.0491201 -0.0575579 0.997133 -0.154756 0.129844 0.979383 0.147865 -0.135772 0.979644 0.599589 -0.59484 0.535405 -0.833363 -0.520858 0.184969 0.135802 -0.109552 0.98466 0.058289 -0.132323 0.989491 0.0964335 -0.0892863 0.991327 0.122035 -0.0996991 0.987506 -0.199547 0.197895 0.959697 0.030019 -0.269907 0.962418 0.209935 -0.0254498 0.977384 -0.233418 -0.026737 0.972009 0.0337452 -0.176114 0.983791 0.19486 -0.0100825 0.980779 0.0220768 0.123901 0.992049 -0.0246497 -0.00336605 0.99969 -0.0340649 0.159465 0.986616 0.0167122 0.0291597 0.999435 -0.286238 0.0713441 0.955499 -0.181271 -0.00884935 0.983393 0.175337 0.0521065 0.983129 -0.338432 0.107934 0.93478 -0.494765 0.123237 0.860244 -0.66666 0.558701 0.493374 -0.277955 -0.205747 0.938301 -0.0207809 -0.100613 0.994709 0.1083 0.0935055 0.989711 0.134862 0.145013 0.980196 -0.507759 -0.107643 0.854748 0.0776732 0.0364244 0.996313 -0.00252881 -0.046412 0.998919 0.36123 -0.230142 0.90363 0.00507392 0.0137869 0.999892 -0.216469 0.0815224 0.97288 0.162082 0.0359073 0.986124 0.0437323 0.184606 0.981839 0.174938 0.0688425 0.98217 0.0192236 -0.282183 0.959168 0.183913 0.0294185 0.982502 0.0274562 -0.0033619 0.999617 -0.612176 0.599793 0.515257 -0.0244858 0.0529597 0.998296 0.108138 0.00801379 0.994104 -0.0464659 -0.195496 0.979603 -0.132893 -0.227399 0.964691 -0.764869 -0.331968 0.552062 0.0330389 -0.0840727 0.995912 0.179098 -0.0727888 0.981135 0.0781964 -0.271467 0.959266 -0.939917 0.241538 0.241279 -0.965334 0.178937 0.190033 -0.821088 0.240017 0.517887 -0.42377 0.767277 0.481357 -0.633832 0.757902 0.154409 -0.13056 0.00181277 0.991439 -0.473561 0.112434 0.873555 -0.364725 0.167205 0.91598 0.150829 0.0100102 0.988509 0.100853 -0.0947231 0.990382 0.181378 0.0866256 0.979591 -0.323605 0.0751202 0.943206 0.0284114 -0.175883 0.984001 -0.327962 0.070582 0.94205 -0.505704 0.214364 0.835651 0.104093 0.038663 0.993816 0.483759 -0.187561 0.854868 -0.114393 -0.094473 0.988933 0.00829657 -0.00736308 0.999938 -0.908847 0.0729292 0.410704 0.114536 0.120517 0.986082 0.397957 0.164149 0.902599 -0.28842 0.149795 0.945714 -0.754006 -0.472042 0.456783 0.10191 -0.894219 0.435875 0.171597 -0.221364 0.959975 0.152002 0.291966 0.944273 0.193949 -0.112912 0.974492 -0.0712781 -0.680864 0.728933 -0.076319 -0.080578 0.993822 -0.390248 0.348717 0.852117 -0.0511544 0.0131111 0.998605 -0.142193 -0.253061 0.956944 -0.258116 -0.160337 0.952716 -0.462756 0.134809 0.876175 -0.527599 -0.849096 -0.0259834 -0.586637 0.512622 0.626958 -0.425812 0.82581 0.369759 -0.357843 0.5048 0.785574 -0.157646 0.0773222 0.984464 0.0275437 -0.0954574 0.995052 -0.0281492 0.122448 0.992076 0.194228 0.0589333 0.979185 -0.273033 -0.0747686 0.959095 -0.613808 0.156601 0.773767 -0.217604 0.0637339 0.973954 0.200383 -0.117532 0.972642 0.0595799 -0.203117 0.97734 -0.847283 -0.191804 0.4953 -0.538327 -0.753912 0.37659 -0.522604 0.847774 0.090356 0.816755 0.320772 0.479601 -0.150684 0.0558652 0.987002 -0.281498 0.201877 0.938086 0.0708835 -0.182973 0.980559 0.150497 -0.140097 0.978634 -0.0580366 0.143174 0.987994 -0.0547435 0.0689903 0.996114 -0.176987 0.0748606 0.981362 -0.268612 0.158653 0.950093 -0.549845 0.0405246 0.834283 -0.547588 0.553792 0.627266 -0.131964 -0.255482 0.957765 -0.403335 -0.033703 0.914432 0.092337 -0.0726328 0.993075 0.169845 -0.0833246 0.981942 -0.210608 -0.0164829 0.977432 -0.444774 0.334948 0.830654 -0.622581 0.0657884 0.779785 -0.274154 -0.00939614 0.96164 -0.253472 -0.0582481 0.965588 -0.951512 0.130958 0.278343 -0.867682 -0.432984 0.244241 -0.00461011 0.0304849 0.999525 -0.396958 0.00805617 0.917801 -0.757026 0.37555 0.534672 0.0481213 -0.505867 0.861268 0.0880196 0.0264087 0.995769 0.120571 0.0283742 0.992299 0.0294025 0.0640099 0.997516 0.042067 -0.0102885 0.999062 -0.15917 0.098878 0.982287 0.0195267 -0.262508 0.964732 0.153697 -0.127779 0.979821 -0.358822 0.112129 0.926647 0.144452 -0.0429857 0.988578 -0.907134 -0.393799 0.148423 -0.028246 0.307582 0.951102 -0.908884 -0.405795 0.0962266 -0.718886 0.31507 0.619624 -0.795202 0.570025 0.2067 -0.0187351 -0.377372 0.925872 -0.36496 0.68249 0.633255 -0.788327 -0.0186853 0.614973 0.127752 -0.174244 0.97638 0.0820882 0.16092 0.983548 0.42132 0.179891 0.888892 -0.421271 0.561147 0.712492 -0.00627034 -0.0469477 0.998878 0.199227 0.000722881 0.979953 0.167465 0.0414811 0.985005 0.123819 0.21368 0.969025 0.0284596 -0.115568 0.992892 -0.671439 0.700518 0.241751 -0.30104 0.0456985 0.952516 -0.267854 0.498182 0.824663 -0.538239 0.0537374 0.841078 -0.165425 -0.197735 0.966196 -0.0599006 -0.23294 0.970645 -0.581399 -0.011862 0.813532 -0.229564 0.0651245 0.971112 -0.318758 0.00376102 0.947829 -0.557633 0.052211 0.828444 -0.362352 -0.0704919 0.929372 -0.795637 0.164374 0.583046 -0.116189 -0.0860055 0.989496 0.0320309 -0.283136 0.958545 -0.641932 0.168174 0.748092 -0.0256974 -0.986974 0.158812 -0.081641 0.232454 0.969175 -0.585714 0.12927 0.800143 0.1989 -0.0514079 0.978671 -0.00530739 -0.172755 0.984951 -0.0337367 -0.061326 0.997548 0.109599 0.0126745 0.993895 -0.0199636 0.059323 0.998039 0.101265 0.0694111 0.992435 0.435436 -0.34637 0.830917 -0.291885 0.571065 0.76726 -0.679289 0.0912442 0.728176 0.204927 -0.377026 0.903248 0.0543306 -0.197377 0.978821 -0.0960954 -0.0262027 0.995027 -0.172227 -0.0363706 0.984386 -0.254216 0.389823 0.885106 -0.154487 -0.0655774 0.985816 -0.334007 0.0478223 0.941357 -0.292236 -0.346343 0.891428 0.432511 0.0254451 0.90127 0.0977566 -0.147879 0.984162 0.086693 -0.106034 0.990576 -0.031415 -0.0115595 0.99944 -0.061356 0.101244 0.992968 0.0523308 -0.0118471 0.99856 -0.125399 0.0865358 0.988325 0.300581 -0.610036 0.733149 -0.107742 0.02332 0.993905 -0.18644 0.309874 0.932319 0.301579 -0.25419 0.918933 -0.163576 0.144927 0.975827 -0.276677 0.109049 0.954755 -0.340657 0.119885 0.932513 -0.309448 -0.0884408 0.946795 0.00907353 0.0812189 0.996655 -0.131517 -0.0547231 0.989802 -0.031167 -0.282051 0.958893 -0.594022 0.200511 0.779059 -0.28886 0.0867833 0.95343 -0.609589 -0.773531 -0.173353 -0.137504 0.172218 0.975415 -0.178253 -0.00112395 0.983984 -0.0871319 0.789466 0.607578 -0.0338854 0.73098 0.681557 0.575821 -0.411195 0.706647 0.253294 -0.17748 0.95097 0.510207 -0.19217 0.838307 -0.755348 0.477384 0.448947 -0.540998 0.221562 0.811315 -0.314324 0.869483 0.38105 -0.746626 -0.120838 0.654178 -0.50272 -0.145093 0.852186 0.537765 -0.728028 0.425187 -0.758421 0.0705035 0.64794 0.306084 -0.656221 0.689701 -0.28095 -0.112993 0.953048 -0.616507 -0.786353 0.0396085 -0.685727 0.614183 0.390587 0.652524 0.104145 0.750578 -0.858839 -0.00356309 0.512233 0.620252 -0.643128 0.449082 -0.0812975 -0.0691524 0.994288 0.752632 -0.478528 0.452279 -0.0798781 -0.268866 0.95986 0.632174 -0.6904 0.351717 -0.705355 0.142943 0.694292 -0.4088 0.265758 0.873072 -0.0846765 0.0590248 0.994659 -0.147599 0.00496227 0.989035 -0.32623 -0.177677 0.928442 -0.895985 -0.284503 0.340984 -0.644098 0.364808 0.672349 -0.957072 -0.262184 0.12358 -0.663525 0.379414 0.64481 -0.473892 0.491894 0.730388 0.406444 -0.913436 -0.0209191 -0.12515 0.319864 0.939162 -0.534945 0.769687 0.348447 0.751138 -0.336889 0.567712 -0.346834 0.00659136 0.937903 -0.601474 0.133947 0.787583 -0.313817 -0.214997 0.924822 -0.122908 0.184475 0.975122 -0.232121 0.0935002 0.968183 -0.243061 0.246338 0.93821 -0.0931636 0.118999 0.988514 -0.559254 0.436168 0.704977 -0.764425 0.304511 0.568267 -0.147652 0.691737 0.706893 -0.649883 0.359325 0.669729 -0.692073 0.176388 0.699945 -0.530616 0.100556 0.841626 -0.979149 -0.201027 -0.0292385 -0.747797 -0.158982 0.644612 0.55971 -0.808864 0.180178 0.14146 -0.693026 0.706898 -0.541455 0.070548 0.837765 0.0232176 0.0306442 0.999261 0.0415743 0.094669 0.99464 -0.245361 0.0370078 0.968725 -0.459384 0.345237 0.8184 -0.628091 0.197433 0.752676 -0.540585 0.102799 0.834985 -0.929973 -0.244103 0.27489 -0.647136 -0.252792 0.719244 0.0244821 0.0997198 0.994714 -0.634996 -0.012159 0.77242 -0.561152 0.0227906 0.827399 -0.485024 0.507898 0.711892 -0.874522 0.346359 0.339481 -0.401287 0.737405 0.543326 -0.619476 0.302162 0.724532 -0.442715 0.184377 0.877501 0.123662 0.288518 0.949455 0.137344 0.109289 0.984476 -0.657354 0.193217 0.728391 0.730553 -0.682357 0.0261213 -0.198595 -0.211447 0.957001 -0.216758 0.22083 0.950921 -0.266914 0.554312 0.788349 0.298343 -0.671492 -0.6783 0.933262 0.244725 0.262929 0.817289 -0.548717 0.175922 0.771711 -0.624258 0.121509 -0.870812 0.373656 0.31948 -0.525447 0.243262 0.815309 -0.850351 0.350641 0.392371 -0.602726 -0.346154 0.718957 -0.60479 -0.246314 0.757337 -0.703749 0.118333 0.700524 -0.826055 -0.542665 0.152147 -0.687306 0.214803 0.69388 -0.670045 0.220267 0.708887 0.00785639 0.277006 0.960836 -0.983447 0.149016 -0.103079 0.034305 0.214188 0.97619 -0.714814 0.202751 0.669278 -0.572801 0.0726106 0.816472 -0.554794 -0.816959 0.157422 -0.88424 -0.0352272 0.465703 -0.360976 0.306845 0.880649 -0.0242921 -0.294657 0.955294 0.310181 -0.834539 0.455337 -0.087752 0.650511 0.75441 0.227535 0.178071 0.95735 -0.33359 0.452434 0.827056 0.99957 -0.0254249 0.0146298 0.281601 0.540484 0.792829 -0.439325 0.405312 0.801695 -0.693846 0.00368483 0.720114 0.397564 -0.840222 0.368741 0.152011 0.146686 0.977433 -0.564561 0.084293 0.821076 -0.440812 -0.0483768 0.896295 -0.460817 0.0695339 0.884767 0.311827 -0.705859 0.636024 -0.524448 0.265914 0.808854 0.725522 -0.295542 0.621508 -0.72572 0.0260157 0.687498 -0.461512 -0.110401 0.880238 -0.630992 0.235032 0.73933 -0.925113 0.176725 -0.336057 0.0767216 0.179014 0.980851 -0.65238 0.399906 0.643797 -0.50386 0.286686 0.814823 -0.593853 0.153583 0.789779 0.286797 -0.493691 0.820985 -0.364209 0.0816235 0.927734 -0.709162 -0.0297154 0.704419 -0.597857 0.333525 0.728923 -0.868154 0.452166 0.204585 -0.299081 0.64356 0.704543 -0.831201 0.431691 0.350355 -0.612537 0.238873 0.753484 -0.792723 0.155636 0.589379 -0.202138 -0.253777 0.945906 0.751188 0.0862935 0.654423 -0.444063 0.062429 0.893818 -0.540447 0.240715 0.806209 -0.601373 0.061172 0.796623 -0.706269 0.348309 0.616332 -0.746944 0.393331 0.536065 -0.54479 -0.83811 0.0278527 -0.555642 0.8284 -0.0708228 -0.453674 0.178992 0.873007 -0.540582 0.122748 0.832288 -0.735511 0.0436272 0.676106 -0.715199 0.304927 0.628896 -0.669368 0.496981 0.552229 -0.615285 0.342405 0.710059 -0.950813 -0.156276 -0.267456 -0.58476 0.1126 0.803354 -0.507056 0.73257 0.454132 -0.56146 0.231584 0.794438 -0.926466 0.161044 0.340186 -0.738442 -0.181441 0.649448 -0.797183 0.263227 0.543333 0.524389 -0.839206 0.144048 -0.207187 0.103737 0.972786 -0.674267 0.0110648 0.738405 0.334033 -0.836287 0.434794 0.498019 -0.637034 0.588357 -0.812276 0.286764 0.507912 -0.747768 0.16071 0.644217 -0.686334 0.241981 0.685851 -0.713193 0.18219 0.676877 0.460314 -0.385442 0.799716 -0.72991 0.315181 0.606541 -0.574336 0.0436644 0.817454 -0.846901 0.38733 0.364326 -0.390598 0.58863 0.707777 0.730223 -0.499656 0.465959 0.630588 -0.514422 0.581145 0.478673 -0.749162 0.457851 -0.0788763 0.0628613 0.994901 -0.387574 0.0681804 0.919314 -0.754327 0.278516 0.59449 -0.730768 0.0210632 0.682301 -0.867721 0.0895224 0.488923 -0.170562 0.950241 0.260674 -0.534594 0.102847 0.838828 -0.739817 0.0521975 0.670781 -0.686395 0.372589 0.624531 -0.725725 0.206306 0.656324 -0.623471 0.146502 0.767998 -0.652087 0.256438 0.713458 -0.566561 -0.305235 0.765402 0.474318 -0.737362 0.480957 -0.150664 0.443341 0.8836 -0.91518 0.191669 0.354554 -0.806643 0.184907 0.561371 0.151546 -0.284608 0.94659 -0.199748 0.422273 0.884187 0.143559 -0.0147875 0.989531 -0.0323765 -0.0884501 0.995554 0.319727 -0.379922 0.868006 -0.802314 0.100032 0.58846 -0.255464 -0.190254 0.947914 -0.483688 0.268202 0.833135 -0.587315 0.220804 0.778657 -0.719602 0.175438 0.671859 -0.583787 0.25151 0.771969 -0.438623 0.211693 0.873382 -0.890317 0.294107 0.347616 -0.599584 0.322852 0.732302 -0.558155 0.245272 0.792657 -0.444114 0.240301 0.863144 -0.750201 0.324012 0.576381 -0.720765 0.22767 0.654724 -0.579966 0.570711 0.581316 -0.846453 0.32888 0.418754 -0.386497 0.083761 0.918479 -0.563738 0.399967 0.722652 -0.631134 0.261948 0.730105 -0.603113 0.481944 0.635598 -0.549944 0.474252 0.687493 -0.529951 0.569543 0.628309 -0.712182 0.292945 0.63795 -0.581061 0.452409 0.676531 -0.578179 0.242902 0.778915 -0.169831 -0.0301082 0.985013 -0.105515 -0.0427785 0.993497 -0.216277 -0.122902 0.968566 0.121927 -0.0132762 0.99245 -0.0055127 -0.0206157 0.999772 0.115041 -0.0268281 0.992998 -0.120548 -0.174575 0.977237 -0.0630923 -0.0631795 0.996006 -0.0769286 -0.170564 0.982339 -0.0816809 -0.0881043 0.992757 0.0252501 -0.288484 0.957152 -0.120949 -0.0867294 0.988863 -0.162543 -0.0754206 0.983815 -0.250738 -0.151805 0.956078 -0.161922 0.0276444 0.986416 -0.0312753 -0.102876 0.994202 0.019239 -0.245015 0.969328 -0.04644 -0.282634 0.958103 0.0149246 -0.0389359 0.99913 0.0945565 -0.240916 0.965929 -0.0466296 -0.346216 0.936995 -0.121758 -0.404217 0.906523 0.0479475 -0.223373 0.973553 -0.127609 -0.132447 0.982941 0.00425674 -0.117524 0.993061 -0.0428172 -0.179203 0.98288 -0.372695 0.122549 0.919826 0.0365814 -0.490052 0.870925 -0.0716979 -0.403665 0.912093 -0.0722759 -0.157483 0.984873 0.136515 -0.268285 0.953618 -0.0464855 -0.103844 0.993507 0.0722637 -0.195494 0.978039 0.0722125 -0.382967 0.920935 0.0734737 -0.102046 0.992063 0.00463912 -0.119983 0.992765 0.126781 0.0548532 0.990413 -0.0333381 -0.0955644 0.994865 -0.0585891 -0.317303 0.946513 -0.124805 -0.293807 0.947682 -0.0785455 -0.232015 0.969536 0.0596715 -0.0408962 0.99738 -0.286281 0.0870691 0.954181 -0.12075 -0.0878432 0.988789 0.0243704 -0.266675 0.963478 -0.1705 -0.14188 0.97509 -0.127859 -0.24807 0.960267 -0.16539 -0.105656 0.980552 -0.27411 0.109673 0.955424 -0.127706 0.141443 0.981675 -0.105349 -0.28537 0.95261 -0.0148703 -0.0222065 0.999643 -0.00588753 -0.0135988 0.99989 0.0359443 -0.312585 0.94921 0.0350756 -0.0253458 0.999063 -0.0194339 -0.19115 0.981369 -0.10043 -0.233646 0.967121 -0.119496 -0.0822028 0.989426 0.104364 -0.0544317 0.993049 -0.121499 -0.119334 0.985392 -0.0788847 -0.282464 0.956029 0.133164 -0.133411 0.982074 0.0250039 0.00950039 0.999642 0.0679297 -0.14136 0.987625 0.0496343 -0.0462022 0.997698 -0.280803 -0.0693747 0.957255 -0.019725 -0.182609 0.982988 -0.367939 -0.208699 0.906127 -0.010441 -0.358565 0.933446 0.0715635 0.189362 0.979296 -0.085644 -0.340699 0.936264 0.0380463 -0.188918 0.981256 -0.0926285 -0.0240038 0.995411 -0.0487378 0.00940811 0.998767 -0.0381237 0.0877965 0.995409 0.114301 -0.2605 0.958684 -0.0171061 -0.0581564 0.998161 -0.0685463 -0.259692 0.963256 0.132432 -0.0335446 0.990624 0.0178922 -0.00184793 0.999838 0.0860804 -0.152162 0.9846 -0.0110934 -0.369614 0.929119 -0.4726 -0.0746771 0.878108 -0.559404 -0.138008 0.817326 0.044551 -0.223037 0.973791 -0.00600961 -0.165086 0.986261 -0.115062 -0.272484 0.955256 0.116115 -0.182395 0.976345 -0.0390868 0.0516294 0.997901 -0.049965 0.00401704 0.998743 -0.319782 0.394532 0.861443 -0.0530456 0.0105868 0.998536 0.014885 -0.0520981 0.998531 0.0159336 0.43027 0.90256 -0.181848 0.251941 0.950504 -0.0370699 -0.158022 0.98674 0.0544995 -0.0354206 0.997885 -0.107839 -0.192582 0.975337 0.00286139 -0.230621 0.97304 0.0331243 -0.0664592 0.997239 0.09024 -0.261972 0.960847 -0.153049 -0.0113939 0.988153 0.0551229 -0.132109 0.989701 0.0235352 -0.117157 0.992835 -0.0027357 -0.0696778 0.997566 0.0809961 0.0271537 0.996345 -0.0817204 -0.250016 0.964787 -0.197731 -0.463465 0.863773 -0.122188 -0.29293 0.948294 -0.0326301 -0.303676 0.952217 -0.055781 -0.356739 0.932537 0.0476175 0.139863 0.989025 -0.0423126 -0.0221695 0.998858 0.0709818 -0.0890042 0.993499 0.0960741 0.0135086 0.995283 0.122396 0.0471275 0.991362 0.0817077 -0.239244 0.967515 -0.108157 0.32346 0.94004 0.0381562 -0.313388 0.948858 -0.507587 0.0987197 0.855926 0.074038 -0.373147 0.924813 -0.436291 -0.444374 0.782421 0.219176 0.311879 0.924496 -0.397996 -0.00526509 0.917372 -0.324172 -0.24974 0.912437 -0.128365 -0.0246248 0.991421 0.12938 -0.249479 0.959698 -0.130334 0.029199 0.99104 -0.0196272 -0.16304 0.986424 0.00468712 -0.308577 0.951188 0.0897522 -0.222645 0.970759 0.00939945 -0.0699404 0.997507 0.005335 -0.178232 0.983974 -0.33335 -0.0603335 0.940871 0.013232 0.197817 0.98015 0.0531737 -0.429413 0.901541 0.00793851 0.360472 0.932736 -0.0510079 -0.014101 0.998599 0.103773 -0.170502 0.979878 -0.144468 -0.221206 0.964467 0.150811 -0.22472 0.962682 -0.0182116 -0.193146 0.981001 -0.0475618 -0.21355 0.975774 -0.0864048 -0.112804 0.989853 0.0401378 -0.0662264 0.996997 -0.352779 -0.0548539 0.934098 -0.136166 0.0090752 0.990645 -0.0586545 0.0144142 0.998174 -0.338234 -0.121742 0.933154 0.0720673 -0.184247 0.980234 -0.0872965 -0.235269 0.968002 -0.0347554 -0.261465 0.964587 -0.1052 -0.212403 0.971503 -0.0290822 -0.0885015 0.995651 -0.0285222 0.248218 0.968284 -0.0361453 -0.380007 0.924277 -0.166914 -0.200546 0.96536 -0.368637 0.270747 0.889271 -0.225074 -0.276728 0.934218 0.162494 -0.221198 0.961596 -0.185119 -0.241603 0.952554 -0.419832 -0.109429 0.900981 0.0452195 -0.0623983 0.997026 0.0312209 -0.111294 0.993297 0.119441 -0.322804 0.938899 -0.322486 0.00723429 0.946547 -0.183065 -0.165259 0.969111 0.131774 -0.178972 0.97499 -0.265648 0.0358345 0.963404 -0.105251 -0.228045 0.967945 0.140325 -0.369121 0.918727 -0.347229 0.0899275 0.933459 0.0493368 -0.244624 0.968362 0.0380145 -0.17382 0.984043 -0.0532463 -0.197564 0.978843 -0.33046 -0.223301 0.917024 -0.239735 -0.161266 0.957351 -0.142427 -0.11444 0.983167 -0.042639 -0.249128 0.967532 -0.14459 -0.321689 0.93574 0.0963927 -0.10967 0.989283 0.128147 -0.129688 0.983239 0.00720497 0.152222 0.98832 0.023368 -0.0212539 0.999501 -0.741274 0.00710183 0.671165 -0.309645 -0.200728 0.929424 -0.61867 0.0764074 0.781927 0.164554 -0.211589 0.963407 -0.0131285 -0.17039 0.985289 -0.2116 -0.168461 0.962729 -0.0834848 -0.075261 0.993663 -0.00769933 -0.12423 0.992224 0.15876 -0.359888 0.919389 -0.17549 -0.224571 0.958526 -0.188404 -0.176417 0.966117 -0.175666 -0.367571 0.913254 -0.0458071 0.0533409 0.997525 -0.173389 -0.1574 0.972194 -0.244272 0.0848986 0.965983 -0.00038982 -0.103435 0.994636 -0.67931 0.18503 0.710142 -0.0837508 -0.175269 0.980952 0.0516927 -0.0274628 0.998285 0.00579654 -0.183406 0.98302 0.0627731 -0.250481 0.966084 0.0312571 0.091804 0.995286 -0.0143365 -0.130358 0.991363 0.0938894 0.0114583 0.995517 0.0118066 0.0185671 0.999758 -0.361393 -0.298185 0.883448 -0.137429 -0.159324 0.977614 0.0849192 -0.366408 0.926571 -0.304517 -0.204704 0.93025 0.0397375 -0.302546 0.952306 -0.0679438 -0.220107 0.973107 -0.273415 -0.0943808 0.957255 -0.136598 -0.182473 0.973676 -0.056715 -0.100478 0.993322 -0.117652 -0.379156 0.917823 -0.441182 -0.0729889 0.894445 0.00127204 -0.201232 0.979543 -0.103349 -0.192084 0.975922 0.0769382 -0.164244 0.983415 -0.771283 0.509457 0.381543 0.0637846 -0.203736 0.976946 -0.0669574 -0.266412 0.961531 -0.0306076 -0.113332 0.993086 -0.0194305 -0.206695 0.978212 -0.0960086 -0.178675 0.979213 -0.00350257 -0.222493 0.974928 -0.127698 -0.220799 0.966924 -0.113548 0.0560107 0.991952 0.0112054 -0.193664 0.981004 0.00256077 -0.202052 0.979371 0.0602232 -0.269813 0.961028 0.0301062 -0.198596 0.979619 -0.0369619 -0.107496 0.993518 -0.0267121 -0.27 0.96249 0.0682204 -0.0645407 0.99558 0.115542 -0.0781862 0.990221 -0.0594142 -0.183954 0.981137 -0.0338218 -0.15671 0.987065 -0.159127 -0.284824 0.94528 0.0373234 -0.136468 0.989941 -0.14125 -0.364602 0.920388 -0.0153087 -0.117901 0.992907 -0.174976 -0.162087 0.971139 -0.0770412 -0.400113 0.913222 -0.0457289 -0.0309227 0.998475 0.00562569 -0.108336 0.994098 0.0359689 -0.236919 0.970863 -0.754409 0.297713 0.585008 -0.713724 -0.123522 0.68945 -0.093133 -0.080763 0.992373 -0.356593 -0.204286 0.911652 -0.144244 0.0447424 0.98853 -0.214952 0.0850422 0.972915 -0.0804653 -0.200515 0.976381 0.0387752 -0.109971 0.993178 -0.155109 -0.503251 0.850106 -0.0594803 -0.433371 0.899251 0.0700498 -0.422961 0.903436 -0.0295085 -0.384299 0.922737 -0.233928 -0.141238 0.961941 -0.252099 -0.316973 0.914316 -0.0388877 -0.343523 0.938339 -0.107652 -0.0759204 0.991286 -0.0436922 -0.219243 0.974692 -0.0443386 -0.414176 0.909116 -0.203424 -0.449557 0.86978 0.0742964 -0.613532 0.786167 -0.000272601 -0.373297 0.927712 0.0519688 -0.0760789 0.995747 0.0446734 -0.434088 0.899762 -0.275704 0.0968763 0.956348 -0.11957 -0.0278933 0.992434 -0.134516 -0.0528946 0.989499 -0.322532 -0.430009 0.843247 -0.233041 -0.239284 0.942568 0.0581788 -0.42391 0.903834 -0.0392515 -0.352924 0.934828 -0.0225528 -0.425932 0.904474 -0.0599831 0.0041667 0.998191 -0.0744863 -0.424251 0.902476 0.117152 -0.106874 0.987347 -0.0490631 -0.25667 0.965253 -0.13173 -0.137781 0.981664 -0.0778183 -0.0940253 0.992524 -0.0922986 -0.36674 0.925734 -0.528031 0.236636 0.81559 -0.176089 -0.310895 0.93399 0.107493 -0.428405 0.89717 -0.817176 0.240047 0.524024 0.00519106 -0.566816 0.823828 -0.436425 -0.0728469 0.896787 -0.0238441 -0.537066 0.843203 -0.0934043 -0.272596 0.957584 -0.194656 -0.072123 0.978216 -0.0379875 -0.504573 0.862533 -0.0769597 -0.145685 0.986333 -0.112276 0.0317377 0.99317 -0.0995529 -0.314367 0.944067 0.0663748 -0.398227 0.914882 -0.283574 -0.335969 0.898171 -0.200658 -0.380876 0.90259 -0.0607063 -0.464595 0.88344 -0.151913 -0.121706 0.980872 -0.68952 0.16196 0.705926 -0.30977 -0.0873241 0.946793 -0.109451 -0.461321 0.880456 -0.926075 0.179371 0.33198 0.0332233 -0.228339 0.973015 -0.0608603 -0.339869 0.938502 -0.181424 -0.278716 0.943082 0.0555583 -0.368702 0.927886 0.0317766 -0.183776 0.982454 0.119673 0.011025 0.992752 0.215206 -0.385783 0.897139 -0.0308006 -0.125569 0.991607 -0.151937 -0.49965 0.852798 -0.0439855 -0.404135 0.913641 -0.0213475 -0.1794 0.983545 -0.184748 -0.023847 0.982497 0.0724054 -0.374046 0.924579 0.10747 -0.188123 0.976248 -0.768821 0.391667 0.505482 -0.476451 0.117131 0.871364 -0.00958112 -0.0132184 0.999867 -0.0717719 -0.0114556 0.997355 0.0388329 0.0277684 0.99886 0.00431714 -0.332461 0.943107 -0.0548992 -0.464157 0.88405 -0.100745 -0.267689 0.958224 -0.0581823 -0.331935 0.941506 -0.0107817 -0.0284027 0.999538 0.0260916 -0.30133 0.953163 -0.0907581 0.00109138 0.995872 0.0272612 -0.513632 0.857578 -0.166577 -0.113237 0.979505 0.06972 -0.481764 0.873523 -0.00656184 -0.0698103 0.997539 -0.0568741 -0.408652 0.910917 -0.125778 -0.395071 0.909999 -0.13588 -0.0388244 0.989964 0.0724752 -0.350955 0.933583 -0.222913 -0.399392 0.889267 -0.118189 -0.37407 0.919839 -0.237632 -0.0975484 0.966445 -0.38121 -0.0508953 0.923087 -0.265283 0.0392017 0.963373 -0.513309 -0.556327 0.653464 0.150083 -0.0719286 0.986054 -0.0644287 -0.0764039 0.994993 0.35219 -0.451764 0.819678 -0.0726394 -0.460431 0.884719 -0.331921 -0.113695 0.93643 -0.0643854 -0.510891 0.857231 -0.0833898 -0.13094 0.987877 -0.00364265 0.135263 0.990803 -0.359812 -0.527055 0.769902 -0.200765 -0.0161753 0.979506 -0.199009 -0.397395 0.895808 0.146331 -0.613228 0.776233 -0.0113348 -0.476779 0.87895 -0.267515 -0.418638 0.867858 -0.61896 0.446747 0.645992 0.080211 -0.441538 0.89365 -0.152465 -0.534409 0.831361 -0.114524 -0.444244 0.888556 0.0167427 -0.314888 0.948981 0.0269243 0.0294712 0.999203 -0.120167 -0.0984239 0.987863 0.00503717 -0.442133 0.896935 0.00361914 -0.539675 0.841866 -0.124778 -0.0289708 0.991762 -0.0490714 0.0326357 0.998262 -0.277528 0.0821142 0.957202 -0.585298 0.254412 0.769871 -0.568215 0.312515 0.761227 -0.151955 -0.511989 0.845445 -0.333017 -0.293159 0.896191 -0.105009 -0.44656 0.88857 0.0181732 -0.538211 0.842614 -0.128692 -0.880843 0.455582 -0.290912 -0.43017 0.85459 -0.130455 -0.397302 0.908368 -0.0331498 -0.607178 0.793874 -0.238086 -0.899692 0.365882 -0.441202 -0.76022 0.476871 0.410133 -0.634308 0.65532 -0.138385 -0.288485 0.947431 -0.0586898 -0.210689 0.97579 -0.217903 -0.419979 0.880986 0.323302 -0.30467 0.895909 0.0160815 -0.207993 0.977998 -0.524241 0.207555 0.825889 -0.247631 -0.536382 0.806829 -0.103055 -0.375401 0.921115 -0.428594 0.265852 0.863498 -0.199268 -0.462489 0.863943 0.144852 -0.426367 0.892877 -0.385673 0.24079 0.890661 -0.131717 -0.484423 0.864861 -0.111068 -0.65049 0.75135 -0.458197 -0.440081 0.772259 -0.025867 -0.166102 0.985769 -0.0588495 -0.0102317 0.998214 -0.166532 -0.617302 0.768899 -0.189147 -0.164077 0.968144 -0.0869877 -0.595794 0.798412 -0.343975 -0.170218 0.923422 -0.306931 -0.212673 0.927665 -0.0414454 -0.202501 0.978405 -0.169085 -0.667067 0.725557 -0.160832 -0.892535 0.421325 -0.187758 -0.540158 0.820352 0.159979 -0.891905 0.42298 -0.119704 0.154897 0.980652 -0.250284 -0.465264 0.849051 0.0684343 -0.346418 0.935581 0.0242279 -0.552797 0.832964 -0.326489 -0.70247 0.632409 0.142301 -0.146044 0.97899 -0.390429 -0.875162 0.285756 -0.197052 -0.908073 0.369558 -0.132296 -0.950572 0.280909 -0.0843938 -0.924683 0.371267 -0.0658794 -0.520207 0.851495 -0.0232253 -0.883653 0.467567 -0.57488 -0.629729 0.522451 -0.407006 -0.876999 0.255379 -0.112845 -0.405092 0.907285 -0.316718 -0.945325 0.077784 -0.316221 -0.583855 0.747741 -0.177465 -0.0524485 0.982728 0.183122 -0.849632 0.494562 -0.187583 -0.313376 0.930918 -0.484427 0.31716 0.815316 -0.105359 -0.795451 0.59679 0.110918 -0.329619 0.937576 -0.176809 -0.983743 -0.0314331 -0.220272 -0.49725 0.83918 -0.182459 -0.454897 0.871652 -0.295241 -0.941259 -0.163902 0.0383233 -0.757376 0.651854 -0.434513 0.36146 0.824952 -0.446051 0.379248 0.810684 0.375344 -0.387226 0.842124 -0.509182 0.260538 0.820277 -0.198555 -0.328352 0.923451 -0.117035 -0.248967 0.961415 0.170136 -0.140006 0.975424 -0.154459 -0.0482352 0.986821 -0.0751845 -0.277587 0.957754 0.0200202 -0.0756788 0.996931 -0.0507333 -0.0998067 0.993713 0.765868 -0.122473 0.631226 0.238802 -0.481515 0.843277 -0.256689 -0.499388 0.82748 -0.0489671 -0.106096 0.993149 -0.216399 -0.0145065 0.976197 -0.212295 -0.0796289 0.973956 0.125157 -0.963214 -0.237813 -0.0600052 -0.512926 0.856333 -0.165868 -0.303017 0.938439 -0.57966 0.530019 0.618929 -0.824143 -0.146633 0.547072 -0.167967 -0.130138 0.977165 -0.372866 -0.274796 0.886261 0.00790251 -0.2884 0.957477 0.249081 -0.724033 0.643223 0.0598251 -0.996172 0.0637323 -0.32567 -0.895236 0.304125 -0.263365 -0.512376 0.81738 0.0157236 -0.709745 0.704283 -0.851726 0.0971984 0.514893 -0.136025 0.067541 0.9884 -0.160924 0.00206573 0.986965 -0.544834 -0.7977 0.258518 -0.444413 -0.877316 0.181146 -0.0659266 -0.562248 0.824337 -0.382116 -0.92295 0.0463708 -0.328039 -0.268899 0.905585 -0.485213 -0.243873 0.839699 -0.0980654 -0.183016 0.978207 -0.385168 -0.147149 0.911039 0.61705 -0.531311 0.580481 0.715343 -0.501485 0.486617 -0.176552 -0.535409 0.825934 -0.138057 -0.275555 0.95132 -0.51764 -0.433131 0.737866 0.430421 -0.46419 0.774123 -0.0201769 -0.210643 0.977355 -0.119866 0.225773 0.966778 0.246238 -0.438992 0.864091 0.648348 -0.262367 0.714708 0.265362 -0.903355 0.336946 -0.77296 -0.166795 0.612137 -0.17672 -0.308414 0.934693 0.0538804 -0.814757 0.577294 -0.0765456 -0.694038 0.715858 -0.336255 -0.600536 0.725458 -0.00505542 -0.110152 0.993902 -0.487133 -0.433505 0.758139 0.493118 -0.832156 -0.253675 0.315762 -0.389282 0.865306 -0.143845 -0.968145 0.204947 -0.082883 -0.591536 0.802007 0.0134648 -0.883012 0.469158 0.510977 -0.848385 0.138368 -0.211615 -0.976564 -0.039272 -0.271559 -0.466432 0.841841 -0.13803 -0.399926 0.906094 -0.228467 -0.049899 0.972272 0.398623 -0.446867 0.800881 -0.476567 -0.536345 0.696576 -0.438909 -0.481035 0.758924 -0.221691 -0.930065 -0.292971 0.406564 -0.693546 0.594727 0.384152 -0.517623 0.764522 0.633066 -0.740907 0.224242 0.320111 -0.767941 -0.554794 -0.235341 -0.871444 0.430348 -0.375136 -0.184703 0.908382 -0.745548 -0.406432 0.528178 -0.1029 -0.980804 0.165634 -0.164166 -0.833163 0.5281 0.111951 -0.910017 0.399169 -0.0564872 -0.961552 0.268751 -0.138934 -0.599699 0.788073 0.148339 -0.985346 0.0841919 -0.080298 -0.945404 0.315854 0.15531 -0.854313 0.496012 -0.214922 -0.715667 0.664552 -0.653294 -0.601736 0.459478 -0.173201 -0.971 0.164804 0.749012 -0.29964 0.590929 0.400289 -0.788209 0.467435 -0.830942 -0.348284 0.433858 0.0773368 -0.813031 -0.577062 -0.819402 -0.476829 0.318144 0.616882 -0.408373 -0.672821 0.593538 -0.581079 -0.556831 0.161806 -0.966296 -0.200229 0.0264741 -0.995004 0.0962658 -0.512751 -0.855643 -0.0704381 -0.88738 -0.45264 0.0876004 0.289942 -0.918485 0.268922 -0.70889 -0.696947 0.108349 0.305157 -0.951505 -0.0389568 -0.850241 0.00566332 0.526364 -0.263042 -0.702751 0.661022 -0.024739 -0.984341 0.174532 -0.42151 -0.906725 -0.0133741 -0.0226209 -0.863502 -0.503838 0.0689863 -0.791537 -0.607216 -0.305821 -0.943323 0.128901 0.197643 -0.780985 -0.592453 0.0693095 -0.939236 0.336201 -0.18682 -0.585329 0.788979 -0.535233 -0.796182 -0.28217 0.810788 -0.517773 -0.273008 -0.00694674 -0.957157 0.289487 -0.857812 -0.46823 0.211942 -0.101957 -0.935953 -0.337042 -0.73476 -0.597226 0.321636 -0.202191 -0.76235 0.614769 -0.912452 -0.147012 0.381864 0.326157 -0.844889 -0.42401 0.716664 -0.648685 -0.256125 -0.164092 -0.732096 0.661142 0.146645 -0.927082 -0.344984 0.164996 -0.978451 0.124137 -0.0843674 -0.991857 0.0954092 -0.0141803 -0.999833 -0.0115667 0.149137 -0.971763 0.182852 0.441267 -0.705552 -0.55451 -0.482678 -0.854457 -0.192159 -0.784027 -0.617585 0.0623799 -0.462589 -0.863035 0.202934 -0.725563 -0.425365 0.540946 -0.111561 -0.976285 0.18553 0.274776 -0.852837 -0.444034 0.402511 -0.728438 -0.554404 -0.168781 -0.718022 -0.675246 0.127961 -0.984239 0.122064 0.358586 -0.778219 -0.51555 0.66479 -0.644291 -0.378078 0.207193 -0.842303 -0.497591 -0.511611 -0.833322 0.209355 0.0630841 -0.99251 0.104614 0.461763 -0.669676 -0.581644 -0.0937052 -0.966991 0.236955 0.225881 -0.973705 0.0296085 0.0623779 -0.734287 -0.675967 -0.806098 -0.589466 -0.0523074 -0.191803 -0.923624 -0.331859 0.441619 -0.816693 -0.371463 0.116943 -0.909603 -0.398681 -0.530561 -0.430788 -0.730019 -0.347732 -0.936499 0.045309 0.0608631 -0.966755 0.248355 0.26951 -0.937213 0.221352 -0.496709 -0.816099 0.295404 -0.8947 -0.445446 0.0330185 -0.7507 -0.641313 -0.158645 -0.0979243 -0.975726 0.195884 -0.368119 -0.790711 -0.489146 -0.810365 -0.583713 -0.0508626 -0.853531 -0.491948 -0.171673 -0.338771 -0.923403 0.180449 0.168689 -0.975192 -0.143335 -0.18851 -0.975056 0.117173 -0.14029 -0.968153 0.207359 0.610877 -0.733091 -0.29901 0.064754 -0.751633 -0.656396 -0.951606 -0.0913671 -0.293425 -0.287745 -0.924578 -0.249716 0.791002 -0.611728 0.0102913 0.124619 -0.899131 -0.419563 0.547018 -0.837071 -0.00910527 0.227477 -0.890708 -0.393565 -0.664665 -0.665499 -0.339605 -0.594877 -0.650909 0.471635 -0.774698 -0.589103 0.229783 0.198383 -0.961729 -0.188999 0.0600842 -0.976715 0.205956 0.274065 -0.951795 -0.13775 0.0465871 -0.886467 -0.460441 0.78615 -0.614923 -0.0619423 0.168291 -0.88977 -0.424249 -0.401974 -0.883252 0.241417 0.432737 -0.898891 0.0688059 0.134623 -0.934935 -0.328289 -0.822305 -0.568922 -0.0119397 -0.722505 -0.533686 0.439506 -0.45719 -0.830072 0.319307 0.0324073 -0.989009 -0.144261 -0.747678 -0.366741 -0.553605 -0.520441 -0.633666 0.572371 0.112673 -0.9775 -0.178321 0.155364 -0.981627 0.110775 -0.149528 -0.845393 -0.512789 -0.810883 -0.575048 0.108576 0.0048046 -0.992832 0.119421 0.359255 -0.905368 -0.226374 -0.32198 -0.821604 -0.47042 -0.750578 -0.478055 0.456175 0.128933 -0.966127 -0.223553 0.381876 -0.856713 -0.346718 -0.34359 -0.839822 0.420291 -0.908326 -0.346888 0.233695 0.561794 -0.791828 0.239575 0.145651 -0.989015 -0.0252139 -0.0311828 -0.850638 -0.524826 0.255596 -0.89335 -0.369591 -0.50351 -0.720825 -0.476329 0.371882 -0.875499 -0.308553 0.0368394 -0.921039 -0.387723 0.351577 -0.911282 0.214378 -0.761731 -0.205561 -0.614419 -0.581148 -0.759486 -0.292316 -0.80351 -0.593588 0.0450014 0.109314 -0.83914 -0.532817 -0.231911 -0.961457 -0.147708 0.13655 -0.866631 -0.479901 -0.0229296 -0.882688 -0.469399 -0.304142 -0.951418 -0.047971 -0.396354 -0.76418 -0.508854 0.309655 -0.878872 -0.362903 -0.742223 -0.512497 0.431801 -0.684031 -0.60369 0.409463 0.200496 -0.901352 -0.383882 0.0684305 -0.867534 -0.492647 0.266746 -0.93881 -0.217906 0.0211229 -0.990778 -0.133839 0.299598 -0.943204 -0.143552 0.425699 -0.898518 -0.106985 0.654095 -0.517148 0.552013 0.0176554 -0.989573 -0.142946 -0.642175 -0.690435 0.333033 0.483331 -0.719916 0.498109 0.270456 -0.962524 -0.020054 -0.710511 -0.701101 -0.0602611 -0.270401 -0.945643 -0.180672 0.0451309 -0.948285 -0.314197 0.226388 -0.952135 -0.205398 0.102329 -0.931113 -0.350082 -0.194859 -0.979589 -0.0493472 -0.0396557 -0.920653 -0.388363 -0.623277 -0.558166 -0.547701 -0.0729798 -0.893306 -0.443485 -0.115874 -0.991708 0.0555791 -0.903995 0.037756 -0.425873 -0.136253 -0.837436 -0.529278 -0.90216 -0.0453722 -0.42901 0.167005 -0.855278 -0.490519 0.60986 -0.716891 0.337845 -0.424869 -0.851916 -0.306145 0.135044 -0.889973 0.435559 -0.895185 -0.445315 -0.0183878 -0.452193 -0.862541 0.227035 0.223318 -0.900535 0.37305 0.0955613 -0.906776 0.410641 0.0974464 -0.749138 0.655207 0.130698 -0.794815 0.59261 0.147065 -0.883016 0.445707 0.460417 -0.880847 0.110118 0.0732226 -0.991644 -0.106209 0.0553223 -0.979195 -0.195232 0.391582 -0.788813 0.473748 0.628941 -0.777423 0.00682949 0.296936 -0.831546 0.469426 -0.112305 -0.808096 0.578246 -0.0327221 -0.954134 0.297586 0.160216 -0.981459 -0.105209 0.106725 -0.946615 -0.304187 0.232854 -0.819982 0.522885 -0.826862 -0.559957 0.0524154 0.272538 -0.909621 0.313548 0.427711 -0.721215 0.544897 0.113881 -0.581433 0.805585 -0.841545 -0.508542 0.182174 0.00500867 -0.559215 0.829008 0.0675851 -0.892737 0.445481 0.755822 -0.502049 0.420333 0.180457 -0.721366 0.66863 -0.694773 -0.513811 0.503278 -0.940606 0.0367675 -0.337503 -0.359138 -0.757631 0.544991 -0.785824 -0.213983 -0.580252 -0.70976 -0.660973 -0.243629 0.081886 -0.58094 0.809817 0.0365197 -0.753625 0.656289 0.058364 -0.960875 0.270763 0.0769977 -0.876812 0.474628 0.58726 -0.73278 0.343743 0.392319 -0.881285 0.263483 0.358069 -0.932036 0.0556341 0.0758525 -0.728506 0.680827 -0.0400394 -0.941752 0.333917 -0.114596 -0.727011 0.676995 0.186507 -0.449508 0.873589 -0.146242 -0.669457 0.728314 0.720086 -0.69164 0.0557648 -0.606311 -0.77869 0.161331 0.0446207 -0.797439 0.601747 -0.609401 -0.533537 0.586488 0.00430161 -0.718735 0.695271 0.841747 -0.528356 -0.110913 0.0679177 -0.827456 0.557409 -0.957747 -0.180994 -0.223522 -0.0993602 -0.973041 0.208129 0.224592 -0.407756 0.885039 0.185548 -0.863059 0.469788 0.0271875 -0.785043 0.618844 0.155889 -0.863945 0.478851 -0.347729 -0.937546 0.00959433 0.00798911 -0.994642 -0.103075 -0.205046 -0.808125 0.552169 0.040307 -0.693668 0.719167 0.0767151 -0.848024 0.524376 -0.855005 -0.287865 -0.431394 -0.791376 -0.508732 -0.338993 -0.00691235 -0.813523 0.581492 0.0429329 -0.970308 0.238033 0.441569 -0.769137 0.462002 0.00732999 -0.984973 0.172554 0.723674 -0.68381 0.0932733 0.192608 -0.954213 0.228866 0.0386677 -0.993344 0.108501 -0.822395 -0.56886 -0.00799572 -0.942412 -0.201082 -0.267254 -0.313068 -0.947684 -0.0623244 0.0414048 -0.992283 -0.116879 0.0634725 -0.977384 0.201723 -0.0187117 -0.973762 0.2268 0.375759 -0.893189 -0.24702 -0.0481017 -0.881796 -0.469172 -0.140709 -0.928603 -0.343362 0.0689621 -0.98498 -0.1583 0.224211 -0.931282 0.287131 -0.169692 -0.894609 -0.413375 0.00410974 -0.823776 -0.5669 0.845524 -0.501889 -0.1822 -0.585752 -0.672691 -0.452085 0.396589 -0.722691 -0.566069 -0.366462 -0.435067 -0.822449 0.619054 -0.689298 -0.376351 0.00366591 -0.98783 0.155495 -0.155368 -0.807736 -0.568703 0.00387102 -0.856797 -0.51564 -0.978257 -0.0669974 -0.196275 -0.897078 -0.373604 -0.235947 0.0397244 -0.983252 -0.177868 0.396774 -0.893977 -0.208269 0.0254962 -0.725829 -0.687402 -0.13017 -0.631379 -0.764471 -0.0125931 -0.74192 -0.67037 -0.0281706 -0.806182 -0.590997 0.827074 -0.347578 -0.441744 -0.0935806 -0.843413 -0.529053 -0.140838 -0.856637 -0.496324 -0.373464 -0.432621 -0.820587 0.00750498 -0.782901 -0.622101 -0.0366015 -0.996363 -0.0769559 0.24034 -0.388681 -0.889474 0.0680161 -0.481058 -0.874046 -0.0110696 -0.586864 -0.80961 0.642268 -0.480685 -0.597021 0.125015 -0.758487 -0.639585 -0.0865494 -0.60533 -0.791255 -0.0909459 -0.971079 -0.22076 -0.077602 -0.466516 -0.881102 -0.0602017 -0.855535 -0.514233 -0.539206 -0.800094 -0.262882 0.105562 -0.985696 -0.131376 0.0744439 -0.466561 -0.881351 -0.0468657 -0.288038 -0.956472 -0.0215674 -0.94439 -0.328118 -0.0224861 -0.31067 -0.950252 0.0404582 -0.300466 -0.952934 0.0672687 -0.271263 -0.960152 -0.968514 -0.102014 -0.227097 -0.00451065 -0.59365 -0.804711 0.141824 -0.545916 -0.825749 -0.0744548 -0.319709 -0.944586 0.0307851 -0.469845 -0.882212 -0.00647073 -0.557047 -0.830456 -0.0323772 -0.411814 -0.910693 -0.00768919 -0.467216 -0.88411 0.0738072 -0.540426 -0.838148 -0.0101522 -0.619026 -0.785305 0.109648 -0.54911 -0.828526 0.136712 -0.750292 -0.646817 -0.528551 -0.309333 -0.790536 -0.947335 -0.10374 -0.302977 0.0677523 -0.604602 -0.793641 0.060052 -0.925322 -0.374398 -0.102573 -0.586959 -0.803093 -0.0869198 -0.787158 -0.610596 -0.0424462 -0.600131 -0.798775 0.0434469 -0.527823 -0.848242 -0.0451875 -0.547942 -0.835295 -0.687558 -0.456082 -0.565025 0.289606 -0.350378 -0.89071 -0.748319 0.179992 -0.638453 -0.0427332 -0.504287 -0.862478 -0.057246 -0.757137 -0.650742 -0.079491 -0.683543 -0.725569 -0.0616087 -0.429682 -0.900876 -0.0426793 0.0261336 -0.998747 0.0733484 0.00640748 -0.997286 -0.0533768 0.0902552 -0.994487 -0.362778 -0.18952 -0.9124 0.323584 -0.136666 -0.936278 -0.0720452 -0.0299973 -0.99695 0.106669 0.158896 -0.981516 -0.134564 0.137994 -0.981249 -0.00344918 -0.0353082 -0.999371 -0.577067 0.352695 -0.736614 0.024779 -0.567087 -0.823285 0.002539 -0.0271018 -0.999629 0.0265157 -0.134892 -0.990506 -0.0554772 -0.136135 -0.989136 0.0368363 -0.151373 -0.98779 -0.236444 0.00311452 -0.97164 -0.0892506 0.114363 -0.989422 -0.1017 0.0447817 -0.993807 -0.0243626 0.0648559 -0.997597 -0.0726445 0.220383 -0.972705 0.0222588 -0.0182126 -0.999586 0.110207 0.0417949 -0.99303 0.143231 0.121344 -0.982222 0.0646866 -0.129917 -0.989413 0.018644 -0.138247 -0.990222 -0.0658262 -0.125896 -0.989857 -0.103035 -0.104024 -0.989223 -0.013297 -0.0895791 -0.995891 -0.0182963 0.116476 -0.993025 0.186356 0.121494 -0.974941 -0.304753 -0.146335 -0.941122 -0.0276753 0.22886 -0.973066 0.0348824 -0.108897 -0.993441 0.00843274 0.209205 -0.977836 -0.0461428 0.0429235 -0.998012 -0.099219 -0.129615 -0.986588 0.0471972 -0.004252 -0.998877 -0.0641194 -0.0158796 -0.997816 -0.0178764 0.2148 -0.976495 0.00513534 -0.0579706 -0.998305 0.0206859 -0.172765 -0.984746 0.0213396 0.142598 -0.989551 0.441494 0.123212 -0.888764 0.0357162 -0.00110143 -0.999361 -0.168309 0.0600221 -0.983905 0.0184309 -0.0272408 -0.999459 -0.121445 0.0868145 -0.988794 -0.0380761 0.102357 -0.994019 0.0521334 0.0678406 -0.996333 0.0972257 0.229074 0.968541 0.074861 -0.157871 0.984618 0.091199 -0.125436 0.987901 -0.0475665 0.0114297 0.998803 0.190701 0.18628 0.963812 0.14299 -0.0887766 0.985735 0.0994362 -0.123268 0.987379 0.121698 0.332311 0.935286 0.0340132 0.058001 0.997737 0.179128 -0.0159157 0.983697 0.163354 0.0939472 0.982084 0.0657398 0.134464 0.988735 0.0532419 -0.263405 0.963215 0.154869 -0.185969 0.970274 0.180003 0.334223 0.925146 0.0851529 0.0499276 0.995116 0.156641 -0.00927309 0.987612 0.0845639 0.107724 0.990578 0.0599791 0.0391982 0.99743 0.22395 0.0768408 0.971567 0.153764 -0.0619893 0.986161 0.0693673 -0.0514414 0.996264 0.202493 -0.0147497 0.979173 0.306727 -0.0131204 0.951707 0.13164 0.0709525 0.988755 0.119713 -0.0330678 0.992258 0.28747 0.150394 0.945908 0.131563 -0.329437 0.934967 0.175837 -0.0951912 0.979806 0.110175 0.0332661 0.993355 0.215768 -0.163236 0.962704 0.173808 0.0222962 0.984527 0.151279 0.147887 0.977366 0.00220799 0.292359 0.956306 0.193082 0.204697 0.959593 0.129716 -0.15424 0.979481 0.158834 0.0605284 0.985448 0.129119 0.0225112 0.991374 0.0796357 0.318108 0.944704 0.00686561 0.218342 0.975848 0.299649 0.199844 0.932884 0.0290866 0.0240343 0.999288 0.171987 0.0404532 0.984268 0.226822 -0.11626 0.966972 0.126372 -0.264766 0.955996 0.161522 0.104857 0.981283 0.191647 0.141658 0.971187 0.0329644 0.145451 0.988816 0.0919962 0.0852695 0.992102 0.0488552 0.25995 0.964385 0.0875993 0.203326 0.975185 0.220122 0.150234 0.963834 0.10221 -0.135876 0.985439 -0.00915112 0.0311421 0.999473 0.167697 0.0803254 0.982561 0.253973 -0.0885385 0.96315 0.199168 -0.18744 0.961872 0.199879 -0.0403268 0.97899 0.13217 -0.000277432 0.991227 0.0292796 0.0323605 0.999047 0.229512 0.139454 0.963264 0.146989 -0.0125261 0.989059 0.26224 -0.0831683 0.961412 0.145616 0.0775118 0.9863 0.182226 0.035886 0.982602 0.264206 0.186215 0.946319 -0.0726928 -0.320563 0.944434 0.133764 -0.241414 0.961159 0.0995736 0.109923 0.98894 0.170847 0.350559 0.920826 0.216127 -0.0470792 0.97523 0.216839 -0.0280422 0.975805 0.162542 -0.0747119 0.983869 0.248793 0.29899 0.921253 -0.0123227 0.0443489 0.99894 0.165538 0.0744886 0.983386 -0.00964463 0.272425 0.962129 0.0955504 -0.150541 0.983975 0.200548 0.307399 0.930208 0.28098 -0.18863 0.940994 0.0423585 0.0329269 0.99856 0.223578 0.147862 0.963405 -0.200378 0.102223 0.974371 0.119915 0.156097 0.980436 0.158563 0.0745307 0.984532 0.217194 0.0852662 0.972397 0.415242 -0.0439573 0.908649 0.565981 -0.290109 0.771688 0.150993 -0.137188 0.978969 0.233216 -0.130098 0.963683 0.168445 0.270992 0.947729 0.121589 0.209063 0.970314 0.131276 0.01586 0.991219 0.154332 -0.158363 0.975245 0.223877 -0.258381 0.939744 0.149013 0.0890833 0.984814 0.13854 0.188977 0.97216 0.27149 0.176176 0.946179 0.280585 -0.00642184 0.959808 0.319994 -0.0256071 0.947073 0.0210942 -0.149014 0.98861 0.166031 0.0334874 0.985552 0.268253 0.0106141 0.96329 0.113193 0.0745185 0.990775 0.272334 0.270421 0.923421 0.211884 0.10392 0.971754 0.14573 0.323353 0.93499 0.241139 -0.0298164 0.970032 0.0764915 -0.149339 0.985823 0.0100473 0.298786 0.954267 0.145191 0.159292 0.976497 0.188 0.379601 0.905847 0.162461 0.109472 0.980624 0.160061 0.0181541 0.98694 0.0324218 0.0337019 0.998906 0.894422 -0.0119375 0.447066 0.274154 -0.128723 0.953032 0.180548 0.0685811 0.981172 0.620403 -0.611544 0.491033 0.876274 -0.217497 0.429929 0.260288 -0.040564 0.964679 0.170382 -0.190347 0.966819 0.192204 0.0517597 0.979989 0.115507 -0.184392 0.976042 0.0907749 0.255746 0.962473 0.106256 0.0507132 0.993045 0.187287 0.383492 0.904355 0.145153 -0.143372 0.978966 0.145098 0.115781 0.98262 0.0955113 -0.108076 0.989544 0.33627 0.0722417 0.938991 0.153837 0.304842 0.939897 0.208493 0.200945 0.957158 0.210013 -0.0447963 0.976672 0.125692 0.0415449 0.991199 0.253617 0.0759048 0.964322 -0.00403859 -0.00740366 0.999964 0.190617 0.197631 0.961565 0.52886 -0.799513 0.284758 0.612177 -0.512468 0.602177 0.238601 0.350999 0.905466 0.028972 0.00314978 0.999575 0.808264 -0.357275 0.468042 0.280611 -0.218677 0.934579 0.194184 -0.0255961 0.980631 0.177473 0.202754 0.963013 0.189771 0.0520901 0.980446 0.172744 0.563157 0.808093 0.223526 0.148563 0.96331 0.075665 0.00236 0.997131 0.158682 -0.0401719 0.986512 0.243803 0.0183695 0.969651 0.202298 -0.182632 0.962144 0.214017 0.311538 0.925819 0.116754 0.0121627 0.993086 0.182364 0.347726 0.91969 0.264378 0.0755405 0.961456 0.160454 -0.0439115 0.986066 0.203387 0.279535 0.938346 0.854414 -0.453814 0.253042 0.146723 -0.0173497 0.989025 0.221904 -0.108326 0.969033 0.362244 0.0322575 0.931525 0.157756 0.107276 0.981634 0.17333 0.276556 0.945237 0.186344 -0.0713859 0.979888 0.152468 -0.0474593 0.987168 0.232376 0.161914 0.959054 0.212903 0.0841167 0.973446 0.0382811 -0.236992 0.970757 0.130696 0.0855175 0.987727 0.641544 -0.276645 0.715464 0.256751 0.099022 0.961391 0.301689 -0.139984 0.943074 0.106559 -0.280277 0.953986 0.116186 -0.0740464 0.990463 0.159281 0.152846 0.97533 0.270051 0.17426 0.946946 0.159268 0.0382431 0.986494 0.258775 0.213725 0.941996 0.287814 -0.136759 0.947871 0.32546 -0.145788 0.934249 0.609645 -0.790391 -0.0601217 0.235521 -0.0659216 0.969631 0.325663 0.269425 0.906286 0.166685 0.297566 0.940038 0.228538 -0.0316558 0.97302 0.0490167 0.212387 0.975955 0.354621 0.155053 0.922064 0.230019 0.0776923 0.97008 0.137636 -0.0156422 0.990359 0.203088 -0.0953578 0.974506 0.225454 0.00267981 0.97425 0.809952 -0.226633 0.540939 0.739839 -0.520414 0.426389 0.282821 0.261563 0.92282 0.211508 0.128278 0.968922 0.154554 -0.195859 0.968376 0.10195 0.538091 0.836699 0.382597 0.119543 0.916149 0.91502 -0.337468 0.22103 0.113059 0.0788762 0.990453 0.134324 -0.0436338 0.989976 0.322741 0.323228 0.889585 0.107493 -0.157309 0.981682 -0.0417103 0.234053 0.971329 0.160691 0.493269 0.854906 0.260607 -0.14651 0.954263 0.20105 0.284751 0.937281 0.195923 -0.185702 0.962875 0.112053 0.22769 0.967265 -0.146535 0.213237 0.965949 0.196408 0.512111 0.836162 0.667411 -0.15069 0.729284 0.191145 0.410049 0.891809 0.130561 -0.0322392 0.990916 0.219547 -0.217386 0.951074 0.113871 0.0980421 0.988646 0.13937 0.168221 0.975847 0.00980886 0.157125 0.98753 0.331166 0.154629 0.930816 0.18939 0.361121 0.913084 0.28635 0.0851091 0.954338 0.129817 0.000644814 0.991538 0.345314 0.248861 0.90489 0.342418 0.200245 0.917961 0.724747 -0.467173 0.50645 0.447699 0.463318 0.764789 0.23548 0.459608 0.856335 0.916724 -0.304894 0.258178 0.72698 -0.212708 0.652883 0.193797 0.517551 0.833417 0.660148 -0.198971 0.724304 0.259131 0.298404 0.918589 0.448921 0.330151 0.830343 0.213879 -0.296606 0.930742 0.199229 -0.0835779 0.976382 0.203161 -0.199556 0.958594 0.222495 -0.095377 0.970257 0.257943 -0.56158 0.786189 0.263984 -0.0971502 0.959622 0.133524 0.322157 0.937223 0.0777752 0.304368 0.949374 0.231241 0.66625 0.70897 0.517734 0.148278 0.842594 0.513714 0.394094 0.762095 0.161352 0.119378 0.97965 0.310601 0.19017 0.931323 0.453178 0.035276 0.890722 0.207248 -0.0139698 0.978189 0.11125 -0.053179 0.992369 0.25946 0.298666 0.918411 0.614024 0.170298 0.770696 0.772977 -0.590778 0.231274 0.213711 -0.0284633 0.976482 0.390657 0.291682 0.873103 0.516396 0.288057 0.806448 0.485425 0.220613 0.845986 0.544806 -0.826216 0.143367 0.924844 -0.332863 0.184025 0.594855 -0.628497 0.501138 0.482764 0.26324 0.83525 0.595048 -0.165171 0.786534 0.409315 -0.716417 0.564985 0.528715 0.307027 0.791325 0.343969 0.443219 0.827794 0.679609 0.369717 0.633593 0.614435 0.131431 0.777943 0.440603 0.793792 0.419241 0.368997 0.750257 0.548595 0.545787 0.256093 0.79783 0.546503 0.147969 0.824282 0.517076 0.832908 0.197225 0.750953 0.371924 0.545657 0.445428 0.86276 0.239248 0.763217 0.624832 0.164576 0.714056 0.491138 0.498906 0.574127 0.230163 0.78575 0.660472 -0.376542 0.64961 0.839208 0.00844164 0.543745 0.676639 -0.679972 0.282485 0.374101 0.86165 0.342939 0.550009 -0.177586 0.81606 0.633529 0.0751189 0.770064 0.647845 -0.214286 0.731012 0.714223 0.260879 0.649483 0.586125 0.771013 0.248991 0.817588 0.330473 0.471527 0.695195 0.473466 0.540864 0.748926 0.315124 0.582929 0.309353 -0.944135 -0.113625 0.800519 -0.437512 0.409576 0.731865 -0.32696 0.597888 0.775202 -0.226305 0.589786 0.680445 0.482222 0.551776 0.556964 0.767971 0.316247 0.519465 -0.824509 0.224368 0.700291 0.696227 0.157675 0.915991 -0.39401 -0.0756095 0.77567 -0.269392 0.570758 0.392424 0.774806 0.49566 0.722905 0.424997 0.544781 0.854707 -0.398901 -0.332196 0.759442 -0.354914 0.545238 0.823713 -0.285778 0.489722 0.741616 0.637914 0.207537 0.883299 0.438541 0.165726 0.934773 0.096564 0.341871 0.362169 -0.932024 0.0128557 0.517621 0.714365 0.470905 0.828306 0.424182 0.36603 0.838564 0.478272 0.260896 0.874258 -0.45147 0.178459 0.787622 -0.374924 0.488962 0.587456 0.676536 0.444066 0.546948 0.779464 0.305423 0.294591 0.523268 0.799629 0.630549 0.458176 0.626485 0.831968 0.268314 0.485631 0.864162 -0.49466 -0.0923926 0.230352 -0.678133 0.697907 0.952329 0.23343 0.196418 0.995116 -0.078564 0.0597676 0.413276 0.746082 0.522078 0.808731 0.501872 0.306721 0.928595 0.294383 0.225944 0.338573 -0.602866 0.722441 0.879568 0.254166 0.402193 0.683091 -0.110049 0.721994 0.598277 -0.785298 0.159286 0.657885 -0.0308803 0.752485 0.595358 -0.01479 0.803325 0.326552 0.677574 0.658982 0.873587 0.168585 0.456535 0.897335 -0.23454 0.373872 0.617208 0.704064 0.351208 0.60465 0.486317 0.630788 0.946346 0.275361 0.169131 0.450966 0.51215 0.73098 0.410922 0.438985 0.799021 -0.0138963 -0.779126 0.626713 0.398081 -0.520225 0.755578 0.84044 0.336297 0.424928 0.99731 0.051307 -0.0523519 0.962222 -0.270586 -0.0302214 0.371041 0.785102 0.495927 0.70259 -0.0722383 0.707919 0.572972 0.0343456 0.818855 0.917842 0.3083 0.250034 0.720615 -0.400858 0.565709 0.675009 -0.153439 0.721679 0.575335 0.730572 0.36777 0.903871 0.160561 -0.396531 0.487337 -0.668457 0.561843 0.669999 -0.439543 0.598251 0.272531 0.212939 0.938288 0.931967 0.222003 0.286622 0.951334 0.14659 0.271061 0.936978 0.342143 0.0707805 0.916866 0.394628 0.0602203 0.931271 0.363956 -0.016438 0.809557 0.395571 -0.433753 0.891707 -0.298295 -0.34041 0.453014 0.5583 0.69504 0.483786 0.495073 0.721702 0.448254 0.586399 0.674689 0.705505 0.650427 -0.281438 0.699935 0.519875 -0.489715 0.927671 0.110172 -0.356774 0.32733 -0.409349 0.851639 0.480145 -0.127091 0.867934 0.547083 -0.164839 0.820688 0.570257 0.121231 0.812472 0.726293 0.339249 0.597837 0.872934 -0.171647 -0.456644 0.624857 0.551198 0.552932 0.869424 -0.479018 0.121014 0.514773 0.684714 0.515921 0.153567 0.306364 0.939446 0.354458 0.0989032 0.929827 0.577467 0.512483 0.635526 0.387203 0.672422 0.630811 0.190491 0.603949 0.773924 0.780957 0.624584 0.000509911 0.316558 -0.0546181 0.946999 0.523313 -0.0603979 -0.849998 0.552868 -0.0143364 0.833145 0.297565 -0.130505 0.94574 0.974902 0.215766 -0.0548691 0.798889 -0.0583349 -0.598643 0.876252 0.325716 -0.355093 0.606091 0.652898 0.454289 0.49952 0.633095 0.59133 0.540872 0.65883 0.522877 0.356674 0.0500277 -0.932889 0.797589 -0.178318 -0.576242 0.993361 0.035883 0.109295 0.889114 0.323273 -0.323992 0.930203 0.123075 -0.345796 0.689259 0.215065 -0.69186 0.358302 -0.0508624 0.932219 0.955631 0.220289 0.195555 0.595205 -0.0835007 0.799223 0.680802 0.63426 0.366364 0.824703 -0.258497 0.503035 0.870881 -0.486405 0.0705447 0.825492 0.0627221 0.560917 0.848057 0.24854 0.468004 0.78139 0.549511 0.29575 0.679995 -0.514728 0.52217 0.986082 0.122275 0.112652 0.967098 0.20936 0.144532 0.771182 0.572177 0.27909 0.479733 0.840204 0.252812 0.927781 -0.0111427 0.372958 0.3596 0.917839 0.168106 0.747072 0.0237554 0.664319 0.837889 0.429037 0.337445 0.913952 -0.236064 0.3301 0.84322 0.333239 0.42182 0.990586 0.0249749 0.134595 0.778359 -0.105076 0.618963 0.5923 0.723092 0.355413 0.944016 0.267068 0.193674 0.562314 0.58579 0.583655 0.824099 0.263812 0.501263 0.826441 -0.0207254 0.562642 0.99118 0.124534 0.0453174 0.576584 0.253912 0.776582 0.837466 0.437901 0.326944 0.979388 0.100451 0.17524 0.926511 0.121797 0.35601 0.838191 0.535816 0.101672 0.939176 -0.236188 0.249328 0.960007 -0.189112 0.206455 0.949174 -0.213785 0.231009 0.874998 -0.201087 0.440388 0.833038 0.297671 0.466305 0.825079 0.539654 0.167387 0.568741 0.819925 0.0652368 0.293224 0.955139 -0.0415716 0.183179 0.968717 -0.167429 0.862802 0.158336 0.480107 0.78325 0.219661 0.581608 0.712345 0.161005 0.683112 0.680784 0.70779 0.188592 0.775438 0.491508 0.396379 0.789523 0.0953082 0.606275 0.893219 0.276858 0.354274 0.933137 0.310999 0.180378 0.889463 0.230104 0.394852 0.848859 0.334917 0.408984 0.770929 0.57073 0.282728 0.865649 0.168397 0.47148 0.955432 -0.204699 0.212717 0.973142 -0.0198268 0.229352 0.977107 0.0962252 0.189744 0.872431 0.290291 0.393186 0.87451 0.386437 0.293084 0.311266 0.925866 -0.21421 0.838712 0.524312 0.147172 0.648204 0.755893 -0.0919698 0.832357 0.244626 0.497333 0.891578 0.178339 0.416274 0.930354 -0.126005 0.344332 0.963437 -0.0497249 0.263281 0.530063 0.832138 -0.163034 0.838963 -0.403264 0.365402 0.504877 0.854953 -0.118975 0.984271 0.131911 0.117519 0.980522 0.0604121 0.186888 0.784982 0.565573 0.252843 0.944605 -0.20389 0.257198 0.274158 0.934227 -0.228161 0.882777 0.462767 -0.0809376 0.90513 0.416852 -0.0835086 0.781882 0.319261 0.535475 0.829849 0.32486 0.45367 0.783177 0.485432 0.388575 0.805671 0.540482 0.242434 0.909959 0.340259 0.237062 0.783186 0.517961 -0.344 0.769266 0.323246 0.551128 0.952067 0.19775 -0.233374 0.785706 0.37894 -0.488949 0.999373 0.0154116 0.0318784 0.845513 0.528942 -0.0729998 0.4977 0.859778 -0.114354 0.831712 0.546095 -0.100176 0.130754 0.98919 -0.0663869 0.953816 0.143255 0.264033 0.957123 -0.245127 0.154364 0.525789 0.85023 -0.0255818 0.217714 0.948579 -0.229778 0.894423 0.412974 0.171639 0.907839 0.384288 0.167781 0.992544 -0.0890152 0.083258 0.975077 -0.0373687 0.218698 0.489126 0.867073 0.0945523 0.477487 0.76808 -0.426685 0.621765 0.637596 -0.45484 0.946273 -0.286725 0.149518 0.922915 -0.319583 0.214696 0.460993 0.855606 -0.235424 0.978567 0.0303379 0.20368 0.975124 0.178381 -0.131579 0.99975 -0.0126673 0.0184396 0.965083 0.239216 0.106723 0.854019 0.326825 -0.404767 0.912732 0.366183 -0.181192 0.910659 0.328122 -0.25107 0.00264387 0.949303 -0.314352 0.846767 0.392727 -0.358819 0.991183 0.0323389 -0.128489 0.626808 0.672114 -0.394176 0.708538 0.559023 -0.430659 0.650326 0.735757 -0.189045 0.963059 0.25273 -0.0929738 0.878101 0.439371 -0.189452 0.972869 -0.19127 0.130158 0.972785 -0.120324 0.198017 0.985053 -0.161555 0.0597613 0.966222 -0.20958 0.149971 0.534943 0.45836 -0.709748 0.49183 0.595914 -0.634815 0.469595 0.798864 -0.375895 0.967198 -0.214222 0.136515 0.811797 0.486042 -0.323649 0.480677 0.568343 -0.667785 0.486474 0.799626 -0.352053 0.76564 0.336494 -0.54824 0.875328 0.41551 -0.24729 0.837779 0.416101 -0.353535 0.9909 0.130246 -0.0339615 0.275379 0.693021 -0.666249 0.823908 0.231072 -0.517475 0.931256 -0.344568 0.118471 0.500407 0.571242 -0.650596 0.929546 0.3667 0.0384199 0.948173 0.181596 -0.26075 0.897453 0.319375 -0.304267 0.997039 -0.00304741 0.0768334 0.593445 0.442453 -0.672353 0.591446 0.496146 -0.635634 0.670188 0.384523 -0.634815 0.44557 0.359851 -0.819741 0.983876 -0.152286 -0.0937897 0.215415 0.226241 -0.949953 0.511493 0.64183 -0.57134 0.0974464 0.536536 -0.838232 0.965469 0.0311738 -0.258644 0.726439 0.327175 -0.604354 0.23371 0.173486 -0.956704 0.20786 0.521925 -0.827278 0.837538 0.161156 -0.522072 0.578478 0.328957 -0.746425 0.838455 0.408258 -0.360996 0.968025 0.0781521 -0.238369 0.47849 0.355898 -0.802736 0.388805 0.115878 -0.914004 0.726076 -0.0283981 -0.687028 0.307801 0.589804 -0.746585 -0.00705414 0.504491 -0.863388 0.0989251 0.378904 -0.920133 0.272981 0.183704 -0.944317 0.923892 0.211756 -0.31872 -0.124628 0.311089 -0.942174 0.567158 0.372861 -0.734375 0.714938 0.0349241 -0.698315 0.455591 0.83142 -0.318084 0.482613 0.355157 -0.800593 0.985466 -0.095576 -0.140438 -0.196616 -0.0782828 -0.97735 -0.320882 -0.0170468 -0.946966 -0.181384 -0.133253 -0.974343 -0.0309294 0.542898 -0.839229 -0.0680096 0.201741 -0.977075 0.661263 0.144878 -0.736031 0.570436 0.283917 -0.77071 0.563277 0.00307794 -0.826263 0.12662 0.822016 -0.555209 0.0702575 0.446187 -0.892177 -0.0392596 0.344225 -0.938066 -0.061751 0.679381 -0.731183 -0.114394 -0.124628 -0.985587 -0.0211912 0.79671 -0.60399 0.797888 0.0948778 -0.595293 0.721432 0.205645 -0.661246 0.51359 0.10343 -0.851779 -0.233356 0.849652 -0.472903 0.168285 0.624236 -0.762895 0.611345 0.423407 -0.668569 0.883869 -0.0448799 -0.465576 0.0365656 0.822244 -0.56796 0.195708 -0.100238 -0.975526 0.25185 -0.240589 -0.937384 0.965551 -0.0433287 -0.25658 0.206943 0.657729 -0.72427 0.568462 0.295121 -0.767955 0.135477 0.872343 -0.469748 -0.0316118 0.757427 -0.652154 0.587103 0.332745 -0.737964 0.353833 0.430032 -0.830587 -0.0963763 -0.107021 -0.989575 0.207197 0.0861485 -0.974499 0.284492 0.689181 -0.666404 0.3347 0.819577 -0.465048 -0.0581565 0.640949 -0.765377 0.226851 0.910996 -0.34442 -0.127945 0.894405 -0.428568 0.567822 0.24076 -0.787155 -0.142222 0.856537 -0.496102 0.14328 0.00886579 -0.989643 -0.150447 0.123028 -0.980933 0.748581 0.14161 -0.647744 0.114949 0.517905 -0.84768 0.710769 0.134818 -0.690385 0.184601 0.774573 -0.604945 0.649643 0.31124 -0.693609 0.547123 0.454565 -0.702871 0.107422 0.248917 -0.962549 -0.088285 0.616829 -0.78213 0.382635 0.691491 -0.612723 0.0904363 0.738547 -0.668109 -0.162245 0.606202 -0.778585 0.574045 0.626747 -0.526935 -0.317828 0.269964 -0.908903 0.747409 0.0166473 -0.664155 0.691736 0.241039 -0.680736 0.346717 0.592822 -0.726876 0.555909 0.087314 -0.826645 0.128632 0.155875 -0.979366 -0.117454 0.135421 -0.983802 0.491208 0.106974 -0.864449 0.457019 -0.0085813 -0.889415 0.592765 -0.00752076 -0.80534 0.388684 0.270468 -0.880779 0.23416 0.673446 -0.70117 -0.1603 0.341358 -0.926163 -0.0590101 0.220128 -0.973685 0.161431 0.205904 -0.965165 0.300778 0.177968 -0.936942 0.217152 0.218088 -0.951463 0.362317 0.0657469 -0.929733 0.252422 0.33814 -0.906612 0.435493 0.381549 -0.815332 0.223616 0.170886 -0.95958 0.158675 0.234847 -0.958994 0.529278 0.519525 -0.670789 0.358707 0.189811 -0.913948 0.435203 0.00766799 -0.9003 0.157932 -0.0102139 -0.987397 0.488397 -0.126112 -0.863461 0.18941 0.00467695 -0.981887 0.222398 0.193498 -0.955561 0.110153 0.169348 -0.979381 0.134526 -0.17142 -0.97597 0.114983 0.0395634 -0.992579 0.0979106 -0.132384 -0.986351 0.0838134 0.180737 -0.979954 0.177792 0.221668 -0.958777 0.397171 -0.0695688 -0.915104 0.201665 0.198973 -0.959031 0.0717043 0.204301 -0.976278 0.21126 0.109338 -0.971295 -0.113113 0.0705056 -0.991077 0.0291142 0.0691078 -0.997184 0.0831046 0.0436844 -0.995583 -0.116078 -0.0160045 -0.993111 0.179958 0.113984 -0.977048 0.0483403 0.129337 -0.990422 0.268314 -0.165306 -0.949042 0.161666 0.143384 -0.976373 -0.0777258 -0.0352114 -0.996353 0.0380447 -0.0129035 -0.999193 -0.193242 0.0306046 -0.980674 -0.143249 0.0890656 -0.985671 0.135799 -0.0411632 -0.989881 0.142907 0.35952 -0.922129 0.142106 -0.0264354 -0.989498 -0.025577 0.107209 -0.993907 0.0743417 0.245146 -0.966632 0.0793336 0.128426 -0.988541 0.14618 -0.0258476 -0.98892 -0.000606119 0.179037 -0.983842 -0.0712169 0.256677 -0.96387 0.320075 0.111034 -0.940863 -0.139932 0.0123079 -0.990085 0.200771 -0.00906191 -0.979596 -0.105505 0.111428 -0.988156 0.122144 0.130158 -0.983941 -0.13962 -0.0583426 -0.988485 -0.314529 0.0758598 -0.946212 -0.0405401 -0.0714737 -0.996618 0.220614 0.130821 -0.966548 0.0717803 -0.0984213 -0.992553 0.0751123 0.0488446 -0.995978 -0.379502 0.117845 -0.917655 0.301495 -0.136065 -0.943709 0.249189 -0.0830779 -0.964885 -0.190854 -0.0446289 -0.980603 -0.0753333 -0.00491928 -0.997146 -0.209106 0.00498802 -0.97788 -0.226098 0.0374613 -0.973384 -0.0419865 -0.128883 -0.990771 0.0668757 -0.0160254 -0.997633 0.324909 0.0398709 -0.944904 0.263048 -0.0820297 -0.961289 0.394105 -0.0845594 -0.915167 -0.0597854 0.0965853 -0.993528 0.39857 -0.207751 -0.893298 0.128852 0.0435785 -0.990706 0.0984368 0.0503091 -0.993871 -0.238311 0.0919224 -0.966829 -0.00376971 -0.0138103 -0.999898 0.327938 0.251939 -0.910485 -0.0138245 0.0198288 -0.999708 -0.028774 0.0511834 -0.998275 -0.0417071 -0.0801522 -0.99591 0.00819929 -0.0258931 -0.999631 -0.0525192 -0.0577037 -0.996951 -0.0470558 0.0869783 -0.995098 0.0525874 -0.103818 -0.993205 -0.0248647 0.0210635 -0.999469 0.00765387 0.0317213 -0.999467 -0.00974565 0.0120025 -0.99988 -0.0727168 0.016242 -0.99722 -0.0704082 0.064298 -0.995444 -0.0104151 0.0354327 -0.999318 -0.064669 0.150098 -0.986554 -0.0782202 -0.0305521 -0.996468 -0.145331 0.0682604 -0.987025 -0.0829396 0.0220514 -0.996311 0.0278126 0.0368329 -0.998934 0.0859074 0.101317 -0.991138 -0.222707 0.00210202 -0.974883 -0.0597479 0.0729557 -0.995544 -0.169301 0.174974 -0.969908 -0.0722955 0.102151 -0.992138 0.226954 0.0161919 -0.973771 -0.303274 0.130452 -0.943932 0.180906 -0.0263323 -0.983148 -0.0545462 0.0166693 -0.998372 -0.032344 0.00948612 -0.999432 -0.00833972 -0.0446428 -0.998968 -0.0944092 -0.022502 -0.995279 -0.0389025 -0.0402101 -0.998434 0.11599 0.014793 -0.99314 -0.0400388 -0.114351 -0.992633 -0.0628458 0.0253782 -0.997701 -0.135344 -0.0262499 -0.990451 -0.386357 0.0627686 -0.920211 0.0762163 0.0390913 -0.996325 0.00827683 0.0427019 -0.999054 -0.13199 0.000136249 -0.991251 -0.0111841 0.0763422 -0.997019 0.154317 -0.0214519 -0.987788 0.0333522 0.106793 0.993722 -0.257583 0.113467 0.959571 -0.00970364 0.0278421 0.999565 0.219945 0.0352525 0.974875 0.1173 0.0883675 0.989157 0.218547 -0.0914921 0.971528 -0.0611941 0.219713 0.973643 -0.252176 0.0237217 0.967391 -0.0168257 0.414496 0.909896 -0.0245035 0.0756586 0.996833 0.0740886 -0.0938917 0.992822 -0.0986637 0.100472 0.990036 0.149583 0.28534 0.946682 -0.0331729 -0.14682 0.988607 -0.000674457 -0.0792422 0.996855 0.0362001 0.251169 0.967266 -0.153345 -0.0599134 0.986355 -0.124445 0.28353 0.950855 -0.0353382 0.203169 0.978506 -0.0843111 0.0471105 0.995325 0.185502 0.27407 0.94365 -0.116733 0.216549 0.969268 -0.0242992 -0.0980919 0.994881 0.056187 -0.109811 0.992363 0.0127673 0.283558 0.95887 0.144341 -0.0921279 0.98523 0.156513 0.262467 0.952163 -0.175234 0.351227 0.919746 -0.0571196 -0.265552 0.962403 0.0338439 0.250655 0.967485 -0.152295 -0.00686365 0.988311 -0.485447 0.348652 0.801737 -0.158845 0.0375818 0.986588 -0.237273 0.359914 0.90231 -0.311784 0.127565 0.941551 0.0802322 0.102022 0.991541 -0.525373 0.0553628 0.849069 0.900513 0.37434 0.221238 0.0105815 0.0047422 0.999933 -0.124183 -0.0453911 0.991221 -0.0939187 0.123048 0.987947 0.186978 0.16132 0.969028 -0.15901 -0.136734 0.977763 -0.0952912 0.0549858 0.99393 0.108499 0.381287 0.918067 -0.0995191 -0.175676 0.979405 -0.0464049 0.298632 0.95324 -0.0286185 -0.0488466 0.998396 -0.154413 -0.144836 0.977333 0.0792553 0.0589159 0.995112 0.118228 0.184824 0.975634 0.014889 0.278212 0.960404 0.099869 0.249884 0.963112 -0.453353 0.196296 0.869448 -0.74435 0.138072 0.65336 -0.218271 0.288914 0.932141 -0.0364538 -0.00886349 0.999296 -0.0596403 0.218106 0.974101 0.473922 -0.270797 0.837894 0.0360499 0.952339 0.302906 0.00810588 -0.0506648 0.998683 0.181731 -0.118878 0.976136 0.0237043 -0.0626599 0.997753 0.184089 -0.151037 0.971236 0.220043 0.242749 0.944804 0.0455836 0.0864368 0.995214 -0.103283 0.354029 0.929514 0.0684772 0.242665 0.96769 -0.196511 -0.0634881 0.978444 0.137708 -0.3412 0.929849 0.0634882 0.266469 0.96175 0.285993 0.306504 0.90789 -0.0458019 -0.12532 0.991059 0.157808 0.145357 0.976713 0.0469941 0.305049 0.951177 -0.245212 0.409852 0.878574 -0.115898 0.194063 0.974119 -0.122605 0.202748 0.971525 -0.0821847 0.0389682 0.995855 0.0718882 0.287439 0.955097 0.0497134 0.419756 0.906274 0.328648 0.215883 0.919448 0.0388716 0.405779 0.913144 0.121212 0.211919 0.969741 -0.335891 -0.636466 0.694326 -0.143702 0.21571 0.965826 -0.499193 0.356671 0.789679 0.198128 0.459635 0.865726 0.335862 0.0953994 0.937068 0.0212666 0.318062 0.947831 0.297062 0.475713 0.82792 -0.527956 0.391966 0.753409 -0.653788 0.442277 0.613965 -0.616757 0.257142 0.743969 0.0176485 0.302338 0.953037 0.0501369 0.253825 0.96595 -0.20191 0.367254 0.907941 -0.275556 0.394316 0.876689 0.431597 0.470478 0.769659 0.0101375 0.475347 0.87974 -0.0353296 0.0773571 0.996377 -0.0049665 0.110073 0.993911 -0.0273035 0.120841 0.992296 -0.0424371 0.0940207 0.994665 -0.747046 0.507482 0.4294 -0.769804 0.571346 0.284545 0.429199 0.134453 0.893146 -0.763078 0.251401 0.595406 0.0487397 0.316641 0.947292 0.828561 -0.227025 0.511806 -0.649206 0.380567 0.658559 0.804369 0.575954 0.145835 -0.00505435 0.190429 0.981688 0.0221069 -0.0940302 0.995324 -0.0669452 -0.0322263 0.997236 -0.0156125 0.311526 0.950109 -0.128065 0.228693 0.965038 0.0776159 -0.263363 0.961569 0.0066733 0.0791095 0.996844 0.0605883 -0.00463356 0.998152 -0.397734 0.232116 0.887654 -0.171354 -0.0732612 0.982482 0.013206 0.24979 0.96821 0.341689 0.112293 0.93308 0.129951 -0.0396592 0.990727 0.159593 0.353391 0.921762 0.229795 -0.020576 0.973022 0.01583 -0.071911 0.997285 -0.109849 -0.160155 0.980961 0.112836 0.554905 0.824226 0.221696 -0.0451587 0.97407 0.0840781 0.473962 0.876522 0.0484808 0.218382 0.974658 0.161721 0.629862 0.759684 -0.122849 0.340051 0.932348 0.0637847 0.354335 0.93294 -0.103362 0.447195 0.888444 0.0265609 0.183259 0.982706 -0.398247 0.262087 0.879039 -0.831161 0.283629 0.478252 0.308927 0.345068 0.88628 0.0875032 0.510082 0.855663 0.338279 0.483054 0.807605 0.321235 0.328287 0.888277 -0.602546 0.311881 0.734621 -0.147576 0.417086 0.896806 0.208696 0.43685 0.87499 -0.0875978 0.370487 0.924698 0.117749 0.332483 0.93573 -0.10438 0.45914 0.88221 0.223476 0.199661 0.954041 0.0327239 0.081582 0.996129 0.323286 0.376152 0.868329 0.0107565 0.351221 0.936231 -0.547286 0.643367 0.53531 0.0654841 0.57265 0.817181 -0.823172 0.486764 0.292318 0.140388 0.300039 0.94354 -0.7553 0.616025 0.223685 -0.505101 0.393994 0.767881 0.239288 0.365126 0.89968 -0.139116 0.32685 0.934781 0.0471664 0.176807 0.983115 0.0771692 0.381885 0.920982 -0.40696 0.181475 0.895238 -0.681421 0.523479 0.511503 0.353605 0.69248 0.628837 0.315631 0.489407 0.812932 -0.291523 0.352725 0.889156 -0.222874 0.515668 0.827293 0.0855872 0.203858 0.975252 0.401306 0.837612 0.37062 -0.0606217 0.259898 0.963731 0.0955825 0.18412 0.978245 -0.150293 0.248434 0.956918 -0.0628529 0.368536 0.927486 0.095357 0.116632 0.988587 0.438634 0.556236 0.705834 0.445143 0.588359 0.675042 0.563384 0.735167 0.376997 0.279431 0.375066 0.88388 0.532472 0.566766 0.628689 0.00336757 0.395515 0.918453 -0.726172 0.617362 0.302552 -0.00357822 0.292677 0.956205 -0.897539 0.338966 0.282002 0.513655 0.646769 0.56378 -0.753127 0.655998 -0.049672 -0.165636 0.408612 0.897553 -0.465588 0.729509 0.501044 -0.989955 0.129609 0.0564855 0.44966 0.418058 0.789325 -0.0370585 0.268208 0.962648 -0.744829 0.634767 0.205669 0.318912 0.281216 0.905104 -0.00380876 0.553036 0.833148 0.560922 0.629002 0.538259 0.466256 0.683517 0.561614 -0.118124 0.45322 0.883537 -0.0334025 0.111081 0.99325 -0.0521323 -0.0364076 0.997976 -0.397847 0.29694 0.868069 -0.489689 0.47142 0.733463 0.429064 0.841365 0.328647 -0.956089 0.284871 -0.0688704 -0.587665 0.43284 0.683593 -0.0965139 0.450186 0.887703 -0.21725 0.404298 0.888451 0.495678 0.666456 0.556902 -0.398181 0.545837 0.737234 -0.616565 0.591428 0.519673 -0.819663 0.534959 0.20487 -0.8636 0.439014 0.247915 -0.826795 0.555994 0.0853302 0.513172 0.703371 0.491858 0.0388993 0.560383 0.82732 0.538593 0.595976 0.595592 0.0252005 0.630292 0.775949 -0.312845 0.895777 0.315772 0.560168 0.74527 0.361641 -0.695711 0.412099 0.588354 0.607996 0.664943 0.433811 -0.638246 0.5918 0.492356 0.596081 0.465455 0.654247 -0.608259 0.41727 0.675208 0.329444 0.813366 0.479481 0.65834 0.553034 0.510628 0.447544 0.856202 0.258112 0.398164 0.621771 0.674437 -0.520714 0.827061 0.211723 -0.621682 0.778323 0.0878896 0.616842 0.663171 0.423923 -0.878339 0.475291 0.0511782 0.350018 0.561318 0.74994 0.220948 0.887092 0.405277 0.357181 0.688169 0.631542 0.346407 0.796651 0.495328 0.685646 0.375824 0.623415 -0.798224 0.582523 -0.153314 0.379608 0.906331 0.185641 0.426622 0.72763 0.537167 0.365233 0.662808 0.653675 0.49096 0.805939 0.330787 -0.475306 0.802359 -0.360977 0.582454 0.429169 0.690334 0.833026 0.429496 0.348713 -0.746653 0.659917 -0.0837789 -0.82644 0.531276 0.186395 -0.831067 0.541605 -0.126457 0.118883 0.946621 -0.299626 -0.854978 0.435796 -0.281238 -0.923779 0.299981 -0.238 -0.871902 0.480753 -0.0930779 -0.248103 0.825457 -0.507016 0.421996 0.787005 0.450047 0.326921 0.77188 0.545274 0.679926 0.537728 0.498546 0.0705774 0.706435 -0.70425 0.430053 0.481136 0.763913 0.480864 0.0530256 0.87519 0.394398 0.154946 0.905782 0.282199 0.678919 0.677815 -0.679293 0.60311 -0.418114 -0.530883 0.785861 -0.317154 0.333579 0.882897 0.330483 -0.85894 0.45605 -0.232894 0.0257459 0.831762 -0.554535 0.439184 0.748178 0.49734 -0.587656 0.659583 -0.468626 0.389203 -0.0919321 0.916553 0.564168 0.295559 0.770947 0.427691 0.399004 0.811096 -0.145317 0.638806 -0.75552 -0.0931054 0.598251 -0.795881 0.340621 0.927821 0.152069 -0.922074 0.386438 0.0210986 -0.892013 0.45138 0.0238507 -0.877282 0.445225 -0.179308 -0.557627 0.716354 -0.419392 -0.624314 0.603179 -0.496395 -0.17761 0.533813 -0.82674 0.0131336 0.507266 -0.861689 0.00629026 0.824763 -0.565444 -0.118625 0.735943 -0.66657 0.492859 0.460404 0.738321 0.300978 0.0837682 0.949945 -0.0777702 0.61236 -0.786745 -0.532306 0.503821 -0.680305 -0.680367 0.486289 -0.548292 0.62687 0.569725 0.531458 -0.684579 0.598535 -0.416062 0.58589 0.809269 0.0426205 -0.130162 0.736492 -0.663805 -0.304996 0.6814 -0.665336 0.616732 0.731576 0.290584 0.364434 0.642178 0.674385 0.331418 0.662534 0.671723 0.0375804 0.885545 -0.46303 0.536413 0.486561 0.689579 -0.552483 0.533264 -0.640619 -0.873404 0.474479 -0.109707 0.0560693 0.899326 -0.433669 0.265545 0.827994 0.493874 -0.0172618 0.861736 -0.507064 0.313915 0.760642 0.568226 -0.388061 0.80313 -0.452096 -0.179733 0.955051 -0.235739 -0.469143 0.71482 -0.518591 -0.900355 0.412577 -0.138353 0.334765 0.598425 0.727887 -0.231779 0.941493 -0.244683 -0.929112 0.368805 0.0270694 -0.583299 0.583945 -0.564598 0.675653 0.733661 0.0723467 0.59798 0.76393 0.242552 -0.730985 0.614191 -0.297372 0.3818 0.850593 0.361554 -0.622402 0.740281 -0.254164 -0.227149 0.960924 -0.158206 -0.854429 0.36523 -0.369538 -0.739489 0.59394 -0.316845 -0.836776 0.5474 0.0126335 0.370074 0.714072 0.594261 0.419644 0.521688 0.742793 -0.181893 0.829396 -0.528221 0.31408 0.906545 -0.282012 -0.532967 0.83972 -0.103998 -0.0901907 0.856297 -0.508548 0.00604506 0.955283 -0.295631 -0.0285294 0.932172 -0.360891 0.651023 0.583967 0.484925 0.527728 0.847341 0.0593006 -0.921277 0.287788 -0.261585 -0.619875 0.643208 -0.449487 -0.627178 0.760585 -0.167804 0.571943 0.803495 0.165155 0.688436 0.699542 0.191566 -0.567604 0.812307 -0.134102 0.457799 0.705396 -0.541144 -0.933386 0.333093 -0.133566 -0.912615 0.388548 -0.12714 0.88523 0.462706 -0.0476546 -0.0747329 0.903846 -0.421281 0.571738 0.820434 0.00204861 0.656112 0.615634 -0.436477 0.0642924 0.986841 -0.148361 0.218454 0.913222 -0.343954 -0.0453623 0.845568 -0.531937 -0.392672 0.575018 -0.717749 0.0417819 0.743606 -0.667311 -0.589694 0.530515 -0.608946 -0.442195 0.638452 -0.629954 -0.933526 0.297179 -0.200533 0.326137 0.929186 0.173921 -0.335847 0.471204 -0.815582 -0.9519 0.29494 -0.0830505 0.0588387 0.722263 -0.689111 -0.105112 0.819665 -0.563117 -0.00255186 0.722597 -0.691265 -0.106862 0.634156 -0.765785 -0.567937 0.801748 -0.18614 -0.820449 0.550217 -0.155318 0.220284 0.973974 -0.0533832 -0.211614 0.532882 -0.819302 0.721153 0.665612 -0.19209 0.00159467 0.524753 -0.851253 0.660279 0.712408 -0.237708 -0.163772 0.593942 -0.787662 0.40325 0.563875 -0.720718 -0.940127 0.111477 -0.322076 -0.0427967 0.459017 -0.887396 -0.127981 0.11224 -0.985405 -0.00798478 0.248989 -0.968473 -0.366593 0.239711 -0.898971 -0.396481 0.330168 -0.856617 0.344641 0.938463 0.0225896 0.0492276 0.674452 -0.736676 -0.142306 0.142102 -0.979569 -0.0822891 0.566967 -0.81962 -0.589871 0.648172 -0.481587 -0.0874034 0.22264 -0.970975 -0.913868 0.145415 -0.379077 -0.997671 0.0223307 0.0644448 -0.189604 0.27046 -0.943876 0.16301 0.891277 -0.423147 0.00910037 0.438789 -0.898544 -0.0496311 0.369462 -0.927919 -0.107837 0.29405 -0.949687 -0.901523 0.432561 0.012159 0.754401 0.625896 -0.197822 0.303576 0.919397 -0.250102 -0.180572 0.7773 -0.60266 -0.00929494 0.721403 -0.692453 0.18678 0.720661 -0.667653 -0.2604 0.302666 -0.916834 -0.159653 0.314754 -0.93565 -0.236329 0.31609 -0.918823 -0.0435133 0.166467 -0.985087 -0.15621 0.285932 -0.945432 -0.138712 0.463048 -0.875411 -0.10874 0.818978 -0.563428 -0.233152 0.369963 -0.899315 0.0644349 0.49906 -0.864169 -0.484372 0.0582347 0.872922 0.369304 0.370654 0.852191 0.327291 -0.406003 0.853254 -0.255105 0.410389 -0.875501 0.183569 0.485505 -0.854744 0.434786 0.887091 -0.155015 -0.080251 0.618799 -0.78144 -0.097931 0.703288 -0.704127 0.0652273 0.560743 0.825417 -0.210716 0.679894 -0.702384 -0.0972217 0.2634 -0.959775 0.0309817 0.151558 -0.987963 -0.138637 0.553758 -0.821056 0.014066 0.557109 -0.83032 -0.565733 0.549587 -0.614736 -0.145078 0.447213 -0.882583 -0.192266 0.482022 -0.854803 -0.294516 -0.497172 0.816137 -0.196726 0.529552 -0.825151 -0.242711 0.530766 -0.812021 0.232555 0.554904 -0.798749 0.827695 0.548493 -0.118649 0.665134 0.745816 -0.0368132 -0.0672549 0.669333 -0.739912 0.0367435 0.624069 -0.780505 0.020419 0.493643 -0.869425 0.0306234 0.61649 -0.786767 -0.089074 0.832521 -0.546786 0.592231 0.438541 -0.675977 0.0774743 -0.23401 -0.969142 -0.594059 0.0215534 -0.804133 0.315907 -0.0463587 -0.947657 -0.0537949 0.378706 -0.923952 0.307642 0.822572 -0.478258 -0.483781 0.134061 -0.864861 -0.32385 0.536619 -0.779206 -0.376137 0.466299 -0.800679 -0.0515954 0.795897 -0.60323 0.154406 0.569478 -0.807375 -0.083975 0.836926 -0.540835 -0.130156 0.828638 -0.544443 -0.25517 0.812585 -0.524018 -0.253816 0.643903 -0.72178 -0.0409444 0.57144 -0.819622 0.180396 0.798944 -0.573713 -0.0464688 0.808404 -0.586791 -0.36015 0.365285 -0.858405 -0.571964 -0.0282533 -0.819792 -0.489426 0.53253 -0.690561 0.0221283 0.667863 -0.743955 0.564308 0.810079 -0.159148 -0.287415 0.901416 -0.323793 -0.246225 0.626266 -0.739706 -0.156165 0.462447 -0.872786 -0.203714 0.648648 -0.733319 -0.112175 0.821063 -0.559707 -0.548895 0.718801 -0.42666 -0.549907 0.551495 -0.627261 -0.194854 0.534673 -0.822288 -0.147735 0.907834 -0.392443 -0.527802 0.179307 -0.830226 -0.448393 0.158629 -0.879648 0.101364 0.935682 -0.33797 -0.623499 0.779487 0.0604111 -0.115027 0.63399 -0.764739 -0.0843217 0.42237 -0.902493 -0.134583 0.809899 -0.570921 -0.609887 0.348037 -0.711975 -0.102481 0.568771 -0.816086 -0.323946 0.194684 -0.925828 -0.155225 0.986046 -0.060149 -0.188921 0.234452 -0.953594 0.0814523 0.880192 -0.467577 -0.0235578 0.479739 -0.877095 0.0754514 0.886651 -0.456242 -0.0381894 0.920065 -0.389901 -0.280595 0.570516 -0.771867 -0.171019 0.961951 -0.213079 0.137461 -0.0898539 -0.986423 -0.0975619 -0.0438008 -0.994265 -0.118869 -0.039689 -0.992116 0.140847 -0.0804613 -0.986756 0.0283585 0.112084 -0.993294 0.176414 0.028781 -0.983895 0.151377 0.155747 -0.976129 0.315539 0.806089 -0.500655 0.467425 0.794085 -0.388514 0.0689881 -0.0118651 -0.997547 0.394762 0.893301 -0.214889 0.0644976 0.612014 -0.788212 0.328122 0.942911 -0.0570492 0.740597 0.346486 -0.575728 -0.318689 0.0152772 -0.947736 -0.114961 0.23476 -0.965231 -0.0401616 0.924497 0.379069 -0.19387 0.597193 -0.778315 -0.642793 0.574948 -0.506213 -0.315153 0.297458 -0.90122 0.110727 0.0843218 -0.990267 0.224627 -0.165026 -0.960369 0.2881 0.659216 -0.694574 0.279423 0.731882 -0.621507 -0.00566061 0.344065 -0.938929 0.337415 0.939808 -0.0539705 -0.24633 0.950414 0.18983 -0.103074 0.991356 0.081179 0.360014 -0.0921592 -0.928384 -0.408827 0.0499411 -0.911244 0.125139 -0.204213 -0.970895 -0.0404182 0.526028 -0.849506 0.235167 0.837324 -0.493544 0.716486 0.597108 0.360707 -0.0469538 0.972081 0.229899 -0.27706 0.939061 0.203476 0.392275 0.919579 0.0222663 0.164394 0.93131 -0.325018 0.667962 0.65661 0.350272 -0.303854 0.104745 -0.946943 -0.00258552 0.978052 -0.208345 0.324891 0.87022 0.370355 0.0912018 0.0146458 -0.995725 0.281719 0.864164 0.416959 -0.0739785 0.239563 -0.968058 -0.17523 0.126719 -0.976339 0.474762 0.861817 -0.178532 -0.143184 0.696435 -0.70319 0.332808 0.937846 -0.098408 0.0197105 0.200037 -0.97959 -0.0378894 0.981486 -0.187749 -0.2625 0.845506 -0.464987 0.45771 0.813038 -0.35982 0.51758 0.850889 0.0899964 0.633675 0.708386 0.310878 -0.0451428 0.862894 -0.503365 0.552177 0.82232 -0.137445 -0.00370251 0.69519 -0.718817 0.111339 0.806374 -0.580831 0.659868 0.751381 0.000699342 0.102979 0.652818 -0.750482 -0.207749 0.486604 -0.848562 0.236158 0.119225 -0.964373 0.452413 0.430958 -0.780767 -0.176129 0.0394166 -0.983578 -0.0894147 0.0759886 -0.993092 0.0907616 -0.112521 -0.989496 -0.174153 0.349007 -0.920796 0.219881 0.103654 -0.970004 -0.230548 0.521245 -0.821676 0.438882 0.647903 -0.622579 -0.0925233 0.204105 -0.974567 0.218385 0.450887 -0.865453 -0.355943 0.0620003 -0.932449 -0.228319 0.0261787 -0.973234 -0.123811 -0.0184159 -0.992135 -0.0762166 0.00953397 -0.997046 0.0884623 -0.104206 -0.990614 -0.0671985 0.116354 -0.990932 -0.0773648 0.234124 -0.969124 -0.0686816 -0.0817772 -0.994281 -0.0445911 0.132882 -0.990128 -0.295612 0.194264 -0.935347 0.0978215 0.127942 -0.986946 -0.0398228 0.0113978 -0.999142 -0.0990122 0.294538 -0.950497 -0.106586 0.197889 -0.974412 -0.0389826 -0.115086 -0.99259 -0.0129119 -0.0654721 -0.997771 -0.0737914 0.0109443 -0.997214 0.0369951 -0.154721 0.987265 0.212389 0.00960897 0.977138 -0.047895 -0.042068 0.997966 0.121458 -0.0227366 0.992336 0.100531 -0.0990537 0.989991 0.170385 -0.12948 0.976834 -0.0697478 -0.0895111 0.993541 0.104842 0.397863 0.911435 0.123844 -0.0864352 0.98853 0.108247 -0.104114 0.988657 0.0312231 0.317243 0.94783 0.0564214 0.0183215 0.998239 0.0160898 -0.437893 0.898883 0.169093 0.00144613 0.985599 0.059508 -0.0117646 0.998159 0.039511 -0.241621 0.969566 0.103497 -0.190781 0.976161 0.364936 0.120665 0.92318 0.0842604 0.343781 0.935262 -0.00428622 0.625153 0.78049 0.0513246 -0.218237 0.974545 0.206127 -0.329169 0.921499 -0.101273 -0.0544666 0.993367 0.0642256 -0.28051 0.9577 -0.0571418 -0.20764 0.976535 0.304564 -0.143498 0.94162 0.142388 -0.275692 0.950642 0.102832 0.0602175 0.992874 -0.055692 -0.233323 0.970803 0.0878073 -0.0787058 0.993023 0.195264 -0.159709 0.96766 0.051217 -0.0381093 0.99796 0.0141357 -0.241784 0.970227 0.515511 -0.271499 0.812734 0.352395 0.458639 0.815762 0.223187 -0.249832 0.942216 0.119835 -0.285817 0.950762 -0.0609165 -0.0700502 0.995682 -0.0535879 -0.291312 0.955126 0.127563 0.0313751 0.991334 0.0580148 0.0901116 0.994241 0.116497 -0.148444 0.982035 -0.00290851 -0.287962 0.957637 0.186008 -0.0933171 0.978107 0.180229 -0.232355 0.955787 0.0476631 -0.0676141 0.996572 -0.0315404 -0.139182 0.989764 -0.135478 -0.0962423 0.986095 0.120019 -0.246746 0.961619 0.137009 0.122051 0.983022 0.0896372 -0.177797 0.979976 0.223578 -0.0628222 0.972659 0.201115 0.168362 0.964991 0.069579 -0.126415 0.989534 0.00307007 -0.0717109 0.997421 0.0635588 -0.098111 0.993144 0.090835 -0.242428 0.965908 0.0483262 -0.132139 0.990052 0.171164 0.00386822 0.985235 0.189275 -0.0602802 0.980072 0.241455 0.219692 0.945217 -0.0142754 -0.287376 0.957712 -0.0299382 -0.126572 0.991506 -0.0126965 -0.0608214 0.998068 -0.0609473 -0.0835069 0.994642 0.521354 -0.175059 0.835191 0.20692 -0.186596 0.960399 -0.0287802 -0.102943 0.994271 0.163942 0.0777825 0.983399 0.0371501 -0.109814 0.993258 -0.145501 -0.0718967 0.986742 0.00300617 -0.0199598 0.999796 -0.0590511 -0.18326 0.981289 -0.0896761 0.0385521 0.995225 0.217508 0.0611104 0.974144 -0.098728 -0.0641484 0.993045 0.213085 -0.153335 0.964927 -0.0603339 -0.0777719 0.995144 0.10898 -0.206949 0.972263 0.1763 -0.00241021 0.984334 0.406346 -0.0606338 0.911705 0.0780008 -0.237925 0.968146 -0.0068147 -0.143675 0.989601 0.00373374 -0.0785566 0.996903 0.477129 -0.109744 0.871954 0.455244 0.212592 0.864614 0.205026 0.372247 0.905205 0.26532 0.17652 0.947864 0.177492 0.0329709 0.98357 0.091395 0.0326948 0.995278 0.140068 -0.0169164 0.989997 0.120536 -0.251108 0.960425 0.190788 -0.117062 0.974626 0.0511146 -0.174414 0.983345 0.182974 -0.0989969 0.978121 -0.00614968 -0.167605 0.985835 0.0540819 -0.192761 0.979754 0.162873 0.139233 0.976774 0.122287 -0.173609 0.977193 -0.00456965 -0.0775055 0.996981 0.28004 0.363152 0.88865 0.0288231 0.822118 0.568587 0.1215 -0.184275 0.975336 0.482964 -0.0963325 0.870325 0.459346 0.17932 0.869969 0.0127248 -0.12795 0.991699 0.058145 -0.0586869 0.996582 0.157205 -0.27376 0.948864 0.0857876 -0.180577 0.979813 0.118803 -0.169878 0.978278 0.10725 -0.0722011 0.991607 0.120155 0.0163257 0.992621 -0.0284111 -0.0183185 0.999429 0.104823 -0.480975 0.870445 0.421642 0.385319 0.820821 0.151138 -0.0417291 0.987631 0.556163 -0.217127 0.802209 0.143019 0.196204 0.970077 0.345106 -0.150676 0.92639 0.176621 -0.000448244 0.984279 0.124636 -0.186028 0.974607 0.607777 -0.146433 0.78049 0.580887 0.298601 0.757237 0.184418 0.0817256 0.979444 -0.058017 -0.0557692 0.996757 0.438512 0.473139 0.764099 -0.178374 -0.108011 0.978017 0.1988 -0.108457 0.97402 0.0302031 -0.0855079 0.99588 0.105784 -0.000199921 0.994389 0.133479 -0.0212328 0.990824 0.871146 0.231469 0.433043 0.0811969 -0.253392 0.96395 0.170051 -0.244288 0.954676 0.104271 -0.0762869 0.991619 0.302789 -0.222229 0.926786 0.680229 -0.253578 0.68774 0.113768 -0.285772 0.95152 0.151088 0.000551481 0.98852 0.194555 -0.0671714 0.978589 0.136893 -0.13612 0.981189 0.0207706 0.00347823 0.999778 0.124684 -0.0234204 0.99192 0.116979 0.0488459 0.991932 0.0917013 0.0055283 0.995771 0.68904 0.0126337 0.724613 0.664622 0.214019 0.715873 0.0272928 0.148947 0.988468 0.541212 0.0576862 0.838906 0.419547 -0.418454 0.805529 0.332214 -0.0992374 0.937969 0.149951 -0.0727875 0.98601 0.101851 -0.353252 0.929967 0.0976536 -0.370803 0.923563 0.265206 -0.181812 0.946895 0.111672 -0.0672987 0.991464 0.137664 -0.042122 0.989583 0.651897 -0.0474284 0.756823 0.18585 0.167158 0.968255 0.107628 -0.0690202 0.991793 0.124658 -0.0116143 0.992132 0.0778791 -0.19948 0.976802 0.132405 0.0208624 0.990976 0.558551 0.465691 0.686405 0.0878233 -0.117467 0.989186 0.0174206 -0.111918 0.993565 0.56258 0.0102742 0.826679 0.196436 -0.220267 0.955456 0.16681 0.75363 0.63578 -0.0327998 -0.429971 0.902247 0.787094 0.0296574 0.616119 0.631841 0.285521 0.720594 0.166961 0.14161 0.975741 0.123053 0.0269047 0.992035 0.30051 -0.0169024 0.953629 0.0131893 -0.216566 0.976179 0.0613171 -0.138343 0.988484 0.0969133 -0.00758541 0.995264 0.0415143 -0.259719 0.964792 0.205013 -0.174951 0.962996 0.293628 0.0484565 0.954691 0.152795 -0.0263159 0.987908 0.111519 -0.129332 0.98531 0.0457647 -0.519646 0.853155 0.155178 -0.180408 0.971274 0.401472 -0.415393 0.816253 0.431615 0.622132 0.653193 0.111441 0.0301234 0.993314 0.265439 -0.145257 0.953123 0.0924928 -0.0603252 0.993884 0.154931 -0.070753 0.985388 0.0987552 0.0674378 0.992824 -0.0132027 -0.374215 0.927248 0.0846084 0.00885652 0.996375 -0.0844608 -0.183791 0.97933 -0.0169688 0.0312863 0.999366 0.259434 0.0454508 0.964691 0.774291 0.143058 0.616448 0.255347 -0.104003 0.961239 0.120553 -0.0241018 0.992414 0.148257 -0.178311 0.972741 -0.0628589 -0.412478 0.908796 0.102394 -0.260177 0.960116 0.209515 -0.137699 0.968061 0.178172 -0.263442 0.948079 0.235871 -0.158908 0.958704 -0.0245714 -0.133313 0.990769 0.0536204 -0.113161 0.992129 -0.0976075 -0.0803105 0.991979 0.00175408 -0.0143507 0.999896 0.215808 -0.495741 0.84123 0.692874 0.00578743 0.721035 0.354 -0.202567 0.913045 0.268529 -0.414567 0.869498 0.0767994 -0.293973 0.952723 0.355222 -0.0553501 0.933142 0.336452 -0.113594 0.934824 0.318379 0.834794 0.44917 0.186705 -0.0284408 0.982004 0.283193 -0.324169 0.902616 0.267129 -0.653528 0.708198 0.207613 -0.242985 0.947552 0.215921 -0.0198136 0.97621 0.798545 -0.383414 0.464026 0.297021 0.0940563 0.950227 0.343929 0.304925 0.888107 0.556236 0.0112985 0.830948 0.10468 0.112255 0.98815 0.222441 -0.145995 0.963953 0.537502 0.481809 0.692064 0.44855 0.503669 0.738323 0.535493 -0.0524383 0.84291 0.555643 -0.259581 0.78986 0.3128 -0.448021 0.837516 0.426197 -0.352195 0.833256 0.154262 0.56449 0.810897 0.492298 0.571395 0.65662 0.84213 -0.181992 0.507638 0.800093 0.134624 0.584575 0.434521 0.407696 0.803104 0.213 0.0208991 0.976829 0.181584 -0.232457 0.955506 0.0727431 -0.404837 0.911491 0.423488 0.340692 0.839397 0.570264 -0.000303027 0.821461 -0.00920504 -0.0680862 0.997637 0.431529 0.709749 0.556812 0.765957 -0.102973 0.634592 0.332355 -0.0310053 0.942645 0.282991 -0.123312 0.951163 0.681574 0.109065 0.723575 0.4717 0.61482 0.632056 0.226427 -0.609219 0.759988 0.730616 -0.289553 0.618352 0.561998 0.178132 0.807729 0.2793 -0.125408 0.951979 0.0739955 -0.400247 0.913415 0.820384 -0.185604 0.540852 0.535776 0.53651 0.651999 0.621742 -0.0930473 0.777676 0.489348 -0.254405 0.834156 0.696509 -0.447712 0.560739 0.675396 -0.022188 0.737121 0.926418 -0.235308 0.293904 0.296234 -0.378973 0.876712 0.163498 -0.269609 0.948989 0.76456 0.350624 0.540843 0.74732 0.294879 0.595449 0.609925 0.0848965 0.787899 0.26994 0.030741 0.962386 0.321717 0.196823 0.926153 0.479293 -0.0814273 0.873869 0.123192 -0.213868 0.969064 0.800167 0.0619053 0.596574 0.899987 0.228323 0.371338 0.789349 0.613315 -0.0277954 0.5933 0.585098 -0.552862 0.660268 0.741921 0.116616 0.694016 0.703227 0.154315 0.838927 0.110306 0.532949 0.254288 0.290226 0.922554 0.43825 0.115547 0.891396 0.214947 -0.331999 0.918463 0.758156 -0.365494 0.540013 0.830776 -0.255955 0.494265 0.831065 0.125634 0.541799 0.158008 -0.262165 0.951999 0.109304 -0.385259 0.916312 0.534489 0.277231 0.798413 0.41316 0.0145437 0.910542 0.59453 0.199344 -0.778972 0.401172 0.176064 0.898923 0.342294 0.0393359 0.938769 0.637689 0.20683 0.742007 0.549862 0.0126312 0.83516 0.908937 0.360715 0.209089 0.717348 -0.511492 0.473061 0.847506 -0.0907927 0.522964 0.347865 0.735457 -0.581458 0.711677 0.0875821 0.697026 0.145156 -0.118409 0.982298 0.695242 -0.0340664 0.717968 0.101772 -0.246331 0.963828 -0.26117 0.189483 0.946513 0.200362 -0.0185409 0.979546 0.0398264 0.160973 0.986155 -0.122392 -0.350756 0.928434 0.39329 0.84802 -0.355227 0.155108 0.138951 0.978077 0.470484 -0.453993 0.75666 0.601261 0.400736 -0.6913 0.833383 0.519028 -0.189956 0.90628 0.389077 0.165154 0.757698 0.239694 0.606993 0.645301 -0.023901 0.763554 0.447527 0.0325053 0.89368 0.570778 -0.265153 0.777114 0.699697 0.325393 0.636038 0.517651 0.852378 -0.0740886 0.993947 -0.0227452 0.107482 0.164697 -0.0684701 0.983965 -0.412766 0.417661 0.809434 0.290485 0.10885 -0.950668 0.717373 0.410022 0.563256 0.321155 0.444742 0.836101 0.648411 0.127795 0.750488 0.707017 -0.350511 0.614222 0.188905 0.039943 0.981183 0.359275 0.796025 -0.487099 0.256156 0.744135 0.616967 0.746372 0.413983 0.521103 0.682185 -0.378127 0.625815 0.609485 -0.257543 0.7498 0.679528 0.0171096 0.73345 0.849036 0.315845 -0.423532 0.678021 -0.120992 0.725016 0.286213 -0.675544 0.679501 0.874934 -0.057257 0.480845 0.997994 0.0251549 -0.0581052 0.844202 0.467605 0.262048 0.527216 0.795926 0.297566 0.0608514 0.579798 0.812485 0.902207 0.3239 0.284801 0.449153 0.453235 0.769961 0.805226 -0.196031 0.559627 0.718292 0.140746 0.681357 0.687309 0.362495 0.629447 0.984306 -0.0300135 0.173901 0.810009 0.17411 0.559974 0.521821 0.301864 0.79786 0.680573 -0.333196 0.652534 0.55964 -0.25171 0.789586 0.767212 0.275936 0.579004 0.672823 0.195345 0.713547 0.71254 0.605834 0.353909 0.679978 0.183931 0.709788 0.0498629 0.342785 0.93809 0.112564 0.477088 0.871617 0.276828 -0.594462 0.754971 0.744618 -0.170902 0.645241 0.613633 0.246014 0.750288 0.75033 0.155928 0.64241 0.172448 0.51271 0.841065 0.43843 -0.438382 0.784602 0.814644 0.0958937 0.571979 0.485255 0.385492 0.784808 0.632287 0.644188 0.43039 0.781491 0.444523 0.437803 0.763995 0.377036 0.523599 0.695965 0.452695 0.557404 0.780618 -0.133111 0.61067 0.684044 0.416505 0.598839 0.783132 0.453914 0.425049 0.720458 0.0595998 0.690933 0.781193 -0.233892 0.57882 0.691329 -0.427345 0.582615 0.403682 0.443843 0.800028 0.519804 0.726482 0.449475 0.810538 -0.498232 0.307884 0.527876 -0.456806 0.716014 0.777383 0.49182 0.392159 0.974965 -0.0148606 0.221862 0.838999 -0.276343 0.468738 0.543108 -0.377753 0.749891 0.497953 0.659587 0.563017 0.572267 0.694587 0.435959 0.773521 0.226043 0.592089 0.877486 0.370041 0.305103 0.783579 0.552819 0.283541 0.714844 -0.279273 0.641097 0.7647 -0.0432473 0.642933 0.833702 0.218799 0.507018 0.970861 -0.00205856 0.239636 0.936645 -0.318579 0.145614 0.967911 -0.245526 0.0535366 0.966347 -0.0977019 0.237968 0.687636 0.480657 0.544174 0.784628 0.378267 0.491196 0.839977 0.349397 0.415164 0.52256 -0.626342 0.57847 0.589447 -0.608979 0.530752 0.969434 0.188 0.157649 0.742351 0.519763 0.422801 0.746113 -0.0108852 0.665731 0.810033 0.371117 0.454003 0.992307 0.113067 -0.0504184 0.910262 -0.359359 -0.20563 0.873006 0.290276 0.391919 0.934488 0.0797744 0.346941 0.857896 -0.0818611 0.50726 0.722994 -0.250047 0.644015 0.644563 -0.567714 0.512093 0.756762 0.515243 0.402289 0.70776 0.403571 0.579833 0.608608 0.576502 0.545199 0.951368 -0.307915 0.00934912 0.720847 -0.363263 0.590271 0.575696 0.680664 0.453068 0.990745 -0.0113985 -0.135258 0.731155 0.353859 0.583263 0.75161 0.337643 0.566639 0.783922 0.305679 0.540394 0.890391 0.451738 0.056009 0.858592 0.0173775 0.512365 0.980986 -0.0530014 -0.1867 0.989353 0.0243932 -0.14348 0.526354 0.520707 0.672173 0.569499 0.527883 0.630088 0.465955 0.585009 0.663815 0.73018 0.683238 -0.00486368 0.842959 0.452663 0.290718 0.586653 -0.643024 0.4923 0.745458 -0.266322 0.611036 0.590321 0.550675 0.590151 0.964961 -0.249644 -0.0807909 0.556584 0.497084 0.665674 0.832219 -0.119004 0.541525 0.983328 -0.0389159 -0.177631 0.973418 0.0716808 -0.217531 0.979336 0.0655746 -0.191315 0.850896 0.236817 0.468927 0.878372 0.415673 0.235964 0.860974 0.133551 0.490803 0.839197 0.189001 0.509929 0.54347 -0.755337 0.366206 0.966521 -0.139111 -0.215603 0.88146 0.347853 0.319417 0.552746 0.569576 0.608322 0.710747 0.236757 0.662409 0.403323 0.804676 0.435691 0.851813 0.0795305 0.517773 0.976459 -0.057106 -0.208008 0.969457 0.237433 -0.0614668 0.827136 0.457114 -0.326945 0.918468 0.307675 0.248499 0.912247 0.144867 -0.383171 0.978074 0.0304513 0.206018 0.702502 -0.505565 0.500895 0.964223 -0.026666 -0.263749 0.957446 0.240165 0.160058 0.97304 -0.147825 0.177037 0.784005 -0.0971801 0.613101 0.526392 0.63542 0.564936 0.426507 0.766983 0.479405 0.982821 0.165967 0.0807378 0.979971 -0.18808 -0.0654499 0.585992 0.622498 0.518758 0.614361 0.576801 0.538387 0.818001 -0.310897 0.48396 0.953432 0.0215127 -0.30084 0.942617 -0.1199 -0.311603 0.956731 0.0611072 -0.284486 0.95197 0.288491 -0.102597 0.891396 0.201208 -0.406114 0.606054 -0.722335 0.333063 0.761301 0.406607 -0.505066 0.885179 0.19953 -0.420293 0.677212 -0.608176 0.414132 0.942959 0.321056 0.088041 0.994106 0.0937457 0.054457 0.901902 -0.338178 -0.268715 0.679487 0.582111 0.446592 0.967124 0.218825 0.129563 0.98254 0.183397 0.0313186 0.898929 -0.021371 0.437574 0.983979 0.178208 0.00528044 0.969551 0.103114 -0.222121 0.957218 0.191361 -0.217061 0.932084 -0.0252895 -0.361359 0.813537 -0.580035 0.0414526 0.770522 -0.586118 0.250524 0.964744 0.226276 -0.13442 0.814375 -0.518795 -0.260086 0.869948 0.291315 -0.397903 0.937162 0.103942 -0.333053 0.81546 0.281611 0.505688 0.797854 0.566852 0.205204 0.8886 0.455157 0.0567623 0.972114 -0.234506 -0.00104532 0.946398 0.1574 -0.282058 0.918318 -0.37976 0.111687 0.980031 0.0275024 -0.196935 0.946377 -0.318574 -0.0536765 0.875695 0.189041 -0.444321 0.83155 -0.250366 0.495824 0.97484 0.199354 -0.099729 0.899321 0.00536955 -0.437256 0.960898 -0.232806 -0.149921 0.801142 -0.0635443 0.595091 0.801988 -0.154634 0.576978 0.91009 0.0875626 -0.405054 0.989632 0.143623 -0.000676612 0.856587 0.0899955 -0.508094 0.792921 0.559815 0.240591 0.842062 -0.384838 0.377931 0.716107 -0.196065 0.669887 0.933247 0.343052 -0.106607 0.845614 -0.395401 -0.358602 0.875088 -0.235431 0.422839 0.863167 0.0162107 0.504659 0.711515 0.0857795 0.697416 0.827813 -0.547703 -0.121442 0.788007 -0.0235784 -0.615215 0.867336 0.448684 0.215434 0.997372 -0.0443386 -0.0572966 0.656632 0.142147 0.740694 0.99599 -0.078 0.0438254 0.976866 0.116841 -0.179114 0.868403 -0.0488578 0.493446 0.937601 -0.193164 -0.289123 0.79913 0.157872 -0.580059 0.747295 0.0386742 -0.663366 0.981879 0.095108 -0.163917 0.909739 0.372534 -0.183287 0.890762 -0.17467 0.419564 0.66725 -0.0327604 -0.744113 0.789627 -0.152483 0.594339 0.976254 0.0894713 -0.197289 0.913893 0.382874 -0.134933 0.986007 -0.159046 0.0499507 0.958783 -0.166706 -0.230095 0.773672 0.0709061 -0.629606 0.981106 -0.0578724 0.184614 0.925529 0.0987926 -0.365563 0.66485 0.078824 -0.742807 0.961181 0.121158 -0.247893 0.85225 0.216599 -0.476188 0.734759 -0.00655503 -0.678296 0.618558 -0.584322 -0.525314 0.54862 -0.0153816 -0.835931 0.921018 0.238291 -0.308128 0.436759 -0.255139 -0.862639 0.957822 -0.0880857 0.273529 0.859847 -0.338308 -0.382376 0.902011 0.0201865 -0.43124 0.835905 -0.0812473 -0.542828 0.946512 0.106422 -0.304614 0.918993 0.0680335 -0.38836 0.986523 -0.150008 -0.0653516 0.599646 0.0638195 -0.797717 0.534679 0.119957 -0.836498 0.341669 -0.199309 -0.918443 0.449633 0.0124723 -0.893126 0.318665 -0.0346203 -0.947235 0.689917 0.103512 -0.716449 0.805456 -0.332703 -0.490458 0.508417 0.267311 -0.81857 0.360904 -0.124638 -0.924237 0.48542 0.0623549 -0.872055 0.431048 -0.115653 -0.894887 0.291599 -0.0577803 -0.954794 0.299438 -0.315412 -0.900473 0.394517 -0.223286 -0.891347 0.0746554 -0.0370175 -0.996522 0.265075 -0.182456 -0.946808 0.0299609 -0.171966 -0.984647 -0.119564 -0.0208052 -0.992608 0.37684 -0.151033 -0.913882 0.354589 0.0721485 -0.932234 0.339376 -0.304258 -0.890085 0.234126 -0.165084 -0.958088 0.128023 -0.3095 -0.942242 0.404381 -0.434813 -0.804621 0.638579 -0.153542 -0.754084 0.506382 -0.0959283 -0.856957 0.316708 -0.0570655 -0.946805 0.30013 -0.156028 -0.941051 0.237369 -0.193095 -0.952035 0.236646 0.0329728 -0.971036 0.152108 -0.33642 -0.929347 0.117647 0.00471292 -0.993044 0.204413 0.111615 -0.972501 0.637304 0.161661 -0.753465 0.560051 -0.300914 -0.771877 0.064626 -0.132022 -0.989138 0.222464 -0.231766 -0.946992 0.150761 0.0385325 -0.987819 -0.0170931 0.0762368 -0.996943 0.00323987 0.186974 -0.98236 0.0604678 -0.198027 -0.97833 -0.062594 0.252847 -0.965479 -0.0900143 -0.0687581 -0.993564 0.154308 0.0177768 -0.987863 -0.164466 -0.0179509 -0.986219 0.219491 0.0220663 -0.975365 -0.0218534 -0.0329881 -0.999217 -0.0438111 -0.149922 -0.987727 -0.0282819 -0.0153574 -0.999482 0.095571 0.0682247 -0.993082 -0.0377761 -0.186387 -0.98175 -0.12371 -0.0212155 -0.992092 0.10324 -0.117238 -0.987723 0.275915 0.0505631 -0.959851 -0.256336 0.0114024 -0.96652 0.0122086 0.0408063 -0.999093 0.113368 -0.0375504 -0.992843 -0.149575 0.0511495 -0.987426 -0.169184 0.199819 -0.965116 -0.0213321 -0.0111163 -0.999711 -0.0780695 -0.0522943 -0.995575 -0.037047 0.195871 -0.97993 0.0730817 0.102505 -0.992044 0.0089228 -0.271525 -0.96239 0.0398169 -0.225807 -0.973358 -0.143044 -0.0370926 -0.989021 0.0742226 0.119594 -0.990045 0.0466726 0.163884 -0.985375 0.0382865 0.19447 -0.980161 -0.0613494 -0.152303 -0.986428 0.0170051 -0.147507 -0.988915 0.0350185 -0.176845 -0.983616 0.0529536 -0.0529244 -0.997194 0.026655 0.00597834 -0.999627 0.121689 0.0600218 -0.990752 0.0326475 0.0249967 -0.999154 0.0318302 -0.0779715 -0.996447 -0.0704499 0.0198016 -0.997319 0.0524117 -0.130376 -0.990078 0.159553 -0.100445 -0.982066 0.0234845 -0.107699 -0.993906 0.240148 -0.0145248 -0.970628 -0.195828 -0.0687917 -0.978222 -0.0402219 0.0326006 -0.998659 -0.00795621 0.0291866 -0.999542 -0.0299558 0.00907544 -0.99951 0.070423 -0.000830466 -0.997517 0.0732378 0.0832549 -0.993833 -0.144338 -0.056421 -0.987919 -0.0366324 0.0350004 -0.998716 -0.149268 -0.038567 -0.988044 0.0474723 -0.0287475 -0.998459 0.0222138 0.0276464 -0.999371 -0.201672 0.0857768 -0.97569 -0.287323 -0.0560169 0.956194 0.212228 -0.110365 0.970968 0.0276178 -0.0705851 0.997123 0.107077 -0.186107 0.976677 0.0647733 -0.107913 0.992048 0.101007 -0.241846 0.965043 0.3944 -0.358274 0.84622 0.0335026 -0.170385 0.984808 0.447641 -0.168277 0.878237 0.176858 -0.337341 0.92462 0.295186 -0.191384 0.936076 0.157044 -0.1434 0.977125 0.238429 -0.227023 0.944252 0.52169 -0.282879 0.804872 0.565687 -0.450397 0.690754 0.465226 -0.339886 0.817339 0.113521 -0.360237 0.925928 0.216099 -0.33734 0.916244 0.506767 -0.337753 0.793164 0.324878 -0.374902 0.868276 0.00121115 -0.411643 0.911344 -0.11531 -0.23992 0.96392 0.106362 -0.219209 0.969863 -0.0472088 -0.338763 0.939687 0.0852188 -0.209008 0.974194 0.653884 -0.434625 0.619303 0.541685 -0.316945 0.778539 0.0877181 -0.327524 0.940762 0.0264616 -0.265588 0.963723 0.00834137 -0.431758 0.901951 0.27968 -0.344597 0.896121 0.477417 -0.478253 0.737121 0.660925 -0.368408 0.653799 -0.0276822 -0.506339 0.86189 0.0428565 -0.342159 0.938664 0.0312579 -0.427031 0.903697 0.118615 -0.55353 0.824339 0.518223 -0.442508 0.731868 0.338863 -0.734205 0.588315 0.131632 -0.275666 0.952198 0.164992 -0.384481 0.908269 0.375713 -0.388886 0.841194 0.316494 -0.154084 0.935997 0.14803 -0.290932 0.945222 0.284832 -0.799163 0.529347 0.165994 -0.390297 0.905602 0.0330027 -0.430245 0.902109 0.508061 -0.210308 0.835251 0.565562 -0.557604 0.607633 0.773916 -0.0909266 0.626727 0.10567 -0.410616 0.905664 0.0590265 -0.432173 0.899857 0.329793 -0.835631 0.43927 0.0898708 -0.364262 0.92695 0.180604 -0.343438 0.921646 0.53757 -0.405083 0.739545 0.569075 -0.49445 0.657019 0.341083 -0.138255 0.929811 0.994522 -0.092353 0.0489527 0.380735 -0.679034 0.627658 0.980881 0.184009 0.0633501 -0.0659852 -0.609818 0.78979 0.372941 -0.58759 0.71809 0.0992632 -0.430585 0.897075 0.361558 -0.837682 0.409347 0.204856 -0.251088 0.946038 0.157474 -0.230728 0.960191 0.583172 -0.34499 0.735454 0.894647 -0.388213 0.221129 0.382544 -0.85746 0.344125 0.0679221 -0.41389 0.907789 0.20656 -0.353297 0.912422 0.9338 -0.0679985 0.351274 0.654471 -0.505845 0.56195 0.345247 -0.41868 0.839947 0.210176 -0.256996 0.943281 0.224443 -0.304168 0.925801 0.288603 -0.321215 0.901958 0.000284684 -0.259582 0.965721 0.327335 -0.601714 0.728555 0.655932 -0.188743 0.730841 0.173383 -0.877289 0.447552 0.100408 -0.32188 0.941441 0.247339 -0.963763 0.0999193 0.0616587 -0.259684 0.963723 0.322993 -0.595992 0.735166 0.946144 -0.234012 0.223718 0.620048 -0.318554 0.716983 0.0428176 -0.258268 0.965124 0.171328 -0.361048 0.916674 0.162637 -0.250933 0.954244 0.737067 -0.32269 0.593805 0.426664 -0.72526 0.540329 0.886974 -0.313347 0.33925 0.691284 -0.357965 0.627685 0.233664 -0.959639 0.156507 0.156166 -0.506961 0.847704 0.477079 -0.498349 0.723909 0.974104 -0.0932724 0.205963 0.146161 -0.989017 0.0219658 0.394682 -0.377259 0.837796 0.202252 -0.439936 0.874957 0.170441 -0.728087 0.663958 0.835689 -0.415765 0.358836 0.9804 -0.0936186 0.173356 0.31015 -0.948892 0.0584046 0.192487 -0.568811 0.799627 0.115029 -0.639676 0.759988 0.558675 -0.49638 0.664447 0.362759 -0.838995 0.405578 0.82628 -0.335925 0.452124 -0.0432534 -0.968679 -0.24452 0.169497 -0.677536 0.715692 0.760296 -0.498584 0.416369 0.173126 -0.704407 0.688359 0.525916 -0.636439 0.564232 0.291107 -0.837457 0.462517 0.139896 -0.868323 0.475861 0.832613 -0.389445 0.393812 0.14945 -0.762363 0.629657 0.183922 -0.682805 0.707071 0.238417 -0.757557 0.607671 0.990509 -0.0509688 0.127651 0.029568 -0.986888 -0.158672 0.852124 -0.458266 0.252739 0.579261 -0.504432 0.640317 0.313574 -0.548231 0.775316 0.220056 -0.975471 0.0056686 0.845244 -0.452462 0.284325 0.206844 -0.896002 0.392933 0.188101 -0.981756 -0.0278085 0.956553 0.00472795 0.291522 0.880189 -0.0778997 0.468187 0.251295 -0.73937 0.624647 0.124808 -0.57945 0.805395 0.434111 -0.721286 0.539716 0.460452 -0.641081 0.614003 0.855454 -0.43156 0.286276 0.301743 -0.719864 0.625097 0.247187 -0.789472 0.561812 0.215212 -0.926635 0.30827 0.948822 -0.277055 0.151583 0.801081 -0.595011 0.065052 0.887235 -0.400925 -0.228195 0.267863 -0.804655 0.529886 0.073678 -0.965796 -0.248617 -0.020015 -0.935614 -0.352456 0.119915 -0.989252 0.0836771 0.182021 -0.979562 -0.0855923 0.145194 -0.988387 0.0448325 0.605543 -0.710257 0.35896 0.170995 -0.726725 0.665306 0.175974 -0.851323 0.494249 0.0374506 -0.983973 -0.174343 0.946743 -0.0252865 -0.320995 0.962725 -0.204227 -0.177346 0.190431 -0.64674 0.738555 0.909444 -0.409682 -0.0712189 0.0328592 -0.999334 0.0158875 0.0696329 -0.506111 0.859653 0.3234 -0.884028 0.337501 0.0934497 -0.983222 0.156657 0.00869334 -0.966289 -0.257312 0.945046 -0.325073 -0.0348568 0.888902 0.0474959 -0.455629 0.868479 0.124821 -0.479754 0.40803 -0.645907 0.645226 0.162779 -0.703523 0.691779 0.242561 -0.969937 0.0196618 0.891588 -0.452198 -0.0242579 0.852245 -0.470684 -0.228332 0.396924 -0.914758 -0.0752887 -0.0600473 -0.952018 -0.300094 -0.0483663 -0.920618 -0.387458 0.73925 -0.415858 -0.529689 0.759963 -0.571184 -0.31017 -0.0977582 -0.994279 0.0430466 -0.155962 -0.987369 0.0279099 0.0494229 -0.975378 -0.214932 0.89404 0.0890997 -0.439038 0.0942075 -0.958582 -0.268786 0.312653 -0.947994 -0.0596282 0.205696 -0.976623 -0.0624212 0.514117 -0.856464 0.046398 0.028546 -0.991927 -0.123556 0.565588 -0.726566 0.390143 0.949083 -0.292591 0.116758 0.323981 -0.927609 -0.185949 0.481134 -0.869014 0.115429 0.124204 -0.920201 0.371219 0.77965 -0.613212 -0.126953 0.118609 -0.965612 -0.231355 0.938161 -0.243271 -0.246321 0.819467 -0.504518 -0.271912 0.226799 -0.86992 -0.437951 0.026069 -0.98481 -0.171668 0.898147 -0.347636 -0.269224 0.741223 -0.612477 -0.2747 0.92761 -0.360495 -0.097893 -0.129431 -0.896158 -0.424439 -0.367072 -0.91286 0.178733 -0.374149 -0.927306 0.0107644 -0.0497102 -0.995794 0.0769608 0.711642 -0.0991752 -0.695507 0.121853 -0.962758 -0.241349 0.230941 -0.9238 -0.305386 0.125183 -0.987611 0.0946262 0.839796 -0.536734 -0.0816006 0.664881 -0.391543 -0.636103 0.666263 -0.520007 -0.534496 0.234577 -0.953087 -0.191306 0.111409 -0.923822 -0.366253 -0.113544 -0.970893 -0.21089 0.498024 -0.642078 0.582845 0.307449 -0.933088 0.186608 -0.187088 -0.907633 -0.375767 0.850005 -0.151663 -0.50447 0.850127 -0.260697 -0.457516 -0.125315 -0.939212 -0.319651 0.84922 -0.300377 -0.43428 0.760507 -0.640315 0.107824 0.526408 -0.834342 -0.163611 0.221754 -0.939424 -0.261357 0.0315429 -0.99826 -0.0498272 -0.099243 -0.990094 0.0993186 0.628195 -0.465735 -0.623267 0.338777 -0.783139 0.521462 0.20349 -0.978974 -0.0142064 0.90145 -0.269534 -0.338733 -0.371282 -0.822559 -0.430752 0.00881327 -0.964164 -0.26516 0.757091 -0.652443 0.0336337 0.236764 -0.808106 -0.539359 0.723373 -0.41866 -0.549049 0.634241 -0.526661 -0.56601 0.172819 -0.847643 -0.501632 0.0629058 -0.743648 0.665606 0.689463 -0.67157 0.271358 0.00592638 -0.965695 -0.259613 0.904504 -0.334123 -0.265016 0.557583 -0.56312 -0.609916 0.361172 -0.854507 0.373325 -0.346654 -0.93335 -0.0932103 0.167426 -0.960731 -0.22128 0.103762 -0.992028 0.0715084 0.915791 -0.365811 -0.165859 0.109263 -0.926082 0.361157 0.353321 -0.790545 -0.500203 0.840976 -0.146996 -0.520723 0.142058 -0.989818 -0.00888768 -0.16931 -0.937311 -0.304601 0.691692 -0.664393 0.283097 0.53267 -0.645794 -0.547003 0.283061 -0.95541 0.0840786 0.805074 -0.284377 -0.520562 0.947928 -0.114936 -0.297021 0.897849 -0.40165 0.180402 -0.1725 -0.958202 0.228239 0.489783 -0.814356 -0.311348 0.379936 -0.713028 -0.589271 0.177604 -0.953033 0.245325 0.790124 -0.408909 -0.456616 0.0669518 -0.97523 -0.210816 0.33468 -0.809753 -0.481964 0.988979 0.0051713 -0.147962 0.752176 -0.657085 0.0497068 0.173184 -0.981887 0.0768498 0.205338 -0.936109 0.285545 0.993002 0.0431729 -0.109928 0.502587 -0.640727 0.580409 0.45359 -0.594929 -0.663563 0.344692 -0.908887 -0.234761 0.821163 -0.512414 0.251242 0.0698181 -0.806798 0.586688 0.45343 -0.861106 -0.229995 0.258411 -0.931935 0.254404 0.0556056 -0.973827 0.220382 -0.19572 -0.874803 0.443186 0.211427 -0.825575 0.523187 -0.0110532 -0.780351 0.625244 0.8628 -0.427658 0.2696 0.710999 -0.588345 0.385137 0.58306 -0.359984 -0.728322 0.660605 -0.221859 -0.717203 0.93656 -0.348841 0.0341545 0.792682 -0.539631 -0.283645 0.376228 -0.652191 0.658103 0.410874 -0.812589 0.413377 0.947463 -0.0578198 -0.314597 0.23244 -0.878752 0.416853 0.287621 -0.739949 0.60807 0.643179 -0.184118 -0.743251 0.200296 -0.819846 0.536408 -0.0197334 -0.855878 0.516801 0.959993 -0.0802903 -0.268267 0.873146 -0.0303813 -0.486512 0.746931 -0.629877 -0.212952 0.252089 -0.941359 0.224264 0.18161 -0.821934 0.539854 0.904755 0.156074 -0.396307 0.404749 -0.862187 -0.30465 0.861538 -0.114379 -0.494641 0.457618 -0.874934 -0.158356 0.0930778 -0.990612 0.100123 0.018647 -0.992103 0.124035 0.890183 0.0764342 -0.449146 0.927619 -0.282486 -0.244388 0.24922 -0.85619 -0.452579 -0.0548408 -0.996714 0.0596119 0.440131 -0.85541 -0.273054 0.210789 -0.976404 0.0469351 0.192217 -0.96318 -0.18798 0.474098 -0.238667 -0.847507 0.679288 0.0309516 -0.733219 0.597699 -0.53641 -0.595836 0.522113 -0.120146 -0.844371 0.544566 -0.388504 -0.743312 0.774506 0.109009 -0.623103 0.146596 -0.518024 -0.84271 0.35201 -0.466608 -0.811398 0.233179 -0.930277 -0.283216 0.756454 -0.0201166 -0.653738 0.686045 -0.156424 -0.710545 -0.0490449 -0.945071 -0.323166 0.559807 -0.111577 -0.821076 0.632454 -0.0906682 -0.769273 0.0611856 -0.319257 -0.945691 0.0618375 -0.861421 -0.504112 -0.0268248 -0.901401 -0.432153 0.399587 -0.0947939 -0.911781 0.189603 -0.214566 -0.958129 0.358663 -0.140149 -0.922886 0.0214779 -0.100421 -0.994713 0.111614 -0.149812 -0.982394 0.279961 -0.717847 -0.63743 0.517058 -0.108652 -0.849026 0.0241402 -0.918411 -0.394891 0.110374 -0.960135 -0.256824 -0.0623436 -0.101982 -0.992831 0.0955016 -0.205917 -0.973898 0.239509 -0.11755 -0.963752 0.345324 -0.198817 -0.917182 0.236024 -0.475707 -0.847347 0.598561 -0.0549424 -0.799191 0.356284 -0.101646 -0.928833 0.401581 0.10244 -0.910076 0.613423 -0.0796193 -0.785731 0.0686319 -0.916085 -0.395067 0.197629 -0.454196 -0.868705 0.085998 -0.124464 -0.98849 0.125165 -0.12365 -0.9844 0.218479 -0.0664377 -0.973577 0.125111 -0.00516147 -0.992129 0.57653 -0.0267161 -0.816639 0.424913 -0.488476 -0.762129 0.273402 -0.00408026 -0.961891 0.295707 0.182224 -0.937738 0.330348 -0.0186085 -0.943676 0.431534 0.202083 -0.879171 0.250508 -0.354787 -0.900762 0.335461 0.0481198 -0.940824 0.464582 -0.0596855 -0.883516 -0.0335869 -0.187091 -0.981768 0.0783661 -0.21341 -0.973815 0.321736 0.0376063 -0.946082 0.156199 -0.859931 -0.485922 0.528012 0.102591 -0.843018 0.109134 -0.433296 -0.89462 0.0109171 -0.0457153 -0.998895 0.105647 0.155132 -0.982229 0.403858 -0.440787 -0.801627 0.37791 -0.472269 -0.796333 0.28188 -0.140491 -0.949108 0.328246 0.200547 -0.923058 0.0374296 -0.7448 -0.666238 -0.0238507 -0.169554 -0.985232 0.222877 -0.457794 -0.860668 0.125352 -0.591854 -0.796239 0.126816 -0.422307 -0.897538 0.123546 -0.584101 -0.802224 0.0378181 -0.566284 -0.823342 0.386296 0.124313 -0.913959 0.585788 0.137097 -0.798784 0.184708 -0.207974 -0.960536 0.0831527 -0.647822 -0.75724 0.107715 -0.288544 -0.951389 0.475669 -0.233492 -0.848068 0.160704 0.407914 -0.898766 0.197009 0.125551 -0.972329 0.245286 -0.209174 -0.946615 0.259724 -0.096757 -0.960823 0.536729 -0.367473 -0.75953 0.0353182 -0.573516 -0.818433 0.0450184 -0.624945 -0.77937 0.123349 0.420588 -0.898827 -0.180875 -0.10934 -0.977409 -0.163193 0.268973 -0.949221 0.388553 -0.0948588 -0.916531 0.310978 -0.173174 -0.934507 0.264906 -0.110129 -0.957965 0.313803 -0.232198 -0.920658 0.174438 -0.0694662 -0.982215 -0.266789 -0.0728842 -0.960995 -0.127109 0.0468478 -0.990782 -0.229944 0.0798231 -0.969925 0.022953 -0.00978149 -0.999689 0.306714 0.200489 -0.930446 -0.266852 0.00456699 -0.963727 0.190067 0.442419 -0.876436 0.0227956 0.217627 -0.975766 0.0582514 0.0902648 -0.994213 0.173084 0.188243 -0.966751 0.0256911 0.34482 -0.938317 -0.0964431 0.132164 -0.986525 0.491418 -0.152326 -0.857499 0.0897344 -0.0165218 -0.995829 0.433765 0.209182 -0.876408 -0.0580211 -0.133272 -0.98938 -0.0319381 0.087719 -0.995633 -0.125441 -0.00116067 -0.9921 0.0364228 0.0369537 -0.998653 -0.0186334 -0.238547 -0.970952 0.0801475 0.266656 -0.960454 0.286348 0.084721 -0.954373 -0.0840953 0.149319 -0.985206 -0.0105129 -0.257476 -0.966228 0.0376008 0.239494 -0.970169 0.260018 -0.0110177 -0.965541 0.0488981 0.0834001 -0.995316 -0.00258887 -0.334684 -0.942327 0.10278 -0.191535 -0.976089 -0.0315247 0.230058 -0.972666 -0.183707 0.0886756 -0.978973 0.11769 0.0211511 -0.992825 -0.136967 -0.0790131 -0.987419 -0.00698243 0.39813 -0.917303 -0.0430108 -0.0429863 -0.998149 0.123387 -0.0677789 -0.990041 -0.0115935 -0.0739791 -0.997192 0.00387576 0.0963206 -0.995343 -0.0147843 0.199852 -0.979715 -0.198457 0.124413 -0.972181 -0.161485 0.0585303 -0.985138 -0.0153495 -0.138158 -0.990291 0.000933058 -0.030721 -0.999528 0.126983 -0.108921 -0.985906 0.101401 -0.157941 -0.982228 -0.0398308 0.0269814 -0.998842 -0.248636 0.0619449 -0.966614 -0.186844 -0.179452 -0.96586 0.0409557 0.167303 -0.985055 0.165184 0.143533 -0.975763 -0.119217 -0.0851886 -0.989207 -0.0150618 0.00186106 -0.999885 0.0431499 0.189191 -0.980992 -0.146685 0.0383911 -0.988438 -0.0468249 -0.0153047 -0.998786 0.0961891 0.232481 -0.967833 -0.0728537 0.0226328 -0.997086 0.00414558 0.162127 -0.986761 0.0700065 0.238401 -0.96864 0.00125741 0.32035 -0.947298 0.0387539 0.234624 -0.971313 0.321768 -0.150605 -0.934764 0.00260497 0.358227 -0.933631 -0.0471069 -0.116471 -0.992076 0.00847106 0.0732777 -0.997276 0.0568959 0.148019 -0.987347 -0.139318 -0.0783914 -0.98714 0.181233 0.16705 -0.969149 -0.071757 -0.152917 -0.98563 -0.0862314 0.186145 -0.978731 0.228785 0.161501 -0.959987 0.0853014 -0.0100921 -0.996304 -0.0428491 0.197356 -0.979395 -0.0568473 0.0946416 -0.993887 -0.12721 -0.10162 -0.986656 -0.105257 -0.0987321 -0.989532 0.0870352 0.0481931 -0.995039 0.0456514 0.0173185 -0.998807 -0.106827 -0.00135684 -0.994277 0.0307757 -0.0473304 -0.998405 -0.167723 0.125705 -0.977787 -0.0133082 0.161047 -0.986857 -0.0415957 0.0230264 -0.998869 -0.17065 -0.137519 -0.975688 0.13608 -0.183558 -0.973544 -0.114843 0.0216852 -0.993147 0.0144728 -0.116103 -0.993132 -0.138569 0.14163 -0.980173 -0.0467464 -0.187228 -0.981204 0.0395273 -0.169554 -0.984728 -0.0490317 0.0128095 -0.998715 0.0490426 -0.084204 -0.995241 -0.240684 -0.294635 -0.924803 0.107148 -0.14128 -0.984154 -0.104493 0.420091 -0.901446 0.0154926 0.0553028 -0.998349 -0.096221 0.305146 -0.947432 0.061025 0.0232271 -0.997866 0.0441364 0.0280908 -0.998631 0.10156 0.113177 -0.988371 -0.0368576 0.303584 -0.952091 -0.117203 0.0105596 -0.993052 0.0601976 0.198646 -0.978221 0.097291 -0.0237301 -0.994973 -0.0994093 0.117601 -0.988073 0.0333518 -0.0354334 -0.998815 -0.0604089 -0.0268401 -0.997813 -0.14047 0.237354 -0.961213 0.0999419 0.250055 -0.96306 0.113696 0.0511022 -0.9922 0.23954 -0.0533901 -0.969417 0.13797 0.0711246 -0.987879 0.117122 -0.0264671 -0.992765 -0.0517965 -0.0354434 -0.998029 -0.0573906 0.0756629 -0.995481 -0.0165222 0.119648 -0.992679 -0.179979 0.138279 -0.973903 0.0669055 -0.0700409 -0.995298 -0.229632 0.00269629 -0.973274 -0.107126 0.047903 -0.993091 -0.0937223 0.16591 -0.981677 -0.0770737 0.183135 -0.980062 -0.0291597 0.229357 -0.972905 -0.101733 -0.0378748 -0.994091 -0.208787 0.0527385 -0.976538 -0.165835 0.0764061 -0.983189 -0.029381 0.0540668 -0.998105 0.114439 -0.0797253 -0.990226 -0.214247 0.284494 -0.934431 -0.165304 0.355607 -0.919901 -0.0330272 0.0415228 -0.998592 0.0912083 0.21518 -0.972306 0.158604 -0.217012 -0.963198 -0.138798 -0.161855 -0.977005 -0.0734433 0.0668649 -0.995055 0.0327171 0.132804 -0.990602 0.06395 0.0366886 -0.997279 -0.120074 0.0701655 -0.990282 -0.0798051 0.00668657 -0.996788 0.0307062 -0.267347 -0.963111 -0.13976 -0.15448 -0.978061 0.0130074 -0.0156348 -0.999793 -0.08964 0.205441 -0.974556 -0.124098 0.0537967 -0.990811 0.151873 0.12203 -0.980838 0.0587646 0.0325354 -0.997742 0.161467 0.377668 -0.911754 -0.216695 -0.00386654 -0.976232 -0.0153885 0.195987 -0.980486 0.0430522 0.303506 -0.951856 -0.0493811 0.207663 -0.976953 0.056922 -0.071899 -0.995786 0.171493 -0.0147031 -0.985076 -0.0475601 -0.0150877 -0.998754 -0.136603 0.0639595 -0.988559 -0.207724 0.136704 -0.968588 -0.177264 0.205728 -0.962421 -0.0664352 -0.0536829 -0.996346 -0.141743 -0.179248 -0.97354 0.0707824 -0.119181 -0.990346 -0.106545 0.0154346 -0.994188 0.0019229 0.108525 -0.994092 0.0447975 0.0582604 -0.997296 -0.288761 -0.0791836 -0.954121 -0.1549 -0.0756304 -0.985031 -0.153923 0.107056 -0.982266 0.0387225 0.105176 -0.993699 0.0609218 -0.0428626 -0.997222 -0.0273527 0.122773 -0.992058 -0.0327078 0.10094 -0.994355 0.0804564 -0.269144 -0.959734 0.109433 0.164355 -0.980312 0.0305616 -0.211675 -0.976862 0.061491 -0.223227 -0.972825 -0.00549847 -0.0474132 -0.99886 0.0900626 0.0108376 -0.995877 -0.215686 -0.109896 -0.970259 0.0376085 0.044582 -0.998298 0.0790905 0.0954733 -0.992285 0.0171954 0.0776481 -0.996833 -0.0688242 0.0319839 -0.997116 -0.0689852 -0.031956 -0.997106 -0.0128342 -0.0460211 -0.998858 -0.581145 0.461959 0.669973 -0.858023 0.448061 0.251074 -0.991356 0.091139 -0.0943767 0.190622 -0.412383 0.890844 0.429995 -0.761931 0.484319 -0.601183 -0.0663333 0.796353 -0.187019 -0.535471 0.823587 0.379546 -0.607963 0.697371 -0.815881 0.31968 0.481811 0.11315 -0.848607 0.516782 -0.947924 0.30741 0.0833029 -0.761303 0.222921 0.608871 -0.817574 0.387541 0.425892 -0.671706 -0.00598815 0.740794 -0.469623 -0.482779 0.739174 -0.747391 0.138128 0.649867 -0.782585 -0.0992689 0.614579 -0.625415 0.252109 0.738442 0.244687 -0.420682 0.873588 -0.754299 0.422396 0.502608 -0.58893 -0.0287725 0.807671 0.537207 -0.460163 0.706865 -0.795165 0.15924 0.585112 -0.671835 0.525672 0.52183 0.0291814 -0.828151 0.559745 -0.189048 -0.397368 0.897975 0.2406 -0.523806 0.817153 -0.614952 0.308677 0.72564 -0.0404981 -0.808438 0.587186 -0.830927 0.125563 0.542028 -0.609567 0.00946684 0.792678 0.364541 -0.586254 0.723475 0.511563 -0.469321 0.719751 -0.680959 0.165712 0.713327 -0.676129 0.546285 0.494391 -0.761808 0.313363 0.566967 -0.786449 0.335295 0.518724 -0.624317 0.272098 0.732251 0.127584 -0.561694 0.817448 -0.486952 0.372292 0.790112 -0.566679 0.29799 0.768165 -0.55537 -0.00113336 0.831602 -0.571252 0.0594349 0.81862 -0.592026 -0.0235866 0.805573 -0.589287 -0.233814 0.773351 -0.295746 -0.0909003 0.950932 0.42643 -0.53782 0.72726 0.552808 -0.300691 0.777167 -0.00425722 -0.2517 0.967796 0.111296 -0.152668 0.981991 -0.322683 0.0553771 0.944886 -0.609844 0.337232 0.717192 -0.208799 0.146718 0.96689 0.399743 -0.275812 0.874147 -0.566924 0.00814988 0.82373 -0.722962 -0.0198681 0.690602 -0.739362 0.0832483 0.668142 0.0973142 -0.0626286 0.993281 -0.598781 0.289886 0.746611 -0.637541 0.0199852 0.770157 -0.487913 -0.207402 0.847895 -0.639183 0.242459 0.729835 0.239547 -0.0444369 0.969867 0.718488 0.499239 0.484288 -0.929393 -0.184303 0.319783 -0.437048 0.102473 0.893582 -0.59065 0.00298543 0.806923 -0.132383 -0.570615 0.810477 -0.108118 -0.321415 0.940746 -0.570751 -0.319877 0.756255 -0.599447 0.420221 0.681232 -0.502773 0.34356 0.793212 -0.754874 0.249731 0.606465 -0.435621 0.455261 0.776513 -0.704728 0.301206 0.642365 -0.76984 -0.0643876 0.634981 -0.525613 0.426194 0.736268 -0.275535 -0.367453 0.88829 0.571089 0.0255639 0.82049 -0.0207012 -0.749356 0.661844 -0.695459 0.0777274 0.714349 -0.860768 0.259828 0.437685 -0.597982 -0.177466 0.781615 0.580988 0.613368 0.535007 0.0640056 -0.513296 0.855822 -0.593547 0.309233 0.743019 -0.947322 -0.0635487 0.313914 -0.320262 -0.670344 0.669381 -0.498508 0.499146 0.708761 -0.469584 -0.765907 0.439179 -0.696633 -0.0521238 0.715532 -0.69125 -0.246265 0.679358 0.194808 -0.77287 0.603922 0.37406 -0.402211 0.835647 -0.231029 -0.731616 0.641377 -0.648305 -0.297292 0.70094 -0.722139 0.0398843 0.690597 -0.573772 0.256364 0.777858 0.815206 0.0166504 0.578931 -0.822871 0.195213 0.533643 -0.428109 0.214207 0.877974 -0.405891 0.196065 0.892642 0.521908 -0.0481359 0.851642 0.577133 0.312779 0.754379 0.0581201 0.361246 0.930657 -0.0567822 -0.0415367 0.997522 -0.726763 -0.115047 0.677185 -0.302023 -0.0447185 0.952251 -0.794098 0.0791949 0.602608 -0.984519 -0.0504964 0.167847 -0.361573 0.300586 0.882561 -0.757025 -0.0770921 0.648821 -0.44322 0.267949 0.855429 -0.746337 0.219594 0.628298 -0.189962 0.0418627 0.980899 -0.363146 -0.658409 0.659259 -0.75008 0.10419 0.653089 -0.929208 0.0198398 0.369025 -0.401494 0.208541 0.891804 0.253147 0.427136 0.868027 -0.717612 0.319776 0.61869 -0.937734 0.068385 0.340555 -0.885834 -0.188961 0.423784 -0.440402 -0.219808 0.870477 -0.83262 -0.0312659 0.552962 0.44799 0.15723 0.880104 -0.651065 0.336686 0.680263 -0.978519 0.0781039 0.190791 -0.904105 -0.0968642 0.416186 -0.734881 -0.15419 0.660436 -0.513338 0.294926 0.805918 -0.218977 0.128696 0.967206 -0.923082 0.10803 0.369119 -0.627584 0.50549 0.59213 -0.222029 -0.725057 0.651916 -0.856786 0.457716 0.237514 -0.558569 0.0286826 0.828962 -0.951095 -0.0680541 0.30131 -0.963021 -0.246549 0.10865 -0.252874 0.0204745 0.967283 -0.939549 -0.0485947 0.338949 -0.517602 -0.263134 0.814155 -0.242208 0.888442 0.389879 -0.901543 0.194932 0.386292 -0.944459 0.323716 0.05661 -0.228906 0.25044 0.940682 -0.872051 -0.000114704 0.489415 -0.659933 0.618691 0.426275 -0.997392 -0.0719088 -0.00624643 -0.773236 -0.0946412 0.627016 -0.761794 -0.201852 0.615569 -0.48599 0.0696916 0.871181 -0.63759 0.72957 0.2474 -0.936475 0.217101 -0.275467 -0.624673 0.682898 0.378728 -0.805875 0.355834 0.473231 -0.96434 0.0882414 0.249524 -0.89178 0.328912 0.310717 -0.886384 0.314611 0.339622 -0.932159 0.0678343 0.355639 -0.99928 0.0168767 -0.033969 -0.947914 -0.111083 -0.298531 -0.771057 -0.0547219 0.634411 -0.600165 0.752229 0.271942 -0.802964 0.592588 -0.0639329 -0.578279 0.223178 0.784719 -0.747763 0.192301 0.635509 -0.7189 -0.391809 0.574168 -0.730312 -0.28364 0.621444 -0.754936 -0.10288 0.647679 -0.996071 -0.0383986 0.0798008 -0.964733 0.0229478 0.262229 -0.986472 0.0256849 0.161906 -0.82802 -0.161948 0.536802 -0.959897 0.0260774 0.279136 -0.97239 -0.224856 -0.0624325 -0.555286 -0.70731 0.437458 -0.640473 0.695625 0.325423 -0.810367 0.117848 0.573949 -0.974267 -0.0222913 0.224294 -0.983131 -0.178207 -0.0411876 -0.817932 -0.252858 -0.516769 -0.682331 -0.0888317 0.725626 -0.760091 -0.316723 0.567405 -0.946822 0.315335 0.0639726 -0.796775 -0.0953975 0.596699 -0.384652 0.655072 -0.650326 0.161166 0.95339 0.255095 -0.782978 0.0459089 0.620353 -0.767204 -0.28838 -0.572918 -0.770317 -0.501938 0.39328 -0.912956 0.403544 0.0605244 -0.682793 0.468901 0.56029 -0.985898 0.108142 0.12771 -0.91095 0.405625 -0.0750852 -0.987274 0.0226037 -0.157415 -0.817922 -0.0150144 0.575133 -0.837561 -0.298028 -0.457898 -0.724419 0.668986 0.166359 -0.917073 -0.394015 -0.0610752 -0.79803 -0.272597 0.537437 -0.970424 0.23608 -0.0504417 -0.989783 -0.132194 -0.0534186 -0.767581 -0.445577 0.460739 -0.977512 -0.0283883 -0.208959 -0.177869 -0.804511 0.566679 -0.758189 -0.225872 0.611663 -0.929893 -0.184795 -0.318041 -0.179282 0.786078 -0.591557 -0.334228 0.791111 0.512284 -0.965111 0.0742276 -0.2511 -0.838595 0.276878 0.469145 -0.91813 0.0692223 0.390187 -0.96916 -0.0419692 0.242832 0.230218 0.968587 -0.0940144 -0.877526 0.474718 -0.0677535 -0.996918 -0.00549938 -0.0782599 -0.855139 -0.29926 0.423298 -0.985289 0.157137 0.0671758 -0.881753 0.115012 0.457476 -0.998943 0.0454071 -0.00720062 0.406558 0.890013 0.206366 -0.989436 0.134931 -0.0530183 -0.984789 -0.154975 -0.0785658 -0.66785 -0.60117 0.438829 -0.792585 0.540292 0.282654 -0.575219 -0.762586 0.295948 -0.987956 0.152632 0.025431 -0.943102 0.0356673 0.330584 -0.938396 0.207233 0.276528 -0.754514 -0.46134 -0.46677 -0.294858 0.689937 -0.661094 -0.927086 -0.2613 -0.268765 -0.895248 0.368523 0.250442 -0.962481 0.263999 0.0627253 -0.681654 -0.537043 0.496924 -0.914105 -0.0360741 0.403871 -0.870376 -0.339351 -0.356772 -0.659806 0.282347 -0.696373 -0.117073 -0.798074 -0.591077 -0.939696 0.0835469 -0.331651 0.612047 0.78512 -0.0947903 -0.955026 -0.138246 0.262323 -0.394225 -0.710768 -0.582576 -0.685971 -0.532955 0.495382 -0.733349 0.671251 -0.107803 -0.120605 0.992077 0.0351881 -0.768298 0.616433 -0.172418 -0.957412 0.234409 0.168564 -0.978211 -0.104751 -0.179247 -0.80677 -0.144671 0.572882 -0.859416 -0.422379 -0.288099 -0.915058 -0.279951 -0.290338 -0.961141 0.118581 0.249293 -0.904663 0.414035 0.100796 -0.849181 0.292546 -0.439668 -0.955562 0.285927 0.0717414 -0.890446 -0.190674 0.413218 -0.664211 -0.638677 -0.388479 -0.947385 0.136739 -0.289419 -0.911998 -0.0386288 -0.408371 -0.964617 0.0119412 -0.263384 -0.946558 0.162183 0.278792 -0.852055 -0.0810322 -0.517142 -0.99364 -0.0292321 0.108738 -0.859366 -0.511305 0.00758003 -0.816748 -0.575388 -0.0430311 0.325563 0.94151 0.0869946 -0.93495 0.209941 -0.285995 -0.987737 0.131718 -0.0838228 -0.989066 0.0886821 -0.11783 -0.949152 -0.312887 0.0348284 -0.990876 0.0146736 -0.133976 -0.662103 -0.589297 0.462977 -0.570435 -0.817247 -0.0819171 -0.995357 0.0962051 -0.00288957 -0.975208 -0.0191966 0.220455 -0.857651 0.400308 0.322784 -0.988356 0.151833 0.00990513 -0.947745 -0.234995 -0.215769 -0.764904 -0.537006 -0.355733 -0.580073 -0.7929 -0.186614 -0.554136 -0.807626 -0.201679 0.310429 0.915501 -0.255913 -0.959969 0.21654 -0.177678 -0.972969 0.129065 0.191506 -0.994734 0.0533257 -0.0875288 -0.940448 0.0031079 -0.339925 0.720679 0.677746 -0.145881 -0.55684 -0.829515 -0.0428333 -0.935099 -0.348511 -0.0642663 -0.871164 -0.16654 -0.461886 -0.649907 -0.616009 -0.445145 -0.430321 0.873244 -0.228622 -0.0951259 0.915481 -0.390956 -0.949098 -0.184513 0.25528 -0.944503 0.321335 0.0682503 -0.957589 -0.0496414 0.283828 -0.923378 -0.209225 -0.321866 -0.49338 -0.869412 -0.0264333 -0.876767 -0.480849 0.00804699 -0.999236 -0.0189476 -0.034187 -0.934375 -0.0677174 -0.349796 -0.971618 -0.0143571 0.23612 -0.959303 0.280029 0.0363406 -0.907951 -0.41529 -0.0562133 -0.971195 0.00370654 -0.238259 -0.654775 -0.741697 -0.145446 -0.9772 0.0759241 -0.198281 -0.997713 -0.0665734 -0.0116556 -0.969644 0.224106 -0.0978134 -0.992037 0.0536235 -0.113959 -0.792055 -0.561758 -0.238906 -0.750275 -0.638576 -0.171198 -0.0903802 0.989129 -0.115995 0.381658 0.876215 -0.294253 -0.983775 -0.0665147 -0.166621 -0.979788 0.192748 0.0535096 -0.995309 0.00646734 -0.096528 -0.995743 0.0829483 0.0402007 -0.614305 -0.388438 -0.686837 -0.923793 0.365685 -0.113494 -0.976308 -0.194198 -0.0954432 -0.98954 0.137337 -0.044145 0.749251 0.630605 -0.202389 -0.972392 0.105803 -0.207991 -0.933003 -0.00305561 -0.359855 -0.990984 -0.0139748 -0.133253 -0.797035 -0.481003 -0.365201 -0.929224 -0.0148332 -0.369219 -0.899545 0.0958529 -0.426182 -0.972146 0.0284583 -0.232642 -0.921849 0.133258 -0.363919 -0.854014 0.403481 -0.328427 -0.98268 0.0144403 -0.184745 -0.7386 -0.311058 -0.598091 -0.489697 -0.41973 -0.764214 -0.819159 -0.35195 -0.452889 -0.636397 -0.741886 -0.211196 -0.188166 0.858115 -0.477737 -0.794543 0.194165 -0.575327 -0.513641 -0.817678 -0.259954 -0.926148 0.0662249 -0.3713 -0.357848 0.0541159 -0.93221 -0.956567 -0.126698 -0.262541 -0.857647 -0.513228 -0.0322147 -0.851774 -0.23381 -0.468844 -0.689853 -0.607506 -0.39375 -0.945931 -0.146101 -0.2896 -0.875666 0.193834 -0.44231 -0.992539 0.120874 -0.0160244 -0.999728 -0.00262776 -0.0231763 -0.744844 -0.619146 -0.248728 -0.726601 0.427759 -0.537656 0.288462 0.708698 -0.643845 0.0403782 0.926933 -0.373048 -0.943693 -0.047229 -0.327435 -0.889314 0.0750992 -0.451088 -0.931477 -0.252932 -0.261487 -0.892733 -0.293109 -0.34222 -0.87846 -0.427798 -0.21283 -0.82133 -0.541797 -0.178528 -0.887915 -0.245521 -0.389007 -0.652026 0.459823 -0.602848 -0.308725 -0.88662 -0.344374 -0.893012 0.0384892 -0.448383 -0.216522 0.856962 -0.467691 -0.70201 -0.20132 -0.68312 -0.761485 0.147049 -0.631282 -0.742119 -0.0585887 -0.667702 0.653214 0.256898 -0.71226 0.00179902 -0.655438 -0.755247 -0.775248 0.250638 -0.579803 0.609481 0.497564 -0.617222 -0.847408 -0.291894 -0.443506 -0.582036 -0.358118 -0.730058 -0.379972 0.0125829 -0.924913 0.0777136 -0.772885 -0.629769 -0.652149 -0.0103789 -0.758019 -0.707449 0.158994 -0.688649 -0.273192 -0.827284 -0.490885 -0.737898 0.116321 -0.664812 0.22563 0.851535 -0.473264 -0.6514 -0.401549 -0.643767 -0.473664 -0.47474 -0.741798 -0.908763 -0.185451 -0.373843 -0.0924945 0.912495 -0.398493 0.429565 0.542658 -0.7218 0.294478 0.866982 -0.402026 -0.984393 -0.120833 -0.127943 -0.736727 -0.260973 -0.6238 -0.29971 -0.54803 -0.780921 -0.595169 -0.0254398 -0.803198 -0.719018 -0.315963 -0.619015 -0.602405 -0.753133 -0.264384 -0.440652 0.298178 -0.846709 0.177839 -0.393006 -0.902175 -0.41249 0.031241 -0.910426 0.0436626 -0.293356 -0.955006 -0.799695 0.193557 -0.568351 -0.686746 -0.625042 -0.371083 -0.89378 0.340141 -0.292339 -0.463933 -0.0943562 -0.880831 -0.714479 0.0900418 -0.693839 -0.543742 -0.00474804 -0.839239 -0.47003 -0.417949 -0.777426 0.484299 -0.624851 -0.612385 -0.881647 0.0381258 -0.470367 0.539879 0.0570625 -0.839806 -0.418002 0.0354492 -0.907754 -0.656374 -0.315803 -0.685159 -0.896563 0.0665526 -0.437888 -0.146502 -0.095532 -0.984587 -0.135467 0.786715 -0.602269 -0.933713 -0.0116494 -0.357832 -0.123339 0.150753 -0.980847 0.475882 -0.265258 -0.838555 -0.117178 0.468572 -0.875619 -0.572435 0.626199 -0.529332 -0.731859 0.117382 -0.671271 -0.895728 0.0550181 -0.441185 -0.636146 -0.301218 -0.710342 0.228747 -0.172174 -0.958139 -0.255368 0.494181 -0.831007 -0.421804 0.135554 -0.896497 0.0910515 0.70962 -0.698677 -0.132628 -0.101272 -0.985979 -0.336346 -0.186283 -0.92313 -0.502292 -0.183812 -0.844935 -0.571483 0.12172 -0.811537 -0.631887 0.724471 -0.275427 0.20615 0.0690788 -0.976079 -0.675045 -0.157928 -0.720676 -0.142697 0.0354493 -0.989131 -0.490896 -0.00340841 -0.871211 -0.521372 0.149173 -0.84019 0.435712 -0.24255 -0.86679 -0.712169 0.071722 -0.698335 -0.0747614 -0.0626873 -0.995229 -0.00294071 0.163161 -0.986595 -0.0399967 0.101179 -0.994064 0.00593861 -0.006403 -0.999962 0.176545 -0.211885 -0.961216 0.149822 -0.0382715 -0.987972 -0.0748075 0.0717813 -0.994611 -0.744163 -0.234133 -0.625622 -0.296032 -0.753424 -0.587127 -0.709483 0.0648406 -0.701734 -0.400508 -0.12437 -0.907813 -0.961461 0.24929 -0.115962 -0.489835 -0.242012 -0.837551 -0.700761 0.0282375 -0.712837 -0.773151 0.169323 -0.611201 -0.0366924 0.00424037 -0.999318 0.0763351 0.0686234 -0.994718 0.0111884 -0.0213284 -0.99971 0.0466889 -0.0382561 -0.998177 -0.053295 0.00789264 -0.998548 -0.0622262 -0.06205 -0.996131 0.0396988 -0.0841013 -0.995666 -0.029708 0.0247555 -0.999252 0.0300639 -0.0878504 -0.99568 -0.705344 0.15406 -0.691921 -0.0121188 -0.123527 -0.992267 0.00930965 -0.146252 -0.989204 -0.530902 -0.0556801 -0.845602 -0.538315 0.0526796 -0.841096 -0.0343748 -0.126301 -0.991396 0.0303401 -0.0325742 -0.999009 -0.828514 0.270744 -0.490165 0.0356818 -0.186695 -0.98177 -0.66159 -0.0869736 -0.744805 -0.504639 0.0809314 -0.859529 -0.37013 -0.284744 -0.884265 -0.263174 -0.2622 -0.928434 -0.148266 0.35869 -0.921606 -0.556909 -0.195374 -0.807268 -0.541453 0.511382 -0.667321 -0.691978 -0.0394908 -0.720838 -0.637167 -0.317546 -0.70227 -0.357629 -0.215725 -0.908606 -0.107505 0.232466 -0.966645 -0.222197 -0.235212 -0.946205 -0.133431 0.171839 -0.976047 0.050262 0.233685 -0.971012 0.0968629 -0.24792 -0.963926 -0.114664 -0.216979 -0.969419 -0.269695 0.0821104 -0.959439 0.0222881 -0.0585024 -0.998038 -0.267197 0.025774 -0.963297 -0.260427 0.00662877 -0.965471 -0.0158221 -0.0456567 -0.998832 0.1171 -0.113939 -0.986562 0.0599441 0.0349577 -0.997589 -0.419219 -0.279334 -0.863845 -0.109062 -0.0260339 -0.993694 0.140171 0.0269036 -0.989762 -0.165158 0.00874815 -0.986228 0.145305 -0.125021 -0.981456 0.099081 -0.0855742 -0.991393 -0.0273572 -0.27974 -0.959686 -0.00270356 0.127596 -0.991823 -0.115887 -0.00824553 -0.993228 -0.0129246 -0.111396 -0.993692 -0.188054 -0.0042129 -0.98215 -0.287978 -0.0861779 -0.953752 -0.339484 -0.0194244 -0.940411 -0.258067 0.0900215 -0.961924 -0.198189 0.0763552 -0.977185 0.0951813 -0.133142 -0.986516 0.203907 -0.0909782 -0.974754 -0.131689 -0.0722216 -0.988657 0.0530838 -0.502047 -0.86321 -0.238543 0.263709 -0.934642 -0.378851 0.164701 -0.910684 0.127863 0.379076 -0.916489 0.0921856 0.0918443 -0.991497 -0.157665 -0.126645 -0.979338 -0.201491 -0.156927 -0.966838 -0.136484 -0.0678809 -0.988314 -0.099095 -0.00783486 -0.995047 0.0723853 0.39715 -0.914895 0.116459 -0.0477829 -0.992045 -0.0966865 -0.05172 -0.99397 -0.259351 0.0203126 -0.965569 -0.0987232 0.146903 -0.984212 -0.0701259 0.116698 -0.990689 -0.137746 -0.209466 -0.968065 -0.517232 0.0119053 -0.855762 -0.156099 0.0232008 -0.987469 -0.282737 0.0379528 -0.958446 -0.260816 0.14594 -0.954294 -0.0785747 0.161859 -0.983681 -0.48292 0.31734 -0.81614 -0.0261021 0.123606 -0.991988 0.0776605 0.092946 -0.992638 -0.318574 0.123048 -0.939877 0.0211614 -0.401487 -0.91562 -0.08789 -0.0215135 -0.995898 0.0230497 -0.351881 -0.935761 -0.191498 0.188441 -0.963233 -0.205739 -0.0441712 -0.97761 0.000558035 0.115903 -0.99326 0.0732106 -0.139419 -0.987523 0.0996126 -0.146632 -0.984163 -0.0123107 -0.131016 -0.991304 -0.0465053 -0.132835 -0.990047 -0.320569 0.181502 -0.929673 0.0124962 -0.0155756 -0.999801 -0.105534 -0.0633687 -0.992395 -0.259383 0.260597 -0.929952 -0.0337964 0.252 -0.967137 -0.0496665 0.0210161 -0.998545 -0.195291 0.121511 -0.973189 -0.0303347 -0.0943768 -0.995074 0.0605188 0.216808 -0.974337 0.0612152 -0.511787 -0.856929 -0.00816897 -0.0193356 -0.99978 -0.058877 0.109115 -0.992284 0.134204 0.0152089 -0.990837 -0.155069 0.130304 -0.979272 -0.14653 0.110597 -0.983004 -0.00567489 0.0871379 -0.99618 -0.221086 0.218301 -0.950508 0.120068 0.0407686 -0.991928 -0.15615 -0.0185613 -0.987559 -0.267429 0.0207955 -0.963353 -0.0434667 -0.0677917 -0.996752 0.14896 0.00906259 -0.988802 -0.244141 0.159502 -0.956533 -0.00145663 0.0337332 -0.99943 -0.128685 0.168074 -0.977339 0.105472 -0.0649463 -0.992299 -0.265001 0.0728389 -0.961493 -0.219504 -0.092523 -0.971215 -0.0917848 -0.43005 -0.898127 -0.072557 0.224851 -0.971688 0.0355806 0.0204749 -0.999157 -0.0573764 -0.228108 -0.971944 -0.0870098 0.37287 -0.923795 -0.0499747 0.151911 -0.98713 -0.107046 -0.176275 -0.978503 -0.00683419 -0.0105602 -0.999921 -0.0495618 0.0266344 -0.998416 -0.0390637 -0.0227839 -0.998977 -0.0632538 0.136242 -0.988654 0.00130107 -0.013798 -0.999904 -0.148374 0.304486 -0.94089 0.0253627 -0.288113 -0.957261 0.0493204 0.0597515 -0.996994 -0.155941 0.0919167 -0.983481 -0.000808814 -0.0882676 -0.996096 0.0830019 -0.251722 -0.964234 -0.209077 0.235739 -0.94906 -0.0742729 0.268561 -0.960395 -0.00497396 -0.0939771 -0.995562 -0.144144 0.196057 -0.96994 -0.236796 -0.140138 -0.9614 -0.219534 0.0405324 -0.974762 -0.0665727 -0.0976576 -0.992991 -0.0587545 -0.183754 -0.981215 -0.192248 -0.170842 -0.966361 -0.0118371 0.160736 -0.986926 -0.0139884 -0.294838 -0.955445 -0.0525567 0.110865 -0.992445 0.0932417 0.0437129 -0.994683 0.0184276 0.116479 -0.993022 -0.139365 -0.0661633 -0.988028 -0.232816 0.134733 -0.963143 -0.0754402 -0.0827275 -0.993713 -0.0742157 -0.00849719 -0.997206 -0.157329 0.11259 -0.981107 -0.00129767 -0.067573 -0.997714 -0.0415016 -0.437393 -0.898313 -0.0824389 0.210398 -0.974134 -0.0943568 0.100799 -0.990422 -0.10265 0.137922 -0.985109 -0.276771 -0.0370263 -0.960222 -0.010051 0.1934 -0.981069 0.0204182 -0.00318509 -0.999786 0.0117903 0.0250798 -0.999616 -0.119345 0.0873274 -0.989005 -0.104305 -0.0932193 -0.990167 -0.189697 0.0142909 -0.981739 0.0940767 -0.14209 -0.985373 0.0240058 0.0243873 -0.999414 -0.0944467 -0.0935683 -0.991123 -0.105368 0.206381 -0.972782 -0.00564174 0.219472 -0.975603 -0.0340456 -0.0301332 -0.998966 -0.149008 0.201166 -0.968157 -0.0214385 0.0322175 -0.999251 -0.00322582 0.137948 -0.990434 0.122846 0.0587813 -0.990683 0.0977925 0.0875944 -0.991344 0.0492475 0.180242 -0.982389 -0.0343118 -0.160006 -0.986519 0.0142904 0.149754 -0.98862 0.0510095 -0.103279 -0.993344 -0.0138114 -0.0341962 -0.99932 -0.0475166 0.194529 -0.979745 0.100046 -0.352157 -0.930579 -0.0823331 -0.146089 -0.985839 0.00861567 -0.0184949 -0.999792 -0.0301909 -0.131509 -0.990855 -0.00755696 -0.0391679 -0.999204 -0.0395292 -0.0311418 -0.998733 -0.148484 0.138953 -0.979104 -0.0201905 -0.0412133 -0.998946 -0.0249566 -0.0772888 -0.996696 -0.0893384 -0.114642 -0.989381 -0.0826327 -0.0155832 -0.996458 -0.172739 -0.0139827 -0.984868 -0.11901 0.246123 -0.961904 -0.064376 0.0371229 -0.997235 -0.163758 0.0299293 -0.986046 -0.0136094 0.11739 -0.992993 -0.140451 0.0917701 -0.985825 0.0221061 0.144305 -0.989286 -0.0627518 0.00578103 -0.998012 -0.0553365 0.169733 -0.983935 -0.217974 -0.0120811 -0.97588 0.00399683 -0.147119 -0.989111 0.0164998 -0.00768192 -0.999834 0.0651178 -0.00562197 -0.997862 -0.0699505 0.102152 -0.992306 -0.145724 -0.0627958 -0.98733 -0.184196 0.0562021 -0.981281 -0.0647885 0.103156 -0.992553 -0.0481498 0.169498 -0.984354 0.0489252 0.0292958 -0.998373 -0.14173 0.117617 -0.982893 0.0723113 0.171833 -0.982469 0.180215 0.324288 -0.928633 -0.197432 -0.0168317 -0.980172 0.104369 -0.117877 -0.987528 -0.118579 0.216775 -0.968993 -0.202008 -0.157931 -0.966566 0.0584218 -0.0564956 -0.996692 -0.0100433 0.126771 -0.991881 -0.0388827 0.000863996 -0.999243 -0.206823 0.0691282 -0.975933 -0.114859 -0.11353 -0.986873 0.115434 -0.210292 -0.9708 0.0311224 0.0720063 -0.996918 -0.131159 0.0372014 -0.990663 -0.0440938 -0.00540676 -0.999013 -0.225116 -0.0292619 -0.973892 0.0658099 0.149865 -0.986514 0.0270675 0.0251932 -0.999316 0.0319142 0.148876 -0.988341 -0.0458317 0.0425953 -0.998041 -0.0244884 0.122196 -0.992204 -0.098153 -0.106357 -0.989472 -0.0171861 0.0799253 -0.996653 -0.129767 0.0905856 -0.987398 -0.280846 -0.193328 -0.94008 0.0303428 0.155821 -0.987319 -0.0998269 0.334937 -0.936937 -0.105756 0.0206643 -0.994177 -0.0222662 0.118485 -0.992706 0.0418404 -0.00252121 -0.999121 -0.0117532 -0.0569584 -0.998307 0.0752022 0.0516015 -0.995832 -0.122358 0.14505 -0.981829 0.0840666 -0.0489401 -0.995258 0.00731755 -0.084208 -0.996421 0.0276928 -0.0523584 -0.998244 -0.050225 0.0421577 -0.997848 -0.527732 0.120308 -0.840848 0.52775 -0.0725446 -0.846296 -0.179867 -0.62371 -0.76068 0.0367768 0.404235 -0.913916 0.73178 -0.363989 -0.576204 0.563596 -0.707967 -0.425608 -0.519124 -0.0667614 -0.852088 0.956184 -0.28741 -0.0557487 0.449412 0.32185 -0.833331 -0.58892 -0.321269 -0.741592 -0.448018 0.728018 -0.518913 -0.804285 -0.322295 -0.499251 0.246462 -0.107948 -0.963122 0.452604 0.288229 -0.843845 -0.0113029 0.258854 -0.96585 0.823166 0.0849843 -0.561405 -0.0283913 0.397037 -0.917364 0.727165 0.162665 -0.666912 0.187501 0.67377 -0.714757 -0.826236 -0.186228 -0.531651 -0.826302 -0.216508 -0.519952 0.3901 0.781321 -0.487196 -0.485174 0.414244 -0.770071 -0.410705 0.756948 -0.508283 -0.0878297 -0.153766 -0.984196 -0.647257 0.377321 -0.662334 0.405499 0.147828 -0.902063 -0.548358 -0.709668 -0.442351 -0.308808 0.0756659 -0.94811 0.468546 -0.556428 -0.686187 -0.42085 0.57031 -0.70543 0.251504 0.362554 -0.897385 -0.885858 -0.434568 -0.162497 -0.783821 -0.531613 -0.320954 0.912897 -0.283627 0.293556 0.446472 -0.524623 -0.724868 0.652336 -0.387447 -0.651415 -0.396294 -0.326732 -0.858019 -0.597641 0.0719488 -0.798529 -0.913653 -0.22728 -0.33702 0.700249 0.246588 -0.669959 0.576242 0.770004 -0.273931 -0.941878 -0.206484 -0.26501 0.272446 -0.80817 -0.522144 0.0312479 0.487855 -0.872366 0.822623 -0.0577733 -0.565645 -0.662692 -0.39621 -0.635497 0.878349 -0.417878 0.232123 0.560396 0.788277 -0.254118 -0.630478 0.764231 -0.135828 0.660851 -0.41864 -0.622909 0.363985 0.270111 -0.891378 -0.952137 0.266579 -0.149567 0.69002 0.179326 -0.701224 -0.40628 -0.119561 -0.905893 0.5627 -0.346034 -0.750753 0.162974 0.86214 -0.479744 0.666876 0.0665349 -0.742192 -0.643284 -0.153125 -0.750159 -0.534015 0.773364 -0.341666 -0.991523 0.0742068 -0.10666 -0.885173 -0.440699 -0.149175 0.197266 0.799625 -0.567174 -0.719353 0.691897 0.0617171 -0.316134 -0.897548 -0.307356 0.942632 -0.276345 0.187293 0.442756 -0.4938 -0.748417 -0.765141 -0.104875 -0.635264 -0.988275 -0.0043082 -0.152621 0.303769 0.938652 0.163272 0.261855 0.774738 -0.575511 0.516288 0.802632 -0.298711 0.843512 -0.500801 -0.19413 0.313051 -0.884083 -0.346983 -0.903552 -0.214731 -0.370788 -0.698332 0.115635 -0.706372 0.584662 0.157583 -0.795826 -0.0677522 -0.51464 -0.854725 -0.469509 -0.857358 -0.210947 -0.969736 -0.223095 0.0991985 0.958273 0.210657 -0.193225 -0.463475 0.839757 0.28284 0.548646 -0.823937 -0.141828 0.907917 0.250808 -0.335831 0.929078 -0.28868 -0.231253 0.806366 0.295045 -0.512565 0.0842172 -0.736991 -0.670635 0.942557 -0.261374 0.208013 -0.585739 0.79955 -0.132777 -0.867667 -0.488092 -0.0944475 -0.986296 -0.00743308 -0.164819 0.866766 -0.0331808 -0.497609 -0.845705 0.43537 -0.308604 0.986629 0.00666279 -0.162845 -0.848517 -0.462743 -0.256685 0.456037 -0.878562 -0.141982 -0.903012 -0.3815 -0.197555 0.277398 -0.83371 -0.477471 -0.063554 0.668006 -0.741437 0.951107 -0.258971 -0.168314 0.302295 0.918973 -0.253192 0.560932 -0.428619 -0.708267 -0.851572 -0.188205 -0.489289 -0.679436 0.641377 -0.356373 -0.848457 -0.427936 -0.311435 0.449236 0.365962 -0.815021 0.238645 0.617501 -0.749494 0.490949 0.759679 -0.426447 -0.773227 0.602175 -0.198759 -0.784398 -0.160698 -0.599079 0.3451 0.919852 -0.186489 0.500698 -0.31846 -0.804913 -0.145678 -0.579792 -0.801635 -0.622365 0.779268 -0.0735071 0.883098 -0.37718 0.279059 -0.704042 -0.636728 -0.314488 0.586641 0.0561649 -0.807897 0.933499 -0.318109 -0.165487 -0.296063 0.361808 -0.883992 -0.239474 0.682834 -0.690211 0.559858 0.0405053 -0.827598 -0.346732 -0.564322 -0.749211 -0.498222 0.705596 -0.503894 -0.271231 -0.521735 -0.808843 0.639577 -0.514872 -0.570831 0.249542 -0.533446 -0.808186 -0.893697 0.233753 -0.382968 -0.540289 -0.670664 -0.50823 0.786077 0.137269 -0.602695 0.66326 0.563335 -0.492687 -0.93997 -0.0131514 -0.341003 -0.870802 -0.0754806 -0.485805 0.147941 0.954769 -0.257935 0.141611 -0.769399 -0.622873 -0.881681 0.212171 -0.421453 -0.189353 0.00745747 -0.981881 -0.76071 0.510783 -0.400527 -0.593396 0.682047 -0.427427 0.677522 -0.448497 -0.582935 0.642833 -0.289542 -0.709176 0.383414 0.200203 -0.901617 0.868557 -0.194103 -0.455997 -0.773363 0.00157121 -0.633962 0.244754 0.701961 -0.66884 0.328985 -0.36021 -0.872936 -0.745609 -0.00019147 -0.666384 -0.718911 -0.0541611 -0.692989 0.995511 -0.00635564 -0.0944294 -0.591296 -0.40388 -0.698034 0.387 0.0201471 -0.921859 -0.787202 -0.351425 -0.506768 -0.450125 0.418415 -0.788871 -0.0570338 0.359133 -0.931542 -0.670577 0.0111364 -0.741756 -0.00206146 -0.150524 -0.988604 -0.802826 0.120531 -0.583903 0.338802 -0.230468 -0.912194 0.0168454 0.482285 -0.875853 0.0817646 0.269909 -0.959408 -0.531834 -0.202851 -0.822195 -0.7299 -0.296516 -0.615893 -0.0513925 -0.180354 -0.982258 -0.687195 -0.493886 -0.532766 -0.00649018 -0.121577 -0.992561 -0.1442 -0.0614243 -0.98764 -0.144884 -0.0927716 -0.98509 -0.317575 -0.635164 -0.704069 0.0246289 -0.0513467 -0.998377 0.349444 -0.101546 -0.931438 -0.355475 -0.593697 -0.721916 -0.559756 0.301737 -0.771769 -0.0673344 0.437898 -0.8965 -0.848251 -0.148469 -0.508358 0.637488 0.229219 -0.735573 0.571351 -0.051791 -0.81907 0.0553119 0.0639862 -0.996417 -0.568451 -0.100446 -0.816562 -0.160517 0.132231 -0.978136 -0.0451427 -0.0454473 -0.997946 -0.0136391 0.0145326 -0.999801 0.512779 -0.155696 -0.844285 -0.758933 0.129665 -0.638129 0.00198045 0.0486387 -0.998814 0.724261 -0.139057 -0.675359 0.279546 0.204425 -0.938118 -0.205106 0.232869 -0.950633 -0.218305 -0.133322 -0.966731 0.173673 0.459781 -0.870884 0.235568 0.345121 -0.908515 0.0789184 0.472733 -0.877665 -0.203465 -0.127485 -0.970747 -0.0621114 0.00709466 -0.998044 0.796727 0.147664 -0.586022 0.736841 0.138194 -0.661791 0.362977 -0.400696 -0.841243 -0.123183 -0.478807 -0.869235 -0.00431787 0.0683914 -0.997649 0.102065 0.38195 -0.91853 0.658982 0.21175 -0.721737 -0.473538 0.414642 -0.777068 0.745064 0.106343 -0.658461 0.389376 -0.0828139 -0.917348 -0.0418316 -0.0151642 -0.99901 -0.374072 0.367768 -0.851362 0.257802 -0.450208 -0.854898 -0.26518 0.168766 -0.949314 -0.226036 -0.00146553 -0.974118 -0.235399 -0.0903044 -0.967694 -0.702681 -0.190933 -0.685408 -0.370582 -0.0904179 -0.924388 0.0298954 -0.111905 -0.993269 -0.112759 -0.0122248 -0.993547 0.0516586 -0.579851 -0.813083 -0.173527 -0.104799 -0.979237 -0.0651761 -0.065908 -0.995695 0.030048 -0.686695 -0.726324 -0.105368 0.185748 -0.976932 0.000203446 0.272381 -0.962189 -0.501275 0.33651 -0.797173 0.238386 0.377511 -0.894795 -0.152314 -0.0632529 -0.986306 -0.377641 0.0651186 -0.92366 -0.487826 0.19602 -0.850648 0.754933 -0.241223 -0.609826 -0.499591 -0.0814753 -0.862421 -0.67534 -0.0336382 -0.736739 -0.560548 -0.195365 -0.804748 0.139838 0.0237494 -0.98989 0.170931 -0.0486564 -0.984081 0.152336 0.0497827 -0.987074 -0.0940431 0.120713 -0.988223 -0.359862 -0.184347 -0.914612 0.203645 -0.129295 -0.97047 -0.0439017 0.0221808 -0.99879 -0.0506645 -0.154983 -0.986617 -0.0666004 0.0820969 -0.994397 -0.0821916 0.0437774 -0.995655 -0.0739306 0.0489761 -0.99606 -0.0451443 0.0600145 -0.997176 -0.233518 0.117467 -0.965231 0.00836031 -0.0364038 -0.999302 0.0126551 -0.11174 -0.993657 -0.169114 0.208722 -0.963242 -0.184802 -0.0117166 -0.982706 -0.00386279 0.17229 -0.985039 -0.0358794 0.124293 -0.991597 0.0736938 -0.00766677 -0.997251 -0.116172 0.0927326 -0.988891 -0.161325 0.229567 -0.95983 -0.370668 -0.282885 -0.884637 0.732481 -0.0982403 -0.673662 -0.0496697 0.137693 -0.989229 -0.0732471 0.0628297 -0.995333 -0.319205 0.161333 -0.933852 -0.0417873 0.0236288 -0.998847 -0.0469052 -0.0579769 -0.997215 -0.00860309 0.0200078 -0.999763 -0.286078 0.039994 -0.957371 0.0565534 0.187793 -0.980579 -0.0228644 -0.0275436 -0.999359 -0.00362191 -0.220655 -0.975345 -0.183764 0.107582 -0.977066 0.138735 0.286012 -0.94813 -0.053625 0.0593973 -0.996793 -0.0753441 -0.0628483 -0.995175 -0.599607 -0.154382 -0.785263 -0.134843 0.0327724 -0.990325 -0.0854764 -0.101517 -0.991155 -0.0895064 0.370261 -0.924606 -0.301352 0.393936 -0.868332 -0.633447 0.168932 -0.755121 0.0367904 -0.283627 -0.958229 -0.152835 -0.00908983 -0.98821 -0.305534 0.058021 -0.950412 0.0521139 0.0242428 -0.998347 -0.040904 0.122022 -0.991684 -0.0179024 0.117842 -0.992871 0.0256382 0.156515 -0.987343 -0.152365 0.1289 -0.979882 0.0297644 0.0518344 -0.998212 0.014631 0.0321123 -0.999377 0.230472 -0.161768 -0.959538 0.0177176 0.0781761 -0.996782 -0.197743 0.137088 -0.970621 0.11642 0.0292162 -0.99277 -0.199759 0.0101415 -0.979793 -0.0552516 0.10385 -0.993057 -0.131102 -0.182612 -0.974405 -0.184669 0.0350485 -0.982176 -0.0835046 0.0703985 -0.994018 -0.0243654 0.234771 -0.971745 -0.100465 -0.108759 -0.988978 -0.25422 0.126657 -0.958817 0.0674379 0.0858735 -0.994021 -0.099037 -0.0534459 -0.993647 -0.00897449 -0.0800663 -0.996749 0.0780603 -0.0993761 -0.991983 0.0539117 0.0314931 -0.998049 -0.0283561 0.0528461 -0.9982 -0.151659 0.0534833 -0.986985 0.00989778 0.0633701 -0.997941 -0.165545 0.223846 -0.960462 -0.0400841 -0.128554 -0.990892 -0.0769713 -0.00863879 -0.996996 -0.13055 0.0929782 -0.987072 0.0586899 -0.0607051 -0.996429 -0.150806 0.181644 -0.971732 -0.0544672 0.0145104 -0.99841 0.136999 0.0459325 -0.989506 -0.185576 -0.169663 -0.967872 -0.00205313 0.133757 -0.991012 -0.0302196 -0.137544 -0.990035 -0.0989748 0.0248502 -0.99478 -0.172074 -0.0136983 -0.984989 -0.209683 0.115957 -0.970869 -0.101872 -0.00488924 -0.994785 -0.0853848 0.0897288 -0.992299 0.175355 0.00179243 -0.984504 -0.103071 0.169225 -0.980173 0.0668517 -0.159705 -0.984899 -0.0185692 -0.166635 -0.985844 -0.0136124 0.302145 -0.953165 0.177275 -0.0322981 -0.983631 -0.163504 0.0903218 -0.982399 0.162434 0.176938 -0.970725 0.180695 0.0771122 -0.980512 -0.0624729 0.139148 -0.988299 0.390968 -0.117567 -0.912865 0.00286626 -0.329213 -0.944251 -0.207737 -0.0790164 -0.974988 0.043389 -0.0572028 -0.997419 0.176235 0.0392252 -0.983566 -0.0868306 -0.11992 -0.988979 -0.160142 0.0318857 -0.986579 0.358136 -0.0646091 -0.931431 0.226061 0.0733364 -0.971349 -0.0691562 0.0835863 -0.994098 0.036629 0.105315 -0.993764 -0.0212589 -0.0089686 -0.999734 -0.225628 0.114089 -0.96751 -0.229525 -0.00479579 -0.973291 -0.0359953 -0.0170219 -0.999207 -0.0449349 0.149414 -0.987753 0.0523326 0.190692 -0.980254 -0.0981329 0.030843 -0.994695 -0.212423 0.152194 -0.965253 -0.0311748 0.134296 -0.990451 0.0131252 -0.022843 -0.999653 0.0213187 0.164496 -0.986147 -0.00859097 -0.0374861 -0.99926 -0.0486613 0.0693442 -0.996405 0.04724 0.0100117 -0.998833 0.0906435 0.143082 -0.985551 -0.107518 0.0456017 -0.993157 -0.246817 0.0463436 -0.967953 -0.00691833 -0.0263213 -0.99963 -0.0112075 0.0771312 -0.996958 -0.00743189 0.0316893 -0.99947 -0.142787 0.451094 -0.88098 -0.0183825 0.0112414 -0.999768 -0.0396789 -0.128544 -0.99091 0.113157 -0.176084 -0.97785 -0.223476 0.184317 -0.957124 -0.0921573 -0.23955 -0.9665 -0.219921 -0.0161149 -0.975385 -0.215724 0.0844461 -0.972796 0.0118719 0.144315 -0.989461 -0.122408 -0.141881 -0.982286 0.015964 -0.0889837 -0.995905 -0.0752638 -0.00918768 -0.997121 -0.159464 0.0716871 -0.984597 0.135631 0.0807212 -0.987466 0.0554149 -0.414406 -0.908404 -0.0276074 -0.0945919 -0.995133 -0.216085 -0.0416012 -0.975488 -0.155882 -0.00948073 -0.98773 -0.062756 -0.0828289 -0.994586 -0.0646412 -0.0220121 -0.997666 0.120558 0.110656 -0.98652 -0.240832 0.0621184 -0.968577 0.0295895 0.000752745 -0.999562 -0.00258319 0.175171 -0.984535 -0.0620385 0.282969 -0.957121 0.0393914 0.0596267 -0.997443 -0.0195733 0.0775345 -0.996798 0.134613 0.0729776 -0.988207 0.161093 -0.0408601 -0.986093 0.0665664 0.0639558 -0.99573 -0.184728 0.04749 -0.981642 -0.355406 -0.0289857 -0.934263 0.00227462 -0.145757 -0.989318 -0.0494383 0.00232668 -0.998774 -0.0778895 0.0355763 -0.996327 0.0111503 -0.133077 -0.991043 0.016824 0.043991 -0.99889 0.0767216 -0.069099 -0.994655 0.262096 -0.0692727 -0.962552 0.0711659 0.250253 -0.965562 -0.124778 4.01467e-05 -0.992185 0.0925791 0.029624 -0.995265 0.00479693 0.0726832 -0.997344 -0.0214624 0.0538807 -0.998317 -0.0147792 -0.339413 -0.940521 -0.0324206 -0.000378455 -0.999474 -0.0424743 0.0333829 -0.99854 0.173379 0.0895586 -0.980775 -0.147331 -0.0403513 -0.988264 0.0132323 0.0417728 -0.99904 -0.136772 -0.00117305 -0.990602 -0.121534 0.294033 -0.948037 -0.0693324 0.0703026 -0.995113 -0.219655 0.0804199 -0.972257 -0.152738 0.111836 -0.981918 0.055596 0.284021 -0.957205 -0.0416447 0.00949086 -0.999087 0.0336861 0.0356602 -0.998796 -0.0407633 -0.00372119 -0.999162 0.0782185 0.0104465 -0.996882 0.0278266 0.0325235 -0.999084 0.0359837 -0.00833525 -0.999318 0.0189079 0.22176 -0.974918 0.0168043 0.0765168 -0.996927 0.454217 0.285651 -0.843855 0.0528855 -0.122287 -0.991085 -0.0127537 0.426014 -0.904627 -0.0726417 -0.129769 -0.98888 -0.059957 0.0859934 -0.99449 0.126152 -0.0222345 -0.991762 0.227536 -0.137391 -0.964029 -0.0539318 -0.0079746 -0.998513 -0.059109 -0.0377698 -0.997537 0.0538717 -0.0124251 -0.998471 -0.156853 -0.00171153 -0.987621 -0.0016671 -0.101416 -0.994843 -0.0404668 0.0193003 -0.998994 -0.153031 -0.0644114 -0.98612 0.0158225 0.207587 -0.978089 -0.0451788 -0.217926 -0.974919 -0.0657735 0.0648753 -0.995723 -0.24372 0.0736806 -0.967043 -0.21403 0.0761865 -0.973852 -0.229396 -0.0153314 -0.973213 0.0887863 0.00180947 -0.996049 -0.102611 -0.05588 -0.993151 -0.220502 0.158473 -0.962427 -0.0499791 -0.180019 -0.982393 0.139836 -0.015465 -0.990054 -0.175164 0.049746 -0.983282 -0.0351088 0.143039 -0.989094 0.133772 -0.0624692 -0.989041 0.190604 0.15318 -0.969642 -0.0174158 0.153046 -0.988066 0.184907 0.0347156 -0.982143 0.0456936 0.0257363 -0.998624 0.0757421 0.0353423 -0.996501 -0.0414601 0.0503777 -0.997869 -0.088814 0.16029 -0.983066 -0.0710438 -0.198842 -0.977453 -0.0685135 0.0893765 -0.993639 0.0286012 -0.068059 -0.997271 -0.116126 0.22709 -0.966925 -0.0964173 -0.0695688 -0.992907 0.0589527 0.0377108 -0.997548 -0.00360995 0.18521 -0.982692 -0.0309872 0.172721 -0.984483 -0.135725 -0.000661463 -0.990746 0.0694527 -0.102768 -0.992278 -0.124859 -0.0487187 -0.990978 -0.122943 0.0932031 -0.988027 -0.13582 -0.0840958 -0.987158 -0.0995655 -0.278883 -0.95515 0.0865879 -0.120354 -0.988948 -0.0705481 0.0149065 -0.997397 -0.0241517 0.294073 -0.955478 0.155552 -0.206227 -0.966061 -0.0777628 -0.118902 -0.989856 0.048268 -0.220135 -0.974274 0.103957 0.082707 -0.991137 -0.0337723 -0.0836674 -0.995921 -0.0105072 -0.383824 -0.923347 0.214628 0.0442128 -0.975695 -0.150301 -0.0144631 -0.988534 0.0548508 -0.0734794 -0.995787 0.193726 0.0789703 -0.977872 0.0551773 0.133364 -0.98953 0.0156361 -0.303977 -0.952551 0.0890156 0.00139736 -0.996029 -0.0394939 -0.0219727 -0.998978 -0.0254886 -0.0424793 -0.998772 0.349434 0.297889 -0.888345 -0.0833397 -0.0412701 -0.995666 0.0481438 0.404701 -0.913181 0.00127331 -0.0286062 -0.99959 -0.00161757 0.315461 -0.948937 0.124445 -0.19667 -0.97254 -0.0361557 0.15654 -0.98701 -0.0436622 -0.131177 -0.990397 0.0982933 -0.124279 -0.987367 -0.108998 0.190875 -0.975544 -0.0932237 0.133945 -0.986594 -0.104904 0.320771 -0.94133 -0.040616 -0.0661102 -0.996985 0.0741526 0.108585 -0.991318 0.00650393 0.0650566 -0.99786 -0.0166132 0.0989655 -0.994952 0.103619 0.217585 -0.970526 0.0394727 -0.0282182 -0.998822 -0.000637837 0.169641 -0.985506 -0.00129207 -0.0500144 -0.998748 0.127048 0.301971 -0.944813 0.0853097 -0.093388 -0.991968 0.0725476 0.00990313 -0.997316 0.0492741 -0.15833 -0.986156 0.0154234 0.00966242 -0.999834 0.0167417 -0.0126603 -0.99978 0.0619564 -0.0887455 -0.994126 0.00456404 0.102603 -0.994712 0.0479903 0.0832994 -0.995368 0.0955681 -0.241301 -0.965733 -0.0306899 -0.00657237 -0.999507 -0.0756215 0.141403 -0.98706 -0.0147041 0.0813759 -0.996575 0.0405711 -0.0427964 -0.99826 0.121467 0.156963 -0.980106 0.0290219 -0.214068 -0.976388 -0.114535 0.00779359 -0.993389 0.0350231 0.0148291 -0.999276 -0.0229812 0.0292714 -0.999307 -0.00273533 0.288038 -0.957615 -0.0733806 0.0426226 -0.996393 -0.0475401 0.143718 -0.988476 -0.311744 -0.0126283 -0.950082 -0.187292 -0.138995 -0.972421 -0.0954892 -0.155995 -0.983131 0.134221 0.0159523 -0.990823 0.0241808 0.00210897 -0.999705 -0.0821314 -0.108197 -0.990731 -0.0532062 0.249927 -0.966802 0.104967 0.0301289 -0.994019 -0.0097065 0.176777 -0.984203 -0.0661778 -0.0620613 -0.995876 -0.0184583 -0.0583077 -0.998128 -0.0848311 -0.07204 -0.993788 -0.0509378 -0.0702413 -0.996229 0.289724 -0.27119 -0.917887 0.11007 0.326771 -0.938672 0.0348472 0.0815697 -0.996058 0.0266854 0.0913291 -0.995463 -0.0520782 -0.117969 -0.991651 0.033012 -0.0892316 -0.995464 0.00531576 -0.116052 -0.993229 0.0533742 -0.0614108 -0.996684 0.118201 -0.125004 -0.98509 0.100684 -0.0453038 -0.993886 -0.0473796 -0.116521 -0.992058 -0.0802279 0.087762 -0.992905 0.0191058 -0.14607 -0.98909 0.0777409 -0.0416197 -0.996104 0.0397108 -0.10224 -0.993967 0.21803 -0.0701266 -0.973419 0.0134938 0.0224424 -0.999657 -0.06329 -0.121136 -0.990616 0.0336848 -0.0490307 -0.998229 -0.0383464 -0.00441815 -0.999255 -0.0282519 0.0722396 -0.996987 -0.0291705 0.00505712 -0.999562 0.0463641 -0.207195 -0.9772 -0.0381436 0.0219558 -0.999031 -0.00860574 -0.181378 -0.983376 -0.241956 0.158475 -0.957258 0.0413671 0.130879 -0.990535 -0.0239443 -0.0384705 -0.998973 0.04248 -0.1304 -0.990551 -0.0679348 0.184493 -0.980483 -0.0454033 0.112817 -0.992578 -0.0106461 -0.0269238 -0.999581 0.178325 -0.102256 -0.978644 0.217481 -0.0181279 -0.975896 -0.0813627 0.0812259 -0.993369 0.00718019 -0.051751 -0.998634 0.0898865 -0.233153 -0.968277 -0.100638 0.000736716 -0.994923 -0.0329134 0.0142099 -0.999357 0.0433617 -0.0592062 -0.997304 -0.0653469 0.0638969 -0.995815 0.124891 0.086172 -0.988421 -0.096932 -0.0511646 -0.993975 0.0467409 -0.0133543 -0.998818 -0.0644711 0.104893 -0.992392 0.0236662 0.0457206 -0.998674 0.0379855 0.00401369 -0.99927 -0.0334192 0.0719659 -0.996847 0.118804 -0.292667 -0.948806 0.0257155 -0.0338748 -0.999095 0.0212082 -0.0320964 -0.99926 -0.0483309 0.192799 -0.980047 -0.070224 0.144823 -0.986962 0.169643 0.305097 -0.93709 0.0551428 0.13882 -0.988781 0.0428962 -0.127274 -0.99094 -0.0889949 -0.0766302 -0.99308 -0.000813506 0.201166 -0.979557 0.0491436 0.0589126 -0.997053 -0.0548163 0.101581 -0.993316 0.0202104 -0.0397634 -0.999005 -0.0798362 -0.122054 -0.989307 -0.119698 -0.0510604 -0.991497 0.131215 0.090387 -0.987225 -0.00746932 0.00519631 -0.999959 0.0725016 -0.114758 -0.990744 0.139286 -0.152254 -0.978477 0.227982 -0.30041 -0.926163 -0.0722184 0.129793 -0.988908 -0.0664414 -0.0754915 -0.994931 0.107139 0.230976 -0.967043 -0.0312183 0.0773894 -0.996512 0.0883373 0.0792089 -0.992936 0.0900667 0.149085 -0.984714 0.172225 0.19274 -0.966017 0.126035 -0.0742681 -0.989242 -0.157574 0.0881971 -0.983561 -0.088298 -0.0670964 -0.993832 0.0400682 0.0169925 -0.999052 -0.0472044 0.0568391 -0.997267 -0.0480557 0.0166259 -0.998706 -0.0307576 0.022867 -0.999265 0.0748345 -0.0276122 -0.996814 0.0200046 -0.156974 -0.9874 0.0128311 -0.103815 -0.994514 -0.0169564 -0.113909 -0.993347 0.0162803 0.142784 -0.98962 0.0545671 -0.0114222 -0.998445 0.0357359 0.109438 -0.993351 -0.124822 -0.0725961 -0.98952 -0.036235 0.121289 -0.991956 -0.0921209 -0.114587 -0.989133 -0.0501035 0.176356 -0.983051 -0.0323551 -0.00599122 -0.999458 -0.028211 0.0103553 -0.999548 -0.140049 -0.0868332 -0.98633 0.0487592 0.242039 -0.969041 -0.0620288 -0.052131 -0.996712 0.166338 0.042573 -0.985149 -0.0466286 0.00529358 -0.998898 -0.143063 0.033785 -0.989137 0.0766993 0.0905016 -0.992938 -0.0489749 -0.00188771 -0.998798 -0.0648764 0.232163 -0.970511 0.0516282 0.125584 -0.990739 0.105003 -0.031186 -0.993983 0.00830016 0.0878635 -0.996098 -0.0497832 0.0105843 -0.998704 0.00646458 0.0648721 -0.997873 -0.147083 0.104115 -0.983629 0.0462396 0.2554 -0.965729 0.0808702 0.0307428 -0.99625 0.000543361 -0.0444101 -0.999013 -0.030456 0.00376778 -0.999529 0.129392 0.104733 -0.986047 -0.0305581 -0.0818993 -0.996172 -0.0805118 -0.0670287 -0.994497 0.080027 0.00295782 -0.996788 0.0638761 -0.0148989 -0.997847 0.224436 0.0501344 -0.973198 -0.0092112 -0.137095 -0.990515 0.0102382 -0.0313976 -0.999455 -0.000512258 -0.0237233 -0.999718 -0.0692799 -0.265461 -0.961629 -0.046631 0.147211 -0.988005 0.180447 0.0591725 -0.981803 0.0155953 -0.0303684 -0.999417 0.00701284 0.0715296 -0.997414 -0.0604092 -0.335641 -0.940051 0.0170784 0.111897 -0.993573 -0.0350099 -0.265444 -0.96349 -0.0071962 0.0951985 -0.995432 -0.00638014 0.103445 -0.994615 -0.117513 0.000688507 -0.993071 -0.231282 0.365469 -0.901632 0.0102351 -0.00459242 -0.999937 -0.0352357 -0.0328543 -0.998839 0.155281 -0.168212 -0.973444 0.0115994 -0.0591691 -0.998181 -0.0201108 -0.092754 -0.995486 -0.0742456 -0.0336506 -0.996672 0.0136467 0.12397 -0.992192 -0.00709165 0.0596289 -0.998195 -0.0018482 -0.00165505 -0.999997 -0.0255958 -0.0254696 -0.999348 0.0286987 -0.122473 -0.992057 -0.0457088 0.00144266 -0.998954 -0.0583028 -0.0757809 -0.995419 -0.014876 -0.0530676 -0.99848 -0.0810141 -0.0915218 -0.992502 0.0227755 -0.0726529 -0.997097 -0.0132457 -0.0573777 -0.998265 0.116583 0.0190887 -0.992998 -0.016902 -0.0720472 -0.997258 0.0938907 0.0255165 -0.995256 0.0975797 0.0620675 -0.99329 -0.0762573 0.184691 -0.979834 -0.12329 0.183582 -0.975242 0.0824854 0.260126 -0.962045 -0.00432239 0.01609 -0.999861 -0.0157109 0.079849 -0.996683 -0.0965887 0.111767 -0.989029 0.063993 -0.117966 -0.990954 -0.0190452 -0.0781144 -0.996762 0.0198691 -0.156632 -0.987457 0.000980259 -0.00828837 -0.999965 -0.083415 -0.0191429 -0.996331 -0.190393 0.181346 -0.964813 0.129187 -0.0245778 -0.991316 -0.261199 0.0771818 -0.962195 0.144566 -0.102437 -0.984178 0.0082103 -0.0306875 -0.999495 -0.121213 0.105708 -0.986982 0.0389369 0.117116 -0.992355 -0.0461597 -0.196146 -0.979488 -0.146477 -0.139658 -0.979306 0.0385811 0.131802 -0.990525 0.0447678 0.0511791 -0.997686 -0.156065 -0.185076 -0.970253 -0.0103171 -0.0430337 -0.99902 0.0111053 0.105209 -0.994388 -0.00853021 -0.0943544 -0.995502 0.0908627 -0.0448182 -0.994854 -0.0833679 -0.089197 -0.992519 0.115695 -0.149131 -0.982026 -0.120692 -0.161718 -0.979429 -0.0864844 -0.0477794 -0.995107 -0.0275554 0.026889 -0.999259 0.0975242 -0.0747082 -0.992425 -0.0635606 0.0876112 -0.994125 -0.0391218 0.0568805 -0.997614 0.0125922 -0.0170392 -0.999776 0.00453954 -0.0228405 -0.999729 -0.0289429 -0.0941159 -0.99514 -0.275962 -0.100856 -0.955863 -0.199635 0.140477 -0.969748 -0.148402 0.0974745 -0.984112 0.213046 0.0800915 -0.973754 -0.0327217 -0.00847992 -0.999429 -0.0912159 0.0517457 -0.994486 -0.0153875 -0.112117 -0.993576 0.0626439 -0.124622 -0.990225 0.000105492 0.00273867 -0.999996 -0.0477263 0.0102648 -0.998808 -0.0707162 -0.0134769 -0.997405 -0.0513779 0.13541 -0.989457 0.00491032 -0.0413472 -0.999133 -0.0422305 -0.0142112 -0.999007 -0.00740782 -0.10913 -0.994 0.0421233 0.222873 -0.973937 -0.00245948 0.00557248 -0.999981 0.00721724 0.00526145 -0.99996 -0.399521 0.305726 0.864242 -0.485336 0.0952439 0.869125 -0.767068 0.0031274 0.641559 -0.790932 0.125112 0.598978 -0.60998 0.270923 0.744665 -0.698879 0.177963 0.692746 -0.6077 0.0903998 0.789005 -0.558577 0.0414407 0.828417 -0.625229 0.263813 0.734501 -0.487868 0.0532207 0.871294 -0.624452 0.0819745 0.776749 -0.67869 0.0844591 0.729552 -0.465178 0.185487 0.865566 -0.557626 0.0880656 0.825407 -0.560561 -0.0317067 0.827506 -0.529514 0.00731719 0.84827 -0.640516 0.027193 0.767463 -0.69938 0.326906 0.63561 -0.640975 0.00887039 0.76751 -0.700897 0.271663 0.659502 -0.891307 0.225328 0.393446 -0.652793 0.193821 0.732322 -0.290277 -0.0135929 0.956846 -0.833256 0.428002 0.349998 -0.269481 0.0439777 0.962001 -0.290688 0.0539937 0.955293 -0.945805 0.293996 0.137913 -0.827964 0.242619 0.505581 -0.953777 0.291063 0.0747833 -0.958208 0.244323 0.148809 -0.817357 0.413084 0.401609 -0.842377 0.514604 -0.159948 -0.970548 0.214774 0.109131 -0.917399 0.321181 0.234995 -0.83588 0.450023 -0.3143 -0.412198 0.0545625 0.909459 -0.444669 0.121986 0.887349 -0.308973 0.00828427 0.951035 -0.388578 -0.0322693 0.920851 -0.470852 0.377595 0.797321 -0.80415 -0.0348185 0.593406 -0.411073 0.141529 0.900549 -0.827616 0.0507741 0.558994 -0.60399 0.204912 0.7702 -0.733904 0.14151 0.664349 -0.747222 0.115654 0.654433 -0.73652 0.216794 0.640733 -0.416823 0.655399 0.62985 -0.541811 0.40467 0.73667 -0.913351 0.174132 0.36806 -0.628145 0.289738 0.72214 -0.681977 0.594973 0.42534 -0.918176 0.34766 0.189965 -0.968762 0.0934006 0.22973 -0.621939 0.0183066 0.782852 -0.96361 0.0902671 0.251609 -0.987703 0.0459775 0.149428 -0.831275 0.387238 0.398785 -0.918466 0.369429 0.141218 -0.125764 0.690565 0.712253 -0.914505 0.393016 0.096014 -0.951976 0.257609 0.165467 -0.415465 0.819646 0.394423 -0.00980574 0.764479 0.644575 -0.915767 0.122514 0.382572 -0.886002 0.221822 0.407179 -0.909761 0.0661751 0.409823 -0.600982 0.518777 0.608022 -0.91887 0.0391951 0.392609 -0.926553 0.271768 0.260081 -0.148318 0.54797 0.823244 -0.84002 0.349487 0.415 -0.96224 0.112732 0.247759 -0.86366 0.138163 0.48477 -0.893584 0.324278 0.310406 -0.681419 -0.0622815 0.729239 -0.775935 0.0626338 0.627695 -0.109367 0.256691 0.960286 -0.659778 0.255039 0.706858 -0.204263 0.0366568 0.978229 -0.160447 0.154739 0.97484 -0.690118 0.13158 0.711635 -0.942559 0.13891 0.303787 -0.916594 0.164746 0.364301 -0.771608 0.081883 0.630806 -0.824955 0.142411 0.546963 -0.876754 -0.0314954 0.479907 -0.751468 0.0946577 0.652944 -0.86101 0.257926 0.438334 -0.588333 0.248386 0.769525 -0.888635 -0.0230029 0.458037 -0.900593 0.220818 0.374394 -0.940493 0.184531 0.285343 -0.977125 0.0795956 0.197207 -0.850912 0.116932 0.512129 -0.925534 -0.0457711 0.375888 -0.64389 0.475749 0.599223 -0.929588 0.0429876 0.366085 -0.977908 0.134917 0.159664 -0.986048 0.0762296 0.147979 -0.958981 0.14928 0.240981 -0.967253 0.248176 -0.0531937 -0.984841 0.0731597 0.157277 -0.860003 0.229482 0.455777 -0.987939 0.0303498 -0.15184 -0.903901 0.254628 0.343696 -0.978896 -0.196871 -0.0548174 -0.90564 0.166523 0.389984 -0.858008 0.0169773 0.513356 -0.995482 0.0758434 -0.057124 -0.970172 0.234655 -0.0608497 -0.920786 0.389253 0.0252036 -0.867046 0.284746 0.40884 -0.999321 0.00184901 0.0367968 -0.995757 -0.036789 0.0843442 -0.985533 0.169213 -0.00954482 -0.804129 0.311866 0.506079 -0.718138 0.301775 0.627065 -0.682974 0.0455805 0.729019 -0.975924 0.0908472 0.198292 -0.976834 0.129838 0.170113 -0.996602 0.0699617 0.0434675 -0.993133 -0.0895347 0.0753001 -0.992864 0.118734 -0.0111354 -0.81008 0.436452 0.39151 -0.733505 0.0748204 0.675554 -0.828852 0.543909 0.131023 -0.970489 0.216899 0.105382 -0.980215 0.192997 -0.0439349 -0.699255 0.380311 0.605315 -0.992174 0.113503 -0.052036 -0.723435 0.682696 0.102802 -0.998143 0.0606257 0.005989 -0.993108 0.111954 -0.0346695 -0.959708 0.280749 0.0118271 -0.63998 0.515332 0.569964 -0.609181 0.294202 0.73644 -0.931251 0.300907 0.205492 -0.58705 0.579922 0.564857 -0.65432 0.508436 0.559784 -0.946868 0.0690545 0.314121 -0.786994 0.497699 0.364605 -0.865783 0.468106 0.176911 -0.829847 0.428613 0.357273 -0.853922 0.0975464 0.511178 -0.819698 0.401735 0.408295 -0.898876 0.0614801 0.433869 -0.603364 -0.0413782 0.796391 -0.922273 0.0327349 0.385152 -0.945502 0.314608 -0.0839495 -0.849755 0.291681 0.439135 -0.85402 0.215367 0.473569 -0.790071 0.174747 0.587581 -0.785631 0.534457 0.311672 -0.818582 0.113023 0.56316 -0.758023 0.199898 0.62084 -0.792524 0.394489 0.465064 -0.856909 0.199693 0.475216 -0.825662 0.438849 0.354535 -0.774478 0.142115 0.616431 -0.803691 0.458008 0.37988 -0.687162 0.350603 0.636307 -0.937763 0.266279 -0.222928 -0.4863 0.328001 0.809894 -0.470289 0.405126 0.784029 -0.62909 0.252195 0.735284 -0.699806 0.221139 0.679242 -0.354862 -0.0383522 0.934132 -0.543564 0.360386 0.758063 -0.761039 0.238475 0.603283 -0.822749 -0.0460909 0.566533 -0.991872 0.0117726 0.126695 -0.796401 0.431863 0.423368 -0.69316 0.0578827 0.718456 -0.828525 0.409228 0.382203 -0.40152 0.39733 0.825173 -0.506996 0.259785 0.821868 -0.410273 0.382757 0.827752 -0.493824 0.460696 0.737494 -0.477915 0.144665 0.866412 -0.856214 -0.0158426 0.516378 -0.6523 0.414971 0.634274 -0.562284 0.351241 0.748643 -0.361955 0.295647 0.884071 -0.242134 0.105021 0.964542 -0.617459 0.297079 0.728347 -0.568901 0.0791653 0.818587 -0.654635 0.605123 0.453078 -0.501653 0.288483 0.81555 -0.434751 0.406217 0.803729 -0.54143 0.33508 0.771087 -0.635681 0.343768 0.691182 -0.59718 0.439433 0.671026 -0.716127 0.606581 0.345285 -0.751923 0.00913741 0.659188 -0.754279 0.655335 0.0399958 -0.780646 0.288702 0.554294 -0.715516 0.660906 0.226365 -0.9629 0.180034 0.201024 -0.667314 0.248565 0.702073 -0.778155 0.45356 0.434463 -0.926484 -0.231431 0.296761 -0.862562 0.382732 0.330912 -0.863406 0.489461 0.122302 -0.967372 0.12547 0.220111 -0.701668 0.34318 0.624412 -0.863198 0.229747 0.449562 -0.911081 0.0629183 0.407398 -0.576477 0.743439 0.339076 -0.549016 0.818245 0.170461 -0.652332 0.180729 0.736071 -0.83143 0.143113 0.536883 -0.95253 0.238899 0.188716 -0.623432 0.477407 0.619205 -0.816863 0.45877 0.349663 -0.919336 0.259891 0.29543 -0.953099 0.294748 0.0687472 -0.514855 0.794789 0.321302 -0.96128 0.247458 0.121266 -0.439578 0.799219 0.409903 -0.854254 0.382233 0.352345 -0.88456 0.457756 0.0895181 -0.974569 0.0589588 0.216194 -0.904939 0.417119 0.0842449 -0.690703 0.565501 0.450708 -0.89523 0.442953 0.0485491 -0.985041 0.135889 0.105961 -0.921702 0.332396 0.199946 -0.850854 0.412835 0.324985 -0.842569 0.464565 -0.272501 -0.909531 0.33179 -0.250336 -0.693177 0.41777 -0.587345 -0.962383 -0.201518 0.182237 -0.867701 0.059413 0.493522 -0.951846 -0.0903891 0.292947 -0.971471 -0.219204 -0.090513 -0.98634 -0.147968 -0.0723776 -0.983819 -0.142793 0.108215 -0.943654 0.312523 0.108842 -0.934525 -0.103508 -0.340514 -0.874651 -0.303712 -0.377815 -0.945933 -0.21376 -0.243963 -0.846743 -0.265813 -0.460835 -0.918387 0.0869531 -0.38601 -0.914443 0.316526 -0.252201 -0.721602 0.103258 -0.684565 -0.659773 -0.0761775 -0.747594 -0.872933 -0.0156052 -0.487591 -0.47897 0.0025444 -0.877828 -0.864304 0.0566623 -0.499768 -0.318935 -0.0630439 -0.945678 0.105049 -0.0766217 -0.991511 -0.180588 0.260682 -0.948385 0.0468345 0.0573026 -0.997258 -0.173356 0.191923 -0.965978 -0.188912 0.0338985 -0.981409 -0.167529 -0.124243 -0.978007 -0.0340963 0.11631 -0.992628 0.139079 -0.202952 -0.969261 -0.143706 0.113064 -0.98314 -0.0373668 0.0415992 -0.998435 -0.0077917 0.283927 -0.958814 0.172605 -0.117029 -0.978014 0.0368307 0.178533 -0.983244 0.0134274 -0.0890994 -0.995932 0.0901336 -0.0822551 -0.992527 0.00277798 -0.0946456 -0.995507 -0.0344623 -0.0497927 -0.998165 0.0661178 0.0635403 -0.995787 -0.353925 -0.0700668 -0.932646 0.0233913 -0.0246804 -0.999422 -0.0839142 0.0680554 -0.994146 -0.0568662 -0.0569663 -0.996755 -0.125837 -0.121278 -0.98461 -0.0548601 -0.0384647 -0.997753 -0.0394146 0.0438177 -0.998262 -0.0346875 -0.0279268 -0.999008 0.10186 -0.157959 -0.982178 0.0244989 -0.00417064 -0.999691 0.0264082 0.0550712 -0.998133 -0.0739815 0.0203945 -0.997051 -0.152925 0.123164 -0.980533 -0.135495 -0.186926 -0.972985 0.114443 -0.199701 -0.973151 0.0112916 -0.00883739 -0.999897 -0.991578 0.11634 -0.0568975 -0.994803 -0.07759 -0.0659301 -0.991958 0.124658 -0.0219036 -0.746572 0.665185 0.0126079 -0.80004 0.525791 -0.288929 -0.9207 0.181822 -0.34533 -0.87983 0.0959217 0.465509 -0.900853 0.434122 0.00142931 -0.962295 0.242863 0.1225 -0.532525 0.706218 -0.466554 -0.533482 0.733614 -0.42096 -0.970778 0.117044 -0.2095 -0.951352 0.26579 0.155835 -0.74241 0.617848 -0.25902 -0.824368 0.555368 0.109474 -0.914616 0.3944 -0.0890337 -0.962578 0.0661818 0.2628 -0.900841 0.432593 -0.0367392 -0.697073 0.675869 -0.239356 -0.964134 0.172401 0.201801 -0.978157 0.15585 0.13755 -0.465761 0.661696 -0.587558 -0.879972 0.438018 -0.183822 -0.932466 0.302353 -0.197711 -0.398171 0.606834 -0.687904 -0.739835 0.258071 -0.621324 -0.494004 0.863952 -0.0977079 -0.754092 0.650274 0.0921331 -0.608209 0.465311 -0.643092 -0.93701 0.339774 0.0810315 -0.941793 0.264463 -0.207569 -0.978431 0.166396 0.122417 -0.51431 0.681965 -0.520009 -0.192212 0.624888 -0.756683 -0.780925 0.214413 -0.586671 -0.727108 0.403624 -0.555339 -0.361355 0.570481 -0.737546 -0.616561 0.44436 -0.64992 -0.96994 0.0781379 -0.230458 -0.32224 0.568583 -0.756885 -0.627288 0.416917 -0.657792 0.0217782 0.726211 -0.687126 -0.909083 0.265095 -0.321391 -0.91211 0.306866 -0.271823 -0.251591 0.674958 -0.693638 0.489791 0.621303 -0.611627 -0.314222 0.423564 -0.849622 -0.982664 0.0955119 -0.158902 -0.903729 0.269334 -0.332766 -0.886152 0.081759 -0.456124 -0.0715909 0.324115 -0.943305 -0.876351 0.402493 -0.264592 0.080095 0.30687 -0.948375 0.483792 0.290939 -0.825409 -0.42374 0.569959 -0.703982 -0.189676 0.221705 -0.956488 -0.257813 -0.0325107 -0.965648 -0.167777 0.31432 -0.934374 -0.262925 0.188357 -0.946252 -0.327529 0.481652 -0.812857 -0.417573 0.297473 -0.85857 -0.111086 0.58119 -0.80615 -0.500111 0.109094 -0.859062 -0.574397 -0.113567 -0.81066 -0.548328 0.178524 -0.816985 -0.223416 0.230475 -0.947083 -0.274111 0.0467498 -0.960561 -0.083992 0.173773 -0.981197 0.0109376 -0.096401 -0.995283 -0.111967 0.12275 -0.986101 0.027608 -0.116199 -0.992842 0.10351 0.239507 -0.965361 -0.264649 0.128306 -0.955771 -0.175734 0.0208465 -0.984217 0.270696 0.0623261 -0.960645 -0.0109989 -0.00480175 -0.999928 0.0270182 -0.0262338 -0.999291 -0.152036 -0.113414 -0.981846 -0.215651 -0.0473935 -0.97532 -0.0679713 0.145125 -0.987076 -0.214034 0.0804566 -0.973507 0.0271578 0.0538942 -0.998177 -0.163998 -0.0489959 -0.985243 -0.0422949 0.017851 -0.998946 0.0136131 0.09654 -0.995236 0.494891 0.515722 -0.699366 -0.0774785 0.188949 -0.978926 -0.0953818 0.0583278 -0.99373 -0.0586987 0.181769 -0.981588 0.0222463 0.353523 -0.935161 0.05763 -0.0273746 -0.997963 0.0135217 -0.0303667 -0.999447 -0.363702 -0.170405 -0.915796 0.262047 0.0423717 -0.964124 -0.0384379 0.0314863 -0.998765 0.394258 0.181078 -0.900984 -0.0212726 0.0597895 -0.997984 -0.0553845 0.0586725 -0.99674 0.0822041 -0.057584 -0.994951 0.0660972 0.0037979 -0.997806 0.356506 0.177188 -0.917337 0.131015 0.0288999 -0.990959 -0.13735 0.116653 -0.98363 -0.0550326 0.0927505 -0.994167 -0.162205 0.0507806 -0.98545 -0.0478127 0.0247589 -0.998549 -0.0231776 -0.0777064 -0.996707 -0.0146471 0.0247912 -0.999585 -0.133074 0.086735 -0.987304 -0.0888003 0.0543959 -0.994563 0.107362 0.0209081 -0.994 0.0593733 0.00211339 -0.998234 0.0492087 -0.151796 -0.987186 -0.108122 0.0105747 -0.994081 -0.138018 0.106104 -0.98473 -0.0742397 0.0602956 -0.995416 -0.252159 0.0789076 -0.964463 0.100721 0.125675 -0.986945 -0.0410669 0.0573692 -0.997508 0.108643 0.0861345 -0.990342 -0.101728 0.0142659 -0.99471 -0.0510756 0.0147079 -0.998586 -0.0404253 0.0363738 -0.99852 -0.0267587 -0.0120883 -0.999569 -0.182033 0.112415 -0.976845 0.00491506 0.0470174 -0.998882 -0.10834 0.10467 -0.988588 -0.0327374 -0.111931 -0.993177 -0.086448 0.00907107 -0.996215 -0.0971694 0.0531649 -0.993847 0.0981805 0.0323724 -0.994642 -0.0122358 0.129409 -0.991516 -0.106726 -0.0658994 -0.992102 -0.0384254 -0.0339452 -0.998685 -0.053115 0.0974892 -0.993818 -0.0403206 0.122178 -0.991689 -0.0839616 0.0314543 -0.995972 -0.293622 -0.0919416 -0.95149 0.116484 0.149854 -0.981822 0.0896109 0.218279 -0.971763 -0.0260612 0.0209387 -0.999441 0.0762572 -0.389662 -0.917795 0.404992 -0.0917546 -0.909705 -0.0990578 -0.0414084 -0.99422 0.0562491 -0.15905 -0.985667 -0.209923 0.234076 -0.949284 -0.0503568 0.136361 -0.989379 0.0174047 0.0938355 -0.995436 -0.398308 -0.167297 -0.901866 0.406889 0.253336 -0.877646 -0.0276577 -0.00511939 -0.999604 0.108398 0.0120602 -0.994034 -0.136618 -0.021757 -0.990385 -0.0419747 0.114277 -0.992562 0.0198601 -0.0706329 -0.997305 0.0546947 0.226753 -0.972415 -0.184489 0.235507 -0.954201 -0.254363 0.17735 -0.950708 0.0854041 0.123231 -0.988696 0.215089 0.20605 -0.95461 -0.229235 -0.116081 -0.966425 0.109239 0.0567807 -0.992392 0.322867 0.291754 -0.900354 -0.214942 0.00537991 -0.976612 0.12204 -0.342829 -0.931437 -0.343271 -0.0232466 -0.938949 -0.282009 -0.10193 -0.953982 0.235113 0.0707152 -0.969392 -0.185105 0.0017787 -0.982717 0.0113004 0.0680464 -0.997618 0.0694411 0.267977 -0.96092 -0.148735 -0.179474 -0.972454 -0.0146542 0.054004 -0.998433 -0.0569098 0.0493576 -0.997159 0.137489 0.140891 -0.980432 -0.0547182 0.215152 -0.975046 -0.0366772 0.0433156 -0.998388 -0.142371 -0.0253514 -0.989489 0.0208428 0.0919875 -0.995542 0.177305 0.106631 -0.978362 -0.0408137 -0.00384883 -0.999159 -0.0195611 -0.0225018 -0.999555 -0.0906002 0.0274446 -0.995509 0.0412828 -0.136188 -0.989823 0.0025711 0.0490747 -0.998792 0.116094 -0.0141291 -0.993138 -0.0568538 -0.0586323 -0.996659 -0.132565 -0.179946 -0.974703 -0.163265 -0.0237014 -0.986297 -0.0413165 0.0314985 -0.998649 -0.0108141 -0.102766 -0.994647 -0.0762968 0.0518912 -0.995734 0.0407826 -0.00409825 -0.99916 -0.0849305 0.0490105 -0.995181 -0.137327 -0.0329096 -0.989979 -0.536356 0.310747 -0.784703 -0.878643 0.45717 -0.137773 -0.643535 0.118689 -0.756158 -0.898107 0.315422 -0.306453 -0.95521 0.138273 0.261636 -0.239598 0.876999 -0.416492 -0.151954 0.974001 -0.168023 0.786915 0.567043 0.243367 0.886231 0.443866 0.132582 -0.730963 0.404431 0.549662 -0.87293 0.486828 0.0315007 0.41889 0.437462 -0.795713 -0.130485 0.496522 -0.85816 -0.00330045 0.177162 -0.984176 0.105432 0.429495 -0.896894 0.481084 0.241664 -0.842708 0.662398 0.551885 -0.506608 0.803232 0.394104 -0.446655 -0.786937 0.614638 0.0543226 -0.318682 0.936215 -0.148135 -0.730137 0.326134 -0.600447 0.179391 0.584496 -0.791318 -0.0866295 0.723633 -0.684727 -0.98009 0.187258 -0.0660118 0.704341 0.467083 -0.534544 -0.569091 0.265528 -0.778223 -0.608301 0.422406 -0.67197 0.0495169 0.20844 -0.976781 -0.799168 -0.0817204 -0.595527 -0.0599084 0.350326 -0.93471 -0.663801 0.0920451 -0.742224 -0.323512 -0.232661 -0.917175 0.185928 0.505192 -0.842741 0.533866 -0.207909 -0.81961 -0.214193 -0.0378131 -0.976059 -0.25812 -0.054863 -0.964554 -0.297883 -0.070325 -0.952009 -0.0716143 -0.144154 -0.986961 -0.367963 0.152633 -0.917227 0.193465 -0.440756 -0.87653 0.790489 0.0939551 -0.605227 0.0933063 0.380536 -0.920047 -0.362826 0.264806 -0.89344 -0.0627356 0.0469184 -0.996927 -0.260417 0.123261 -0.957596 -0.325509 -0.184955 -0.927273 -0.0972732 0.0933957 -0.990866 -0.0836471 0.104281 -0.991024 -0.408058 -0.18648 -0.893708 -0.375931 -0.163223 -0.912159 -0.110324 0.0992851 -0.988924 -0.085084 0.00155535 -0.996373 -0.136908 0.0751053 -0.987732 -0.0831881 -0.0210236 -0.996312 -0.0354367 -0.214155 -0.976157 -0.0712201 -0.153851 -0.985524 -0.276962 0.0775153 -0.957749 0.0773022 0.0207619 -0.996792 -0.0896277 -0.0384092 -0.995234 -0.177226 0.0356708 -0.983523 -0.159213 0.0196364 -0.987049 -0.150528 -0.154788 -0.976413 0.0141653 0.222235 -0.97489 0.376352 0.171876 -0.910394 0.0714184 -0.0386402 -0.996698 -0.0386159 0.172919 -0.984179 0.0612918 0.203131 -0.977231 0.084358 -0.423125 -0.902136 0.0226153 -0.131274 -0.991088 0.0315084 -0.0545062 -0.998016 -0.184166 0.217937 -0.958429 -0.187214 -0.0504692 -0.981022 -0.0847639 -0.00802683 -0.996369 -0.153277 0.170203 -0.973415 -0.0341816 0.048486 -0.998239 -0.0391093 -0.0738546 -0.996502 0.607758 -0.284906 -0.741255 -0.491716 -0.590008 -0.640395 -0.272483 0.514307 -0.813168 0.753973 0.28537 -0.591683 0.424485 0.767633 -0.480159 0.342014 -0.401877 -0.849424 -0.417327 0.724687 -0.548331 -0.0257692 -0.419568 -0.907358 -0.00849716 0.504798 -0.863196 0.343762 0.194836 -0.918622 -0.271873 -0.545687 -0.792661 -0.783448 0.118326 -0.610089 -0.502327 0.0371123 -0.863881 -0.0963059 0.260202 -0.960739 -0.301007 -0.218724 -0.9282 0.00434177 -0.116337 -0.9932 0.0128735 0.1886 -0.98197 -0.26158 -0.126853 -0.956809 -0.0658829 0.0720376 -0.995224 -0.106521 -0.0392012 -0.993537 0.0285923 0.157367 -0.987126 -0.00232696 0.0202077 -0.999793 -0.00280005 -0.0272672 -0.999624 0.00275014 0.018763 -0.99982 0.0112003 0.0120072 -0.999865 -0.16705 -0.0378876 -0.98522 -0.226027 0.0210151 -0.973894 -0.340477 -0.0452326 -0.939164 -0.0706881 -0.0591769 -0.995742 -0.00104413 0.00696783 -0.999975 -0.14306 0.300364 -0.943035 0.102609 -0.00380969 -0.994715 -0.0394768 -0.0294876 -0.998785 -0.0345019 -0.0571617 -0.997769 -0.0919556 0.134779 -0.9866 -0.00724621 0.0184075 -0.999804 -0.166726 -0.0573326 -0.984335 0.0978311 -0.0466894 -0.994107 -0.0396484 -0.0271586 -0.998845 0.080554 0.0203752 -0.996542 -0.0229464 0.00595035 -0.999719 -0.109494 0.0135318 -0.993895 -0.0858115 0.0964393 -0.991633 -0.0579219 -0.0149226 -0.99821 -0.0554923 -0.116155 -0.99168 -0.250166 0.0021294 -0.968201 -0.223811 -0.00614443 -0.974613 -0.057881 -0.149801 -0.987021 -0.0988574 0.125163 -0.987199 -0.0389255 -0.00983787 -0.999194 -0.833099 0.475422 -0.282702 -0.858774 0.455684 -0.234219 -0.857693 0.426647 -0.286942 -0.825341 0.360414 -0.434642 -0.78956 0.608691 0.0780362 -0.734863 0.552081 -0.393934 -0.588743 0.794688 -0.147829 -0.922498 0.340017 -0.182719 -0.114481 0.494105 0.861832 -0.920728 0.190969 -0.340279 0.0088015 0.094606 0.995476 0.512943 0.127994 0.848827 -0.0739815 0.0597074 0.995471 0.192135 0.798615 0.57035 -0.85653 0.36749 -0.362363 -0.845418 0.520197 -0.121092 0.758522 0.505642 0.41106 0.457933 0.783946 0.419197 -0.595264 0.793705 0.125273 0.0516117 0.771095 0.634625 -0.249111 0.0866647 0.96459 0.141267 0.652101 0.744854 0.614037 0.623568 0.48386 -0.30282 0.456996 0.836334 0.157394 0.753615 0.638194 -0.312915 0.476313 0.821712 0.637618 0.680309 0.361417 0.530528 0.602342 0.596426 -0.42088 0.569355 0.706184 -0.605745 0.301716 0.736234 -0.00674556 0.713109 0.701021 -0.669841 0.253531 0.697879 -0.100188 0.751831 0.651699 0.386378 0.831312 0.399539 -0.909254 0.287509 0.300991 -0.27065 0.835696 0.477871 0.449256 0.454608 0.769091 0.215297 0.533062 0.818225 -0.926308 0.333863 -0.174614 -0.741698 0.333844 -0.581749 0.66112 0.391051 0.640312 -0.497502 0.8561 -0.139946 0.512031 0.660126 0.549599 0.641526 0.491556 0.588912 -0.12973 0.943301 0.305538 -0.938179 0.2185 -0.268475 0.492783 0.0118724 0.870071 0.428188 0.0621462 0.90155 0.605584 0.546481 0.578469 -0.0783808 0.610148 -0.788401 -0.867126 -0.497936 0.0123177 0.310433 0.478227 0.821542 0.255909 0.436858 0.86236 0.402002 0.538931 0.740235 -0.153367 0.616108 0.772587 -0.837502 0.531211 0.128081 0.658015 0.625949 0.418574 -0.555952 0.830287 -0.039264 0.435865 0.0597825 0.898024 -0.184954 0.599921 0.778388 -0.0508844 0.649614 0.758559 -0.772202 0.63501 -0.021589 -0.401453 0.865558 -0.299408 -0.489831 0.871736 -0.0119231 -0.537267 0.683872 -0.493623 -0.512598 0.725374 -0.459431 -0.543675 0.578275 -0.608289 -0.592088 0.646544 -0.481054 -0.294855 0.671713 -0.679604 0.130073 -0.116252 0.984666 0.193128 0.38344 0.903147 0.134985 0.83057 0.540308 -0.302449 0.953008 0.0173107 0.394285 0.88987 -0.229501 -0.150952 0.77442 -0.6144 0.713257 0.667268 -0.214517 -0.178066 0.706149 -0.685307 0.100257 0.450107 -0.887329 0.804963 0.0252487 -0.592787 0.243514 0.490608 -0.836663 0.0117413 0.481662 -0.876279 -0.29543 -0.0905037 -0.951068 0.690398 -0.225624 0.687346 0.948718 -0.192232 -0.25096 -0.460723 0.114436 -0.880136 0.962648 0.263605 0.0618159 0.465967 0.51599 -0.718769 0.883242 0.303374 -0.357559 0.900996 0.32583 -0.286428 0.771114 0.322519 -0.548967 0.264309 0.29338 -0.918732 0.244615 0.278335 -0.928813 0.661515 0.247212 -0.708014 0.0162065 0.573175 -0.819273 -0.00643045 0.574321 -0.818605 0.176623 0.309583 -0.934325 0.250449 0.467002 -0.848047 0.120779 0.0865894 -0.988896"/>
    <TextureCoordinate point="0.404028 0.154442 0.411231 0.158148 0.403689 0.157095 0.398096 0.156706 0.424084 0.137493 0.430475 0.144359 0.418702 0.147006 0.428109 0.154914 0.366744 0.152612 0.360498 0.165312 0.353047 0.158122 0.445096 0.151026 0.43803 0.143239 0.450551 0.140263 0.403664 0.15028 0.369211 0.157757 0.371006 0.168746 0.358879 0.181563 0.370349 0.190647 0.364015 0.189486 0.376372 0.163858 0.368811 0.196806 0.421533 0.154021 0.455393 0.109045 0.453863 0.0941281 0.462933 0.100828 0.383837 0.166797 0.358117 0.202788 0.349151 0.210984 0.352358 0.199808 0.348013 0.153384 0.359933 0.151274 0.461862 0.115867 0.381976 0.170714 0.354006 0.141264 0.423072 0.159129 0.426404 0.164161 0.444336 0.0975891 0.444308 0.111324 0.434619 0.0992177 0.434886 0.153742 0.432734 0.15975 0.37479 0.175007 0.435485 0.112059 0.415341 0.160088 0.346873 0.185968 0.348783 0.192416 0.336251 0.18885 0.437354 0.116522 0.421289 0.164042 0.379707 0.178782 0.424122 0.102823 0.4672 0.12655 0.479423 0.118661 0.426524 0.111442 0.368689 0.179163 0.361982 0.208161 0.429861 0.127985 0.442495 0.121359 0.368221 0.202561 0.46223 0.143653 0.467225 0.154336 0.460824 0.152066 0.475497 0.133297 0.415159 0.15425 0.334603 0.196681 0.468991 0.134687 0.45645 0.13631 0.451292 0.12916 0.457562 0.128473 0.460159 0.160003 0.342079 0.20722 0.40339 0.128549 0.386277 0.118892 0.401579 0.114926 0.416725 0.164701 0.478516 0.144265 0.416426 0.124141 0.40825 0.114261 0.414655 0.112487 0.411258 0.122474 0.394536 0.146166 0.407202 0.131194 0.39146 0.153374 0.442215 0.135276 0.445933 0.132162 0.375357 0.186848 0.485003 0.150205 0.474288 0.155045 0.448462 0.159103 0.452085 0.150246 0.408048 0.162867 0.441499 0.162634 0.439627 0.15624 0.45595 0.14421 0.430838 0.16606 0.434055 0.166554 0.426081 0.121568 0.359939 0.194032 0.363813 0.194477 0.460096 0.165024 0.455676 0.169658 0.37911 0.195701 0.353233 0.169691 0.354073 0.177172 0.419679 0.130886 0.430597 0.137086 0.444962 0.168035 0.354221 0.189096 0.363184 0.174715 0.339347 0.178645 0.340943 0.171943 0.411937 0.139149 0.408045 0.145914 0.413086 0.147497 0.357598 0.208301 0.469548 0.110639 0.414267 0.0839152 0.424316 0.0877954 0.415234 0.0979956 0.353216 0.214598 0.409475 0.0905505 0.467453 0.14455 0.470231 0.147699 0.342057 0.143829 0.336514 0.148432 0.363384 0.21654 0.358741 0.217584 0.470413 0.160838 0.333295 0.181847 0.454995 0.115779 0.487603 0.107894 0.500326 0.118136 0.486411 0.120772 0.352661 0.18623 0.455745 0.157605 0.486843 0.134734 0.350698 0.163148 0.513109 0.130425 0.494939 0.137679 0.328395 0.186655 0.455985 0.0801203 0.444756 0.0866883 0.34134 0.213049 0.345072 0.222886 0.339144 0.164707 0.405083 0.106715 0.387037 0.158731 0.378527 0.10563 0.388035 0.105955 0.398214 0.0976355 0.391483 0.110901 0.333282 0.207801 0.322744 0.203541 0.330196 0.159858 0.333975 0.155163 0.336687 0.220236 0.3928 0.127025 0.384201 0.125485 0.331881 0.171998 0.32504 0.164469 0.329841 0.212238 0.363942 0.22952 0.358477 0.223543 0.364938 0.224429 0.357237 0.134454 0.505724 0.143298 0.520757 0.146233 0.497875 0.149856 0.402224 0.139611 0.398618 0.138535 0.490757 0.142361 0.392052 0.134748 0.348579 0.135123 0.385386 0.139448 0.384369 0.145412 0.371633 0.146075 0.37919 0.129733 0.486768 0.158223 0.477554 0.160673 0.380421 0.150108 0.364459 0.143508 0.390579 0.0901227 0.395366 0.0845224 0.390114 0.0808346 0.383996 0.0938684 0.430281 0.0647821 0.436713 0.0642412 0.429903 0.072792 0.353719 0.227899 0.383525 0.185204 0.387542 0.176894 0.396666 0.161064 0.482415 0.0995585 0.522494 0.0983951 0.529684 0.112611 0.520407 0.107644 0.422888 0.0610157 0.424474 0.0770495 0.435441 0.0799363 0.324894 0.152642 0.523855 0.125802 0.389331 0.0981371 0.387191 0.188518 0.464456 0.0486887 0.468157 0.0616168 0.445209 0.0434397 0.506233 0.100974 0.450028 0.0548261 0.466487 0.17257 0.368881 0.132992 0.369493 0.12251 0.4381 0.0891464 0.531139 0.130414 0.535248 0.139983 0.523678 0.134266 0.484609 0.0720166 0.475297 0.083049 0.316012 0.155685 0.31633 0.161177 0.374778 0.136134 0.320836 0.16556 0.464799 0.0779481 0.535656 0.15214 0.355966 0.12605 0.363281 0.093085 0.36836 0.103029 0.397459 0.061307 0.408828 0.0774442 0.394311 0.0772806 0.345788 0.132559 0.326878 0.171434 0.338053 0.138532 0.323625 0.144356 0.377059 0.199198 0.502886 0.155199 0.334472 0.175581 0.351008 0.110734 0.369555 0.0769875 0.367346 0.236343 0.365817 0.24239 0.358856 0.241766 0.374037 0.0911013 0.430347 0.0490276 0.485961 0.083552 0.494626 0.0975863 0.31165 0.141656 0.41845 0.0744495 0.37882 0.137994 0.375559 0.117678 0.404539 0.0860506 0.489188 0.153282 0.330695 0.192652 0.510994 0.107486 0.326319 0.19057 0.322061 0.197464 0.317517 0.199604 0.470785 0.0900246 0.321121 0.21453 0.313807 0.208741 0.306145 0.216727 0.319983 0.219165 0.315484 0.236933 0.416256 0.05224 0.412104 0.0606464 0.322095 0.178517 0.330643 0.178473 0.381948 0.156987 0.320902 0.185833 0.315915 0.241545 0.28666 0.233147 0.406419 0.0391786 0.424006 0.0400831 0.475135 0.16925 0.313719 0.184897 0.405759 0.054169 0.30516 0.149637 0.310055 0.15899 0.39452 0.165476 0.315181 0.19072 0.307137 0.181641 0.350233 0.226176 0.463992 0.0295308 0.42313 0.174614 0.312982 0.169413 0.317074 0.195493 0.457814 0.17746 0.355815 0.231555 0.320349 0.170714 0.38552 0.197145 0.443569 0.173154 0.294052 0.160152 0.298991 0.16419 0.295349 0.170527 0.493314 0.157932 0.483769 0.165158 0.303256 0.17025 0.309326 0.193695 0.450512 0.176356 0.383501 0.202299 0.390735 0.0688938 0.30754 0.201098 0.299401 0.185697 0.357819 0.0976771 0.331261 0.223063 0.358421 0.109485 0.298353 0.136457 0.370716 0.205852 0.376337 0.073864 0.336535 0.235012 0.478163 0.0528703 0.324942 0.231399 0.343162 0.235623 0.329851 0.218374 0.324609 0.132163 0.366363 0.111896 0.558236 0.106506 0.562727 0.0806904 0.571537 0.105144 0.347567 0.239116 0.356611 0.23969 0.435327 0.0552457 0.54697 0.0874219 0.542871 0.105854 0.534806 0.0857473 0.339233 0.245489 0.508261 0.0695401 0.505397 0.0854574 0.353547 0.249447 0.519344 0.079099 0.530691 0.0722893 0.301168 0.22875 0.298176 0.220083 0.331755 0.235199 0.345738 0.253727 0.325992 0.221956 0.550859 0.113171 0.532609 0.121143 0.354598 0.258677 0.365328 0.231765 0.574189 0.133618 0.556941 0.13443 0.362361 0.255633 0.570936 0.147943 0.560011 0.146225 0.476097 0.092266 0.324947 0.239862 0.323811 0.245899 0.493144 0.0371749 0.494299 0.0566804 0.318039 0.255256 0.388713 0.195607 0.583262 0.0860381 0.478845 0.0343118 0.327352 0.24511 0.329015 0.25043 0.586323 0.108148 0.334803 0.249321 0.366568 0.083707 0.354939 0.0892186 0.307463 0.205617 0.294965 0.200628 0.312591 0.255958 0.305524 0.177878 0.344756 0.119747 0.337706 0.121227 0.445566 0.0270166 0.431101 0.00562834 0.449298 0.0111814 0.586114 0.126834 0.545662 0.0449848 0.534955 0 0.55778 0.0294176 0.332099 0.130836 0.549879 0.11989 0.289948 0.158838 0.527043 0.0185377 0.580712 0.157923 0.572298 0.161582 0.36694 0.214929 0.53228 0.0401821 0.565876 0.0546006 0.547526 0.0750755 0.344725 0.103343 0.354414 0.0964682 0.29362 0.206712 0.549807 0.133909 0.389271 0.0443619 0.384872 0.0291493 0.547793 0.154776 0.292682 0.179228 0.417076 0.027441 0.559365 0.16307 0.291888 0.212105 0.370853 0.222902 0.341533 0.256646 0.344467 0.113602 0.303357 0.123996 0.370086 0.234256 0.508485 0.0564563 0.540514 0.0618537 0.288518 0.184172 0.295964 0.192962 0.434789 0.172319 0.313663 0.21324 0.364418 0.0457207 0.379968 0.0526569 0.367722 0.0607917 0.510754 0.153636 0.290994 0.224361 0.397449 0.0466026 0.302664 0.154795 0.385991 0.0643754 0.370315 0.0676933 0.297045 0.24504 0.513413 0.0416873 0.531353 0.0497401 0.527586 0.0574918 0.497112 0.164672 0.506368 0.162098 0.391934 0.195753 0.378996 0.0425477 0.283559 0.200182 0.289192 0.202339 0.335324 0.244631 0.307168 0.249253 0.283694 0.211975 0.346626 0.0930067 0.344773 0.0829969 0.362423 0.0547346 0.318475 0.116142 0.332562 0.117429 0.335146 0.260558 0.334929 0.0999774 0.32689 0.261064 0.298206 0.175935 0.387833 0.203802 0.464542 0.178321 0.526262 0.153884 0.47728 0.00799104 0.282034 0.177811 0.58684 0.120297 0.31405 0.127547 0.335337 0.105913 0.510072 9.73754e-05 0.362364 0.261878 0.354916 0.061705 0.519216 0.0192001 0.375794 0.256689 0.339558 0.108804 0.338675 0.238995 0.428121 0.174015 0.282226 0.220095 0.585606 0.0304552 0.35904 0.0696978 0.508103 0.0112622 0.581423 0.0606533 0.289668 0.190306 0.349626 0.0667038 0.317602 0.261189 0.299953 0.2689 0.404225 0.0206643 0.554946 0.00787696 0.507442 0.0299275 0.498269 0.0208556 0.499453 0.00379789 0.473365 0.0223478 0.380471 0.208227 0.278375 0.229788 0.37984 0.215172 0.560006 0.170157 0.394842 0.175885 0.377791 0.216136 0.281009 0.242631 0.324762 0.109626 0.349061 0.0584836 0.5456 0.162988 0.345572 0.0751162 0.291423 0.253094 0.315078 0.119405 0.351736 0.078803 0.519857 0.160122 0.309805 0.111115 0.317782 0.10969 0.339349 0.0788992 0.284402 0.188554 0.28677 0.194348 0.291992 0.195043 0.330605 0.241951 0.300023 0.257263 0.278602 0.1986 0.295213 0.149208 0.294469 0.269385 0.491793 0.170803 0.324225 0.0959738 0.328065 0.0933036 0.329847 0.102273 0.479433 0.17092 0.473705 0.17494 0.467464 0.179404 0.391721 0.189279 0.392903 0.180869 0.350387 0.264588 0.372995 0.238773 0.369147 0.250924 0.352472 0.0513285 0.343713 0.0631862 0.332914 0.065351 0.526961 0.164716 0.269531 0.239402 0.383385 0.216107 0.519571 0.170956 0.311767 0.101863 0.302742 0.101647 0.374675 0.221184 0.272345 0.246557 0.508056 0.174393 0.341595 0.0542323 0.299249 0.117715 0.373444 0.230339 0.499938 0.173247 0.334448 0.239521 0.316965 0.0697216 0.326924 0.068743 0.328508 0.075549 0.438695 0.176799 0.458445 0.185728 0.460704 0.188107 0.455431 0.193603 0.445247 0.183392 0.277977 0.216265 0.390786 0.202825 0.413881 0.168995 0.394449 0.194343 0.4592 0.197935 0.4572 0.201178 0.39376 0.212676 0.449867 0.20161 0.373626 0.250905 0.31313 0.0865265 0.382213 0.221613 0.569276 0.173537 0.379161 0.230743 0.320496 0.0783651 0.278771 0.210138 0.484045 0.173258 0.40257 0.170429 0.394318 0.184569 0.33482 0.242437 0.379882 0.236258 0.393792 0.206651 0.445836 0.190811 0.448509 0.195858 0.38594 0.240413 0.383028 0.248187 0.396025 0.221137 0.453937 0.20755 0.554326 0.176466 0.456492 0.209711 0.388277 0.223763 0.540233 0.170299 0.445243 0.208542 0.442612 0.204377 0.385608 0.252934 0.383085 0.229527 0.52763 0.17631 0.381615 0.263707 0.38419 0.256659 0.479239 0.177014 0.490599 0.178897 0.435769 0.215206 0.447633 0.215845 0.474912 0.18184 0.433326 0.178517 0.431949 0.20988 0.434647 0.204521 0.425183 0.210414 0.43105 0.218426 0.433883 0.222805 0.425177 0.226526 0.426499 0.219363 0.434018 0.228393 0.436841 0.197454 0.493177 0.174524 0.388072 0.238026 0.50093 0.177598 0.454883 0.216553 0.465435 0.189672 0.438306 0.185827 0.398608 0.193836 0.40105 0.172161 0.409756 0.214185 0.405123 0.20962 0.410973 0.209467 0.399046 0.199951 0.420258 0.217582 0.421566 0.207647 0.422555 0.202245 0.4265 0.20666 0.420767 0.225159 0.46354 0.194789 0.441343 0.220095 0.401964 0.208128 0.432729 0.232699 0.427166 0.233043 0.424458 0.232836 0.538444 0.18074 0.389737 0.246684 0.391484 0.252608 0.52149 0.183629 0.391158 0.258614 0.516208 0.178229 0.395404 0.228782 0.390669 0.231114 0.449388 0.222104 0.4165 0.177829 0.391558 0.240018 0.439674 0.229017 0.433042 0.184876 0.433198 0.187426 0.415328 0.223456 0.415476 0.21105 0.428771 0.194551 0.424254 0.194354 0.417916 0.195361 0.463077 0.204876 0.39577 0.248993 0.408501 0.225649 0.409737 0.229118 0.419996 0.231011 0.403843 0.216077 0.40196 0.223893 0.38705 0.229608 0.426064 0.23887 0.429747 0.177338 0.414346 0.205679 0.424265 0.179835 0.426259 0.185678 0.427412 0.190966 0.420825 0.239199 0.41692 0.2374 0.40149 0.228409 0.4113 0.239683 0.396397 0.237668 0.387629 0.232839 0.413265 0.241 0.420291 0.242096 0.423721 0.242037 0.422354 0.245434 0.419512 0.245265 0.406528 0.229347 0.407035 0.235528 0.415712 0.243847 0.444763 0.225645 0.395605 0.242244 0.410599 0.174 0.396516 0.25391 0.394279 0.257667 0.400683 0.188177 0.404918 0.200989 0.419694 0.185268 0.422611 0.187701 0.419617 0.190717 0.468204 0.190258 0.486104 0.182922 0.463244 0.200538 0.405262 0.23982 0.40081 0.241374 0.41275 0.242946 0.397493 0.246698 0.414063 0.246294 0.419511 0.247909 0.407889 0.241053 0.402817 0.196757 0.409009 0.201475 0.399102 0.245426 0.417355 0.182014 0.404877 0.222141 0.418121 0.190247 0.416389 0.248548 0.413064 0.248178 0.432431 0.238064 0.426798 0.246295 0.396844 0.256902 0.396421 0.263184 0.391946 0.261486 0.507 0.182677 0.482641 0.182094 0.502448 0.180808 0.478442 0.182094 0.400641 0.182817 0.409778 0.242713 0.477937 0.186345 0.403637 0.192372 0.414086 0.197549 0.422048 0.249337 0.437279 0.236868 0.418079 0.252341 0.482704 0.190871 0.47511 0.193854 0.465652 0.19932 0.333936 0.242253 0.460075 0.215393 0.455325 0.220487 0.400024 0.252249 0.39992 0.255052 0.44496 0.230331 0.400115 0.259432 0.402959 0.242307 0.404331 0.176339 0.415132 0.183454 0.413913 0.250066 0.479632 0.208438 0.473415 0.202788 0.482083 0.20194 0.466401 0.209564 0.429387 0.24267 0.426624 0.250789 0.401363 0.265056 0.493316 0.183663 0.515708 0.188119 0.491168 0.202116 0.487403 0.207433 0.422265 0.253535 0.399028 0.250326 0.40175 0.259903 0.407097 0.192913 0.429526 0.249738 0.456509 0.227578 0.488984 0.190314 0.488134 0.197041 0.444178 0.237837 0.410198 0.247727 0.416435 0.255284 0.496802 0.204821 0.403211 0.187759 0.413521 0.195339 0.410459 0.196813 0.413215 0.188673 0.4137 0.192911 0.402685 0.25494 0.432787 0.241935 0.40399 0.264639 0.50745 0.190284 0.520586 0.193861 0.479721 0.211647 0.503102 0.186418 0.46576 0.214423 0.448107 0.231843 0.490163 0.186426 0.401674 0.245571 0.500178 0.199479 0.426782 0.253086 0.420641 0.256326 0.411797 0.178891 0.407593 0.178286 0.404531 0.17973 0.414286 0.25392 0.413075 0.251992 0.401661 0.250508 0.496743 0.194374 0.401278 0.184495 0.411422 0.195196 0.408708 0.193272 0.432452 0.245995 0.471697 0.215076 0.408542 0.246706 0.504534 0.193482 0.496084 0.186619 0.491067 0.212055 0.43604 0.241314 0.411835 0.1811 0.404827 0.186048 0.410861 0.189988 0.485916 0.211221 0.510968 0.194198 0.465943 0.218916 0.40343 0.24493 0.510586 0.201697 0.401046 0.248982 0.461769 0.222094 0.422624 0.256536 0.413077 0.256093 0.417268 0.26013 0.495523 0.214589 0.435458 0.247102 0.403578 0.258913 0.407805 0.182216 0.404671 0.261161 0.438189 0.244711 0.40355 0.252481 0.501652 0.18837 0.410358 0.193658 0.480532 0.217177 0.461692 0.227661 0.452089 0.232815 0.446732 0.242293 0.407536 0.185731 0.406735 0.244449 0.403419 0.247853 0.485541 0.217349 0.468936 0.223802 0.478254 0.220752 0.444813 0.244743 0.407364 0.188907 0.431309 0.258167 0.405401 0.244539 0.485359 0.220708 0.40484 0.250147 0.425945 0.256931 0.456637 0.234552 0.417289 0.263309 0.450429 0.237923 0.4113 0.250249 0.41048 0.1849 0.480641 0.222784 0.407972 0.245267 0.41211 0.185281 0.405984 0.256666 0.460896 0.235025 0.466754 0.228907 0.405213 0.252885 0.41149 0.182923 0.434642 0.252407 0.471836 0.227081 0.404646 0.246893 0.405829 0.250011 0.409564 0.250104 0.409845 0.251294 0.411765 0.253151 0.40946 0.188795 0.410277 0.181042 0.441988 0.249474 0.406553 0.254041 0.455177 0.238603 0.404198 0.247871 0.407068 0.251696 0.475927 0.22957 0.446578 0.248779 0.453111 0.243705 0.469432 0.231382 0.439156 0.253672 0.406092 0.245888 0.408664 0.247917 0.40664 0.248531 0.471398 0.234663 0.463331 0.238502 0.40671 0.24646 0.404819 0.247427 0.407955 0.249127 0.408262 0.251314 0.408765 0.251842 0.473926 0.237164 0.408306 0.253423 0.444029 0.252722 0.434358 0.262231 0.460435 0.243378 0.450856 0.247167 0.440883 0.259357 0.467169 0.239859 0.449852 0.253972 0.45524 0.249742 0.442411 0.262697 0.460456 0.248106 0.455466 0.252862 0.45022 0.258092 0.463236 0.247428 0.437905 0.268994 0.444699 0.264795 0.457618 0.253486 0.452426 0.258069 0.448758 0.262135 0.445441 0.268392 0.451168 0.268565 0.452601 0.262607 0.456069 0.260016 0.796011 0.232278 0.785569 0.24287 0.786145 0.23381 0.851304 0.2089 0.844662 0.221512 0.837668 0.212464 0.838632 0.20661 0.827507 0.224791 0.821099 0.230821 0.816857 0.225262 0.820381 0.219054 0.829633 0.213481 0.807783 0.225722 0.805579 0.216649 0.814951 0.212113 0.803528 0.222066 0.814521 0.202785 0.807004 0.214014 0.79304 0.222901 0.793736 0.216892 0.805532 0.233169 0.791748 0.229412 0.781858 0.225705 0.836708 0.224486 0.834584 0.203217 0.883752 0.206074 0.870575 0.200406 0.890076 0.199139 0.85411 0.206249 0.841899 0.192515 0.826864 0.194523 0.81847 0.191419 0.807774 0.198375 0.799967 0.21699 0.786716 0.214658 0.798735 0.205526 0.780713 0.2188 0.772498 0.22871 0.799099 0.198992 0.791983 0.200712 0.776656 0.237574 0.783982 0.207327 0.778825 0.207806 0.774731 0.210745 0.896056 0.190709 0.882037 0.195163 0.848292 0.200125 0.857233 0.19662 0.874832 0.188767 0.86627 0.192669 0.841316 0.184661 0.833196 0.185759 0.87068 0.182981 0.863838 0.185232 0.776121 0.225142 0.773636 0.219157 0.803525 0.194116 0.783351 0.202304 0.788686 0.198132 0.766355 0.20587 0.765636 0.220607 0.886198 0.189607 0.816392 0.170827 0.829294 0.170514 0.815475 0.182845 0.890994 0.174047 0.805993 0.181835 0.879814 0.178375 0.877217 0.169667 0.835283 0.179685 0.82553 0.182149 0.809677 0.189225 0.855613 0.17838 0.845454 0.177099 0.84853 0.166181 0.858936 0.158165 0.858596 0.171667 0.766861 0.214944 0.760449 0.213236 0.765667 0.211267 0.839406 0.157575 0.801631 0.189379 0.82699 0.163128 0.79845 0.195326 0.794744 0.187115 0.791883 0.192425 0.778641 0.197456 0.801122 0.173554 0.78008 0.191067 0.785602 0.18471 0.772579 0.202341 0.771483 0.19635 0.886287 0.16559 0.870251 0.175452 0.7609 0.201195 0.769524 0.238017 0.910036 0.157854 0.904979 0.170975 0.901275 0.162015 0.889991 0.157899 0.87843 0.159692 0.87028 0.164566 0.763617 0.223213 0.752966 0.223028 0.758248 0.218802 0.752992 0.227896 0.747239 0.231347 0.874327 0.154537 0.88754 0.147825 0.745574 0.219739 0.863775 0.149196 0.754665 0.21 0.748775 0.218087 0.759676 0.207758 0.835403 0.149283 0.845599 0.14466 0.819542 0.157589 0.827343 0.152901 0.808367 0.1683 0.78889 0.179899 0.768957 0.246165 0.791645 0.173844 0.767151 0.187922 0.776326 0.180361 0.814446 0.155817 0.80821 0.159048 0.798035 0.164057 0.912915 0.146985 0.893152 0.153391 0.924507 0.134202 0.926361 0.151865 0.908274 0.133455 0.76588 0.230714 0.783255 0.179465 0.758759 0.191175 0.76091 0.228921 0.742022 0.229194 0.756312 0.196522 0.748312 0.212315 0.870863 0.145217 0.748489 0.207322 0.747967 0.203289 0.855307 0.149625 0.847694 0.129276 0.836356 0.139115 0.865447 0.128755 0.766782 0.241912 0.76566 0.236476 0.823891 0.150482 0.822186 0.140471 0.754723 0.231637 0.811418 0.150432 0.816111 0.136073 0.804067 0.151038 0.913936 0.124777 0.793604 0.161761 0.900278 0.126976 0.740873 0.211029 0.880906 0.125683 0.741335 0.218338 0.784771 0.170326 0.775529 0.169647 0.758643 0.183549 0.777861 0.161175 0.754077 0.187265 0.74757 0.199776 0.742687 0.203044 0.747169 0.1877 0.75164 0.235656 0.787732 0.155291 0.768001 0.168851 0.744269 0.237212 0.771822 0.158436 0.776788 0.154262 0.76868 0.15471 0.772283 0.175967 0.762461 0.175135 0.918677 0.116493 0.907863 0.111601 0.7348 0.223017 0.729782 0.2135 0.75899 0.165223 0.755827 0.178399 0.752249 0.166199 0.89731 0.113379 0.724596 0.217521 0.878223 0.119625 0.824963 0.131271 0.804238 0.136948 0.728614 0.207286 0.860079 0.112841 0.789284 0.149575 0.855221 0.119192 0.836617 0.132292 0.842666 0.114478 0.768451 0.178669 0.762667 0.228319 0.761004 0.238956 0.735016 0.238203 0.749969 0.172983 0.73591 0.232995 0.818895 0.126753 0.802391 0.129126 0.798703 0.145074 0.791663 0.141307 0.774649 0.146047 0.891383 0.10893 0.740876 0.185497 0.743284 0.192028 0.736022 0.201225 0.759262 0.242633 0.735619 0.195588 0.75159 0.179672 0.751549 0.240103 0.780303 0.144123 0.727826 0.227058 0.835425 0.121649 0.826595 0.121484 0.824293 0.111378 0.735097 0.189375 0.935056 0.108163 0.925758 0.100023 0.938732 0.0957821 0.73082 0.198289 0.721431 0.19631 0.905463 0.1011 0.899322 0.106127 0.740316 0.18049 0.879134 0.108699 0.729094 0.189727 0.765063 0.160604 0.722861 0.207118 0.758425 0.158633 0.719033 0.211534 0.750328 0.24444 0.716614 0.215649 0.809657 0.118538 0.783077 0.135055 0.880435 0.0828284 0.73969 0.242301 0.772697 0.141253 0.763602 0.145577 0.77392 0.133824 0.850522 0.0931508 0.76061 0.153413 0.841557 0.0971458 0.742112 0.158576 0.746591 0.169884 0.849569 0.0837097 0.821011 0.103056 0.938471 0.0809875 0.921163 0.0865068 0.928605 0.0748853 0.788539 0.123524 0.906833 0.0854151 0.894291 0.0890116 0.725852 0.179263 0.732858 0.175577 0.720796 0.187712 0.888165 0.0638444 0.736769 0.183492 0.800989 0.110653 0.738544 0.16795 0.784984 0.11227 0.767558 0.132341 0.832136 0.0863932 0.91702 0.0632241 0.716425 0.22091 0.711881 0.215106 0.748548 0.160407 0.718852 0.198132 0.716521 0.202489 0.707468 0.203528 0.746242 0.149239 0.862292 0.0655734 0.804212 0.0938158 0.797146 0.101586 0.840836 0.0596365 0.82812 0.075878 0.7123 0.208446 0.713032 0.196816 0.861359 0.053824 0.733385 0.159625 0.745085 0.143209 0.767763 0.122832 0.752873 0.13075 0.77626 0.115272 0.90936 0.0182987 0.917073 0.0262432 0.870044 0.0354056 0.707861 0.209825 0.706702 0.186331 0.712484 0.182258 0.781215 0.106153 0.701196 0.194908 0.813344 0.0766415 0.764713 0.114455 0.755437 0.120005 0.728723 0.15554 0.72953 0.145778 0.963516 0.00250977 0.720814 0.170349 0.704406 0.180971 0.714628 0.161264 0.71818 0.155353 0.695588 0.210088 0.85586 0.0374871 0.847505 0.0488331 0.711666 0.22189 0.777415 0.109569 0.700277 0.20104 0.819548 0.0725639 0.803838 0.0794821 0.695405 0.192666 0.723058 0.148346 0.717162 0.16676 0.704193 0.169357 0.69398 0.164736 0.736358 0.137487 0.750105 0.126444 0.744887 0.130637 0.711115 0.157089 0.687651 0.183913 0.706042 0.217733 0.681355 0.19533 0.887085 0.0105001 0.728387 0.235782 0.828739 0.0522706 0.830615 0.0595594 0.823465 0.0668077 0.796568 0.090457 0.786585 0.0967764 0.791051 0.0891079 0.772799 0.11082 0.838973 0.0405721 0.723119 0.141574 0.81131 0.0527311 0.808274 0.0607173 0.74473 0.118054 0.800877 0.0600936 0.870942 0.00874669 0.71671 0.231422 0.683304 0.201064 0.781624 0.0989181 0.774556 0.102931 0.781454 0.0916763 0.793031 0.0719833 0.776179 0.0856982 0.768993 0.0938723 0.83576 0.018457 0.76592 0.0990447 0.759391 0.101734 0.751025 0.109483 0.750449 0.104385 0.724841 0.134682 0.780083 0.0738254 0.71529 0.140913 0.712244 0.149106 0.703406 0.153688 0.685569 0.180063 0.824479 0.0320412 0.684088 0.166659 0.760538 0.0934607 0.756539 0.116003 0.742038 0.114574 0.752509 0.114775 0.740235 0.107155 0.739333 0.13084 0.731707 0.129435 0.734264 0.119406 0.695843 0.156527 0.683534 0.155404 0.786552 0.0672128 0.724641 0.125518 0.708617 0.141368 0.737668 0.116931 0.666882 0.186879 0.673114 0.173962 0.720176 0.118983 0.820884 0.0203438 0.821076 0.0123041 0.703403 0.231418 0.800898 0.0548007 0.792047 0.0631706 0.809209 0.0424994 0.815915 0.0322681 0.711537 0.135526 0.700697 0.143998 0.804289 0.0477298 0.710296 0.124941 0.695394 0.148581 0.717878 0.134211 0.670263 0.194291 0.682427 0.214512 0.67615 0.207424 0.703439 0.131672 0.670994 0.165773 0.771506 0.0791535 0.768285 0.0862811 0.756361 0.0850587 0.752282 0.0923027 0.753937 0.0971876 0.743616 0.102208 0.734916 0.114186 0.738133 0.101071 0.728398 0.112771 0.805593 0.0327506 0.693029 0.140598 0.792256 0.0543423 0.810035 0.0240117 0.798205 0.024662 0.691132 0.222494 0.787761 0.0430742 0.698623 0.135774 0.669626 0.199938 0.688796 0.133261 0.775118 0.066513 0.660715 0.196743 0.660681 0.178307 0.712979 0.11937 0.68051 0.161055 0.807847 0.0148458 0.806763 0.00434653 0.684492 0.139258 0.679024 0.148842 0.767191 0.0712356 0.649818 0.18729 0.647215 0.176284 0.798381 0.0377644 0.762943 0.0774441 0.788638 0.0373361 0.745527 0.0984098 0.722255 0.106999 0.676926 0.15666 0.667327 0.169929 0.695512 0.128038 0.774894 0.0603862 0.792419 0.0204306 0.803267 0 0.787902 0.010669 0.790876 0.0290378 0.748797 0.0869481 0.746357 0.0930342 0.661771 0.172369 0.742109 0.0968731 0.733426 0.110126 0.73095 0.100679 0.674452 0.145616 0.756492 0.0776935 0.760153 0.0668475 0.669018 0.157049 0.790067 0.00105587 0.659382 0.150744 0.666086 0.219661 0.78141 0.0471813 0.708453 0.120344 0.752622 0.0806441 0.661451 0.146804 0.670145 0.145144 0.736044 0.0940332 0.772259 0.0517563 0.658369 0.21301 0.647622 0.201635 0.710679 0.114513 0.637943 0.196588 0.635884 0.185958 0.700236 0.124644 0.703435 0.114418 0.69568 0.118675 0.685915 0.113244 0.65752 0.158015 0.684915 0.125691 0.702584 0.108578 0.699024 0.105931 0.643837 0.182494 0.690228 0.122068 0.654418 0.166371 0.643012 0.162837 0.781907 0.03796 0.64875 0.152147 0.670687 0.136744 0.640336 0.204559 0.624722 0.18617 0.636458 0.177106 0.683788 0.1331 0.677426 0.135869 0.719967 0.10422 0.779745 0.032708 0.778487 0.0246807 0.638987 0.152918 0.686729 0.106971 0.625128 0.201579 0.674372 0.129774 0.668288 0.131794 0.775735 0.0151674 0.741608 0.0834097 0.653969 0.146788 0.739988 0.0879768 0.6657 0.138923 0.627287 0.182136 0.656502 0.141092 0.631945 0.16918 0.709067 0.108369 0.69982 0.10502 0.645333 0.147762 0.669275 0.12374 0.75513 0.0709219 0.776874 0.0393352 0.64409 0.132727 0.658502 0.135473 0.711472 0.105233 0.706335 0.10432 0.693417 0.10511 0.61901 0.160231 0.635993 0.144865 0.761319 0.0563399 0.673969 0.110729 0.75426 0.065176 0.646262 0.13909 0.6254 0.146886 0.700036 0.101425 0.772019 0.0391729 0.76898 0.0406424 0.68158 0.109698 0.766498 0.0481502 0.70358 0.0991879 0.77756 0.00598577 0.66429 0.117281 0.655372 0.125182 0.641228 0.135775 0.774179 0.0323547 0.750598 0.0740012 0.642296 0.12272 0.730463 0.0945126 0.724237 0.0952744 0.714383 0.0944983 0.768611 0.0333283 0.692767 0.103181 0.667221 0.110258 0.630139 0.141719 0.634261 0.128008 0.754703 0.0567518 0.747415 0.075979 0.742795 0.0787841 0.764766 0.0410883 0.655771 0.117233 0.684393 0.105149 0.679564 0.106676 0.760237 0.0498172 0.64664 0.115687 0.749192 0.067237 0.748367 0.0590171 0.719958 0.0900316 0.768316 0.0302911 0.610332 0.14579 0.694975 0.0993505 0.623546 0.129656 0.687635 0.0996541 0.686086 0.101774 0.678338 0.100966 0.668821 0.107156 0.72999 0.0864854 0.743789 0.070793 0.726075 0.0883969 0.736156 0.080537 0.711493 0.0927108 0.608103 0.159804 0.660993 0.110521 0.74295 0.0731652 0.738909 0.0771414 0.704651 0.0924174 0.697209 0.0970484 0.769041 0.0118163 0.690831 0.0976319 0.762384 0.0366653 0.655945 0.111711 0.729789 0.0788844 0.718843 0.0877778 0.756239 0.0469189 0.632781 0.118083 0.674474 0.100522 0.639438 0.111959 0.65073 0.109859 0.586914 0.158504 0.689794 0.0937455 0.687099 0.0945719 0.656266 0.107962 0.668047 0.102136 0.662846 0.104583 0.750343 0.0561365 0.760515 0.013832 0.758012 0.0280964 0.722855 0.0819241 0.736161 0.0764896 0.623422 0.116377 0.644872 0.106062 0.738566 0.0656204 0.652509 0.10472 0.705412 0.0867411 0.710887 0.089458 0.700364 0.0920602 0.752986 0.0424762 0.69406 0.0918374 0.68223 0.0970476 0.668803 0.0970312 0.741603 0.0603406 0.753659 0.0361216 0.714375 0.0843479 0.750845 0.0473031 0.701717 0.0857674 0.676134 0.0965224 0.60381 0.125493 0.734882 0.0727904 0.664318 0.0930482 0.65673 0.0997421 0.724365 0.0789248 0.730332 0.0748316 0.696773 0.0892789 0.691011 0.0893799 0.736809 0.0699192 0.589414 0.135816 0.638513 0.10751 0.746855 0.0514078 0.721984 0.0766062 0.616841 0.116211 0.625237 0.107912 0.732545 0.0709417 0.747119 0.043112 0.752047 0.0332107 0.742477 0.0553689 0.683958 0.0897436 0.672243 0.093378 0.722902 0.071994 0.646088 0.102117 0.712547 0.0778371 0.651241 0.100526 0.709559 0.0799839 0.657856 0.092141 0.636406 0.0993589 0.73433 0.0693699 0.72619 0.0736407 0.748456 0.0207419 0.694513 0.0847866 0.687438 0.0869475 0.676698 0.0878134 0.716416 0.0761109 0.653091 0.0957608 0.728598 0.0685527 0.705242 0.0795477 0.743797 0.040802 0.603123 0.111279 0.734267 0.0641058 0.737918 0.0594258 0.719018 0.0734462 0.724416 0.0678918 0.73218 0.0684464 0.745939 0.031587 0.741217 0.0522569 0.69151 0.0827577 0.617109 0.10014 0.738238 0.0539715 0.699961 0.0791004 0.64329 0.0916983 0.732401 0.063586 0.676136 0.0836067 0.661103 0.0851374 0.734847 0.0598621 0.730139 0.0642415 0.710361 0.0696897 0.738864 0.0499838 0.695045 0.0787573 0.683556 0.0820652 0.719689 0.0704354 0.668856 0.085902 0.647803 0.0884702 0.717177 0.0703404 0.72393 0.0651449 0.630709 0.0919389 0.731293 0.0604038 0.739843 0.0309479 0.734375 0.0558634 0.739307 0.0429549 0.738909 0.0379808 0.732176 0.0587765 0.719084 0.0666039 0.653822 0.08654 0.598824 0.101486 0.610423 0.0958954 0.741138 0.0198728 0.735376 0.0521638 0.700335 0.0733176 0.689718 0.0755632 0.670732 0.0777031 0.66387 0.0796252 0.713828 0.0693733 0.696069 0.072884 0.619536 0.0911969 0.714801 0.0664792 0.704228 0.0698266 0.604442 0.0859284 0.638698 0.0812032 0.734602 0.0372604 0.678554 0.0777302 0.734764 0.0428329 0.628363 0.0840294 0.649576 0.0810679 0.728196 0.0579307 0.730554 0.0518456 0.623254 0.0832197 0.718615 0.0616902 0.71818 0.0638221 0.723439 0.0601423 0.734757 0.0291878 0.716229 0.0642658 0.718071 0.0627138 0.696604 0.0695399 0.611297 0.0796615 0.621257 0.0797894 0.658922 0.0739867 0.707304 0.066957 0.688348 0.0719878 0.681311 0.0736004 0.675614 0.0745956 0.709933 0.0647896 0.730422 0.0321254 0.729754 0.0466728 0.716701 0.062035 0.71295 0.0639552 0.666784 0.0743125 0.63671 0.0752959 0.65057 0.0745685 0.731572 0.0407407 0.732316 0.0261958 0.703825 0.0667984 0.603837 0.0776336 0.701945 0.0651125 0.695643 0.0661437 0.683737 0.0672024 0.613885 0.0738866 0.67927 0.0681063 0.727938 0.0306001 0.693443 0.0642133 0.6886 0.0634289 0.717832 0.0608812 0.719087 0.0596235 0.623338 0.0721969 0.722893 0.055984 0.723335 0.053009 0.663903 0.0698512 0.652316 0.0676376 0.728655 0.0366314 0.726972 0.0412882 0.712299 0.062264 0.708289 0.0621162 0.697234 0.0637088 0.680474 0.0647249 0.726161 0.0474904 0.639266 0.068741 0.715435 0.0606263 0.727755 0.0353148 0.69082 0.0612558 0.623894 0.0650976 0.665796 0.0643104 0.717774 0.0571853 0.724561 0.0334697 0.694857 0.062062 0.675338 0.0622357 0.718916 0.0561006 0.64158 0.062337 0.712647 0.0603647 0.703273 0.060526 0.724865 0.0450644 0.683319 0.0606185 0.631821 0.0607097 0.659391 0.0591658 0.722908 0.0486277 0.711846 0.0565548 0.70777 0.0574182 0.609486 0.0698306 0.620143 0.0590964 0.723757 0.0369578 0.666455 0.0601817 0.714208 0.0539688 0.701414 0.0566744 0.691808 0.0567021 0.716709 0.0531831 0.720895 0.0444125 0.721461 0.0494885 0.717808 0.0519483 0.720027 0.0464988 0.676785 0.0571172 0.719888 0.0309832 0.721453 0.0367971 0.685598 0.0570392 0.647554 0.0560026 0.635939 0.0559283 0.712224 0.0533307 0.696704 0.0570114 0.670674 0.0562196 0.654559 0.0526146 0.715085 0.0527037 0.626143 0.0519092 0.686397 0.0553165 0.716119 0.0511071 0.713429 0.0526209 0.703543 0.0556887 0.666956 0.0538061 0.643126 0.051253 0.717436 0.0488143 0.71955 0.0478449 0.707645 0.0541737 0.695139 0.0538213 0.646708 0.04505 0.671765 0.0494581 0.675636 0.051994 0.665161 0.0494497 0.714024 0.0499237 0.702944 0.0527711 0.634737 0.0494266 0.715222 0.0497113 0.701554 0.0519648 0.71897 0.0354547 0.69074 0.0502452 0.684247 0.0506089 0.654765 0.0437578 0.712684 0.0491023 0.710687 0.0514229 0.708326 0.0498886 0.718009 0.0407854 0.638828 0.0410082 0.714607 0.0480892 0.718598 0.0464071 0.718384 0.0445312 0.694426 0.0486129 0.669134 0.0443188 0.716686 0.042838 0.67687 0.0479914 0.663923 0.0426489 0.649285 0.0384556 0.715492 0.0481642 0.705511 0.0501025 0.700348 0.0481397 0.691166 0.0446291 0.687871 0.0413216 0.666612 0.03257 0.670525 0.0354322 0.674993 0.0372166 0.682175 0.0392154 0.71449 0.0475245 0.710808 0.0485873 0.681238 0.0368758 0.715264 0.0477509 0.717128 0.0474726 0.704844 0.0474293 0.717275 0.0447537 0.695251 0.0444833 0.691024 0.0415069 0.687197 0.0365278 0.700173 0.0441407 0.675943 0.032095 0.717501 0.0465793 0.712047 0.0471205 0.715672 0.0477968 0.708569 0.047631 0.714539 0.0405716 0.694526 0.0414649 0.716739 0.0451808 0.71555 0.0478692 0.715498 0.0480993 0.715208 0.0478399 0.715209 0.0472791 0.713465 0.0464075 0.715495 0.04654 0.715106 0.0452149 0.713439 0.0446976 0.715421 0.0442835 0.715826 0.0474831 0.706401 0.0451195 0.710022 0.0448451 0.704746 0.0429925 0.67231 0.0267719 0.715866 0.048135 0.715007 0.0475148 0.715402 0.0468936 0.713644 0.0446773 0.715176 0.0450186 0.711172 0.0429975 0.713071 0.0410935 0.712702 0.0437715 0.715615 0.0454751 0.712523 0.0358805 0.715397 0.0370324 0.685354 0.0319606 0.691089 0.0338646 0.714595 0.0478053 0.714513 0.0472676 0.714008 0.0464432 0.716601 0.0464911 0.708936 0.0435148 0.70951 0.0405288 0.706129 0.0406894 0.707334 0.0363509 0.697202 0.0390754 0.69761 0.035107 0.701471 0.0362689 0.702207 0.031454 0.695815 0.0322623 0.693759 0.0369405 0.715946 0.0434743 0.717484 0.0436412 0.716038 0.0476278 0.715912 0.0470205 0.715693 0.0420824 0.714826 0.0409406 0.717748 0.0386872 0.710156 0.0379508 0.0475595 0.684152 0.0351482 0.683268 0.0443762 0.675451 0.0479745 0.695139 0.0313464 0.696096 0.0284458 0.678685 0.0433242 0.6537 0.031377 0.667034 0.0296464 0.653236 0.036074 0.714678 0.0431821 0.708903 0.0514604 0.712705 0.0172837 0.677038 0.019098 0.655691 0.0369569 0.727428 0.0220169 0.628173 0.0312507 0.63931 0.0254468 0.645854 0.0377962 0.623439 0.041637 0.630677 0.00961435 0.62196 0.0171677 0.616981 0.0368219 0.675592 0.0193852 0.59375 0.0220185 0.60758 0.011187 0.605837 0.0343695 0.709177 0.00641507 0.590714 0.0554603 0.699713 0.0571864 0.66606 0.0378385 0.668358 0.0415046 0.64092 0.0267596 0.615782 0.0345904 0.607571 0.0421103 0.700875 0.0289384 0.591313 0.0482906 0.66312 0.0457258 0.643112 0.018828 0.563113 0.00988552 0.575607 0.000488013 0.555968 0.0513498 0.632753 0.0389179 0.611851 0.0652446 0.689209 0.0530282 0.689504 0.0611263 0.684407 0.0673035 0.719862 0.0656232 0.727833 0.0569559 0.716071 0.042372 0.591057 0.0338701 0.584435 0.052706 0.608582 0.0152532 0.584099 0.0708597 0.696906 0.0690133 0.705945 0.0630506 0.709463 0.00958848 0.550497 0 0.544189 0.0210432 0.533633 0.00757143 0.529009 0.053859 0.734098 0.058141 0.725888 0.0451277 0.728312 0.0661426 0.672697 0.0615097 0.676435 0.056427 0.637748 0.0580492 0.647003 0.0636326 0.640298 0.0664792 0.631046 0.0609098 0.626474 0.0769407 0.713398 0.0822963 0.72538 0.0447712 0.581533 0.0718029 0.712699 0.0546937 0.622672 0.0241441 0.57886 0.0790556 0.733674 0.030848 0.571934 0.0411481 0.550428 0.0283825 0.547178 0.0705054 0.681028 0.0661806 0.660679 0.0512402 0.654501 0.0528923 0.662233 0.0631909 0.654344 0.0748645 0.665822 0.0734424 0.659108 0.07187 0.671163 0.0752593 0.650477 0.0691712 0.648632 0.0721998 0.634966 0.0813932 0.708322 0.0903327 0.701234 0.088732 0.714014 0.0552357 0.601149 0.0669844 0.601932 0.0885431 0.72378 0.0450082 0.601731 0.0428507 0.566504 0.0716903 0.703899 0.0814015 0.68479 0.0817916 0.6769 0.0796452 0.698257 0.034951 0.526253 0.047196 0.533034 0.0762512 0.673989 0.0093272 0.516973 0.0885717 0.68005 0.0525407 0.586547 0.0616657 0.577038 0.0607622 0.593601 0.0551705 0.59512 0.0849233 0.668949 0.0837013 0.643788 0.0849431 0.653593 0.0733241 0.642842 0.0536045 0.547842 0.0527775 0.568995 0.0814661 0.615421 0.0675175 0.620927 0.0630754 0.622373 0.0620087 0.612238 0.0725763 0.594771 0.102308 0.70276 0.0979854 0.691469 0.0900691 0.691122 0.0863775 0.686793 0.0838334 0.692592 0.0965179 0.679906 0.0957282 0.671722 0.0882256 0.672789 0.0581819 0.562624 0.066488 0.552203 0.0917576 0.658947 0.0985902 0.661451 0.0521182 0.534684 0.0620156 0.545345 0.0657269 0.589653 0.0652756 0.567991 0.0893282 0.636994 0.0792559 0.637741 0.0974484 0.733109 0.0956168 0.719527 0.113597 0.721371 0.094168 0.726817 0.0792934 0.621453 0.0754065 0.61376 0.066404 0.612612 0.0755434 0.599657 0.108355 0.658797 0.0765866 0.582349 0.0693353 0.585095 0.0774536 0.572222 0.100482 0.680286 0.104061 0.691605 0.0811808 0.562862 0.0713164 0.558726 0.0908892 0.647529 0.0817646 0.630612 0.0444491 0.512745 0.0920724 0.653417 0.0847385 0.604952 0.116875 0.714951 0.081535 0.587629 0.106292 0.736432 0.0859264 0.618459 0.0748059 0.605936 0.111352 0.701368 0.103364 0.712315 0.115334 0.703864 0.117455 0.686899 0.107576 0.682176 0.115636 0.681148 0.103449 0.674321 0.101353 0.652875 0.0955128 0.636621 0.0547833 0.528353 0.0922841 0.626113 0.0910165 0.603481 0.0816609 0.598262 0.0862825 0.627621 0.123879 0.709825 0.122809 0.700626 0.082503 0.579233 0.0897549 0.583869 0.105302 0.62604 0.096959 0.627433 0.102262 0.641555 0.0846686 0.566807 0.118157 0.643769 0.112208 0.672646 0.0961682 0.651228 0.118409 0.695845 0.0966737 0.645418 0.100056 0.605211 0.0904971 0.594023 0.092567 0.621517 0.100588 0.595462 0.0876028 0.597207 0.0823225 0.558086 0.118712 0.674044 0.108171 0.669573 0.114586 0.662025 0.111995 0.643422 0.0946814 0.588986 0.0994718 0.587445 0.120453 0.636454 0.124709 0.69279 0.132716 0.686875 0.117059 0.632044 0.0968571 0.575274 0.0915995 0.568382 0.135158 0.695252 0.11151 0.621544 0.101292 0.620317 0.126616 0.719121 0.122435 0.647247 0.0734092 0.549861 0.126185 0.682234 0.10603 0.614078 0.109851 0.607073 0.11814 0.667786 0.100889 0.612893 0.119149 0.732624 0.113404 0.610481 0.111017 0.600055 0.110275 0.593465 0.122003 0.655084 0.136763 0.705229 0.12749 0.711888 0.104167 0.581967 0.134136 0.712167 0.110918 0.63591 0.115618 0.615001 0.129119 0.678699 0.123996 0.669775 0.126092 0.666244 0.119069 0.593159 0.134922 0.72249 0.13035 0.65991 0.134164 0.674049 0.128996 0.644262 0.127154 0.651005 0.0838656 0.551517 0.148415 0.68036 0.1462 0.68685 0.0715778 0.53684 0.0701828 0.527236 0.146377 0.697315 0.0675844 0.517645 0.11841 0.618971 0.124307 0.610729 0.119923 0.608962 0.13937 0.679966 0.117338 0.605904 0.116483 0.589683 0.108651 0.583534 0.105124 0.589152 0.131493 0.73893 0.140642 0.707806 0.147715 0.706918 0.131088 0.625292 0.133318 0.631732 0.13662 0.668172 0.119562 0.625931 0.137555 0.656274 0.134734 0.65116 0.140479 0.673195 0.118973 0.600594 0.121915 0.590993 0.0972517 0.564363 0.127034 0.621144 0.12559 0.616693 0.14713 0.672353 0.144867 0.66552 0.112354 0.577964 0.103865 0.572476 0.0937503 0.558232 0.125181 0.598403 0.120532 0.587657 0.117763 0.584237 0.136423 0.640298 0.142229 0.730959 0.130558 0.612069 0.12645 0.603701 0.152912 0.693996 0.151963 0.720925 0.140257 0.650231 0.130898 0.619759 0.15627 0.681643 0.142094 0.628791 0.150519 0.737605 0.156386 0.670876 0.151106 0.659229 0.14608 0.65013 0.084221 0.543349 0.126545 0.587142 0.128728 0.582258 0.16162 0.707925 0.0855739 0.535863 0.0801608 0.530599 0.0797231 0.52031 0.145269 0.639962 0.16336 0.685726 0.136244 0.618544 0.136324 0.602809 0.132819 0.595704 0.121856 0.57947 0.101511 0.560431 0.0950102 0.54731 0.0887764 0.527895 0.153095 0.651423 0.161606 0.693368 0.11766 0.572775 0.156205 0.659764 0.112242 0.569879 0.0945817 0.540459 0.163417 0.727745 0.140111 0.608375 0.105687 0.557579 0.100894 0.546078 0.101896 0.532169 0.162975 0.669937 0.160443 0.665938 0.134019 0.586422 0.124031 0.577456 0.173919 0.698791 0.146316 0.6183 0.143225 0.599569 0.115246 0.563661 0.0956782 0.52359 0.169105 0.692627 0.16659 0.677285 0.163937 0.653609 0.160621 0.648554 0.153842 0.638601 0.133717 0.582064 0.119929 0.567408 0.152504 0.617969 0.111334 0.557927 0.167539 0.659464 0.145224 0.604577 0.140147 0.594445 0.125503 0.571955 0.151361 0.624138 0.107121 0.547995 0.132029 0.578756 0.115416 0.555652 0.106586 0.524297 0.182103 0.727081 0.162408 0.641176 0.112853 0.547443 0.170239 0.66321 0.175192 0.669363 0.159128 0.630002 0.176822 0.682768 0.182995 0.695202 0.124483 0.564553 0.121437 0.561317 0.167107 0.646369 0.140217 0.586015 0.136767 0.57958 0.169482 0.653338 0.116417 0.539652 0.111071 0.530142 0.153834 0.614775 0.134741 0.570167 0.121639 0.554726 0.174645 0.658409 0.145139 0.589391 0.133224 0.564097 0.121016 0.548185 0.116567 0.526127 0.168892 0.63448 0.167808 0.628586 0.161228 0.624749 0.161161 0.616375 0.155763 0.609659 0.149119 0.59572 0.138616 0.571031 0.186823 0.681056 0.191872 0.709839 0.188559 0.696021 0.173304 0.646732 0.152528 0.599523 0.142783 0.585196 0.128109 0.557601 0.126342 0.552908 0.121482 0.543495 0.120047 0.534448 0.183998 0.663179 0.140931 0.57635 0.195259 0.702933 0.136612 0.560084 0.19532 0.687075 0.12484 0.53168 0.119606 0.525997 0.188863 0.672902 0.206449 0.714762 0.203911 0.738834 0.175676 0.644019 0.127994 0.528691 0.142899 0.570533 0.13734 0.553398 0.13151 0.549313 0.16923 0.62404 0.150947 0.58468 0.156277 0.593774 0.192927 0.670924 0.198149 0.680082 0.208689 0.700124 0.145001 0.57967 0.149985 0.577431 0.141336 0.562071 0.167458 0.616318 0.158911 0.606468 0.155999 0.598362 0.132038 0.535776 0.146004 0.568384 0.138026 0.541377 0.182162 0.646449 0.13824 0.533281 0.15241 0.582966 0.142557 0.547753 0.186682 0.654186 0.179049 0.63974 0.136103 0.524572 0.176312 0.633388 0.162821 0.600687 0.197238 0.667744 0.21932 0.697017 0.151266 0.576178 0.226921 0.714189 0.14631 0.553006 0.18596 0.63925 0.142596 0.54204 0.163596 0.593414 0.156491 0.584552 0.155718 0.578463 0.212954 0.692164 0.167952 0.605862 0.20643 0.680532 0.153995 0.559656 0.152814 0.557021 0.174982 0.621877 0.153753 0.572033 0.19345 0.651335 0.182613 0.629856 0.16023 0.583331 0.205222 0.666183 0.15365 0.552715 0.148182 0.54481 0.144892 0.535219 0.143363 0.527481 0.166758 0.597133 0.202528 0.660203 0.216765 0.684416 0.230289 0.696915 0.238301 0.701622 0.178087 0.614508 0.164381 0.581807 0.159598 0.572676 0.21212 0.675819 0.196251 0.646214 0.182403 0.62186 0.175154 0.607004 0.193808 0.636601 0.176313 0.602306 0.168318 0.592822 0.201606 0.651421 0.161531 0.564688 0.155434 0.542458 0.158603 0.555304 0.185651 0.615898 0.188717 0.629348 0.188797 0.625319 0.222131 0.668303 0.211427 0.66552 0.21956 0.66479 0.172126 0.581427 0.165681 0.567909 0.152241 0.535398 0.151681 0.527917 0.23219 0.685988 0.148258 0.520511 0.22652 0.675209 0.188392 0.619725 0.167761 0.562273 0.209294 0.657073 0.162177 0.549265 0.243913 0.696855 0.201879 0.641725 0.193675 0.626384 0.180973 0.605896 0.179826 0.59336 0.176624 0.588998 0.214831 0.662048 0.186536 0.609862 0.210058 0.646425 0.184402 0.601466 0.196215 0.617468 0.203686 0.632257 0.17562 0.564886 0.192658 0.609869 0.228609 0.671159 0.213238 0.651829 0.241005 0.687025 0.171423 0.568883 0.164081 0.539922 0.237825 0.681331 0.257976 0.685081 0.182187 0.586876 0.179228 0.580993 0.16879 0.548084 0.161761 0.528706 0.191396 0.6041 0.228585 0.662474 0.221516 0.658269 0.15808 0.517984 0.169544 0.540818 0.242633 0.67721 0.159112 0.523663 0.181516 0.572063 0.176353 0.557864 0.188939 0.59584 0.21353 0.640683 0.211111 0.631843 0.209804 0.624283 0.253411 0.678667 0.200077 0.613833 0.180641 0.562627 0.239071 0.665352 0.222996 0.64952 0.193317 0.600428 0.187754 0.588155 0.200539 0.609261 0.169109 0.534987 0.16573 0.524847 0.175408 0.542801 0.171463 0.521141 0.237781 0.654778 0.224373 0.638016 0.198171 0.602902 0.176943 0.532077 0.220831 0.635561 0.229393 0.648189 0.256836 0.668914 0.196128 0.596571 0.188746 0.578343 0.208015 0.614729 0.177553 0.552383 0.199578 0.597345 0.195725 0.5898 0.175014 0.536962 0.245545 0.659646 0.216069 0.630678 0.186207 0.570624 0.216051 0.618927 0.177982 0.525071 0.252622 0.660643 0.204045 0.598995 0.198352 0.585447 0.224686 0.623924 0.1792 0.538909 0.237175 0.639545 0.198688 0.57814 0.235779 0.633484 0.186483 0.559948 0.210038 0.604666 0.246101 0.639927 0.226714 0.63134 0.21477 0.609097 0.201109 0.591063 0.194478 0.571996 0.184442 0.553198 0.26771 0.661139 0.252426 0.646127 0.256106 0.648706 0.224873 0.61754 0.233439 0.628084 0.240735 0.631409 0.249135 0.629815 0.18424 0.546923 0.242599 0.623502 0.207967 0.590722 0.261633 0.65313 0.268063 0.670472 0.212383 0.599091 0.18297 0.531592 0.279231 0.61986 0.287898 0.623759 0.277455 0.623946 0.23299 0.617069 0.237658 0.62017 0.218134 0.600786 0.204439 0.585495 0.258791 0.635922 0.2457 0.614648 0.280809 0.613387 0.275546 0.613719 0.267908 0.613036 0.267328 0.619959 0.243401 0.615233 0.193898 0.559135 0.193028 0.544805 0.264694 0.649208 0.261668 0.61327 0.203613 0.57592 0.211083 0.578149 0.191227 0.549904 0.254549 0.615813 0.261598 0.626729 0.264979 0.629908 0.183408 0.525059 0.225761 0.614793 0.223492 0.611421 0.271501 0.609624 0.234923 0.612459 0.218124 0.59243 0.214326 0.590675 0.273683 0.634897 0.271505 0.654215 0.277049 0.605994 0.283013 0.607995 0.201597 0.57329 0.252639 0.61241 0.264169 0.608548 0.226046 0.606054 0.24297 0.611354 0.269468 0.639917 0.274773 0.644672 0.191061 0.541681 0.230834 0.608362 0.222842 0.590244 0.246723 0.612011 0.197853 0.569957 0.220389 0.585809 0.238396 0.599679 0.244632 0.606245 0.247098 0.603496 0.254322 0.606583 0.269358 0.601671 0.280018 0.602638 0.203823 0.570681 0.188394 0.530736 0.213973 0.575099 0.275256 0.599934 0.209418 0.56704 0.199727 0.56323 0.203894 0.564635 0.197622 0.556774 0.212481 0.561252 0.189739 0.523841 0.228892 0.601192 0.252565 0.602538 0.26154 0.597775 0.201653 0.558964 0.206725 0.557222 0.199588 0.549561 0.246003 0.59925 0.197818 0.543191 0.226682 0.583996 0.218994 0.575712 0.234335 0.59773 0.271654 0.593325 0.279966 0.5991 0.196151 0.535906 0.197607 0.527218 0.230855 0.586025 0.216074 0.566368 0.217972 0.555093 0.212052 0.551458 0.204254 0.546206 0.220479 0.562516 0.253498 0.59768 0.223173 0.559878 0.210553 0.540973 0.204239 0.540912 0.196489 0.519432 0.247045 0.594003 0.240995 0.59225 0.238305 0.583232 0.229633 0.572007 0.234456 0.570488 0.269262 0.588808 0.259507 0.588894 0.273859 0.583922 0.261529 0.575656 0.21858 0.570082 0.250011 0.590941 0.256995 0.551131 0.257233 0.56159 0.252129 0.549253 0.257787 0.543195 0.265167 0.54297 0.28078 0.59438 0.287587 0.60013 0.288842 0.594576 0.206761 0.535069 0.245635 0.581031 0.219118 0.543688 0.226639 0.533741 0.219461 0.532117 0.239276 0.572611 0.254949 0.58546 0.277992 0.589669 0.255824 0.580712 0.268958 0.577232 0.254843 0.568621 0.231342 0.567322 0.233996 0.553941 0.21904 0.54876 0.226112 0.545086 0.235441 0.541671 0.232618 0.548365 0.238195 0.556972 0.237612 0.550445 0.231023 0.539765 0.248521 0.559956 0.252908 0.55448 0.254929 0.561522 0.244701 0.554184 0.244006 0.550938 0.261082 0.563887 0.261701 0.556529 0.239228 0.520467 0.235694 0.521069 0.240982 0.511719 0.241544 0.542367 0.244813 0.546897 0.254386 0.542953 0.248842 0.543541 0.203916 0.53502 0.28481 0.577661 0.289487 0.587827 0.285199 0.58348 0.288692 0.578978 0.297202 0.582277 0.295887 0.573792 0.226394 0.568969 0.279352 0.573292 0.287927 0.57094 0.281914 0.56701 0.272537 0.570264 0.277594 0.563985 0.282277 0.559789 0.30546 0.569876 0.24668 0.573716 0.255278 0.574716 0.24758 0.568305 0.228946 0.564736 0.226353 0.553695 0.229745 0.557366 0.248625 0.565531 0.230266 0.527637 0.231906 0.532118 0.240066 0.531396 0.233569 0.515962 0.201135 0.525441 0.270492 0.563298 0.288178 0.545406 0.280829 0.540391 0.242535 0.562457 0.274948 0.538665 0.263948 0.536514 0.215219 0.531428 0.214562 0.523824 0.210521 0.525739 0.22893 0.54619 0.219847 0.521492 0.250417 0.539374 0.246507 0.536858 0.249119 0.531962 0.241735 0.52052 0.752258 0.533459 0.746371 0.542598 0.742585 0.531611 0.740629 0.545978 0.731339 0.551526 0.736137 0.542829 0.736414 0.566598 0.725882 0.557263 0.730611 0.542055 0.723359 0.551565 0.717396 0.556306 0.721673 0.575259 0.712294 0.573322 0.716389 0.56676 0.758868 0.538805 0.767164 0.503492 0.771843 0.509006 0.757126 0.516282 0.742522 0.543164 0.737993 0.533294 0.759303 0.528373 0.751091 0.525514 0.736491 0.527137 0.747508 0.529044 0.74071 0.551632 0.751873 0.513382 0.743636 0.518945 0.722945 0.564052 0.713897 0.558855 0.756954 0.548842 0.76965 0.559426 0.750739 0.572099 0.753592 0.562812 0.74271 0.570543 0.742909 0.582946 0.743635 0.564012 0.75964 0.502324 0.751895 0.502993 0.764879 0.545643 0.727027 0.567859 0.756449 0.553882 0.725817 0.576844 0.724626 0.583928 0.723309 0.607008 0.716959 0.598498 0.731419 0.604962 0.759709 0.579006 0.714961 0.591009 0.706136 0.595691 0.769265 0.551206 0.773086 0.536546 0.763747 0.53916 0.774543 0.520881 0.766971 0.530983 0.751848 0.552521 0.745925 0.558959 0.779179 0.506278 0.770022 0.495196 0.734487 0.573537 0.738055 0.593757 0.729258 0.591362 0.730708 0.582787 0.790589 0.522254 0.802367 0.517258 0.785613 0.539396 0.774709 0.561018 0.774655 0.541895 0.707752 0.603546 0.753774 0.581582 0.751507 0.595954 0.751667 0.590182 0.772076 0.553425 0.770065 0.544957 0.779924 0.519971 0.792078 0.510856 0.780656 0.526357 0.784675 0.51221 0.777945 0.495548 0.787442 0.501785 0.788114 0.547934 0.783304 0.562386 0.799289 0.531244 0.781669 0.549248 0.778726 0.55258 0.774245 0.568676 0.812622 0.508216 0.802466 0.497457 0.81055 0.494029 0.767382 0.580032 0.767936 0.586065 0.76017 0.588565 0.746819 0.601219 0.746728 0.608257 0.81111 0.531211 0.804613 0.541651 0.816135 0.514447 0.789599 0.553581 0.758641 0.596813 0.7744 0.548243 0.754061 0.605243 0.811368 0.485352 0.79355 0.497 0.797229 0.487298 0.772453 0.547872 0.822869 0.525111 0.820226 0.519062 0.803372 0.554806 0.816668 0.490978 0.820278 0.502914 0.747326 0.616051 0.719996 0.618714 0.705078 0.613499 0.768624 0.594007 0.787447 0.569803 0.776893 0.576855 0.762365 0.612023 0.772111 0.548082 0.813387 0.54318 0.777644 0.58902 0.827963 0.492824 0.785016 0.588542 0.780033 0.597201 0.782386 0.581876 0.741379 0.62919 0.761265 0.61761 0.826686 0.509372 0.735545 0.626511 0.796706 0.560135 0.771734 0.549245 0.726795 0.625315 0.804436 0.566301 0.79468 0.577122 0.800279 0.565575 0.788091 0.578494 0.787353 0.591562 0.778182 0.608282 0.774698 0.599285 0.776016 0.603431 0.771164 0.601942 0.773645 0.611999 0.769807 0.607258 0.800687 0.575655 0.836389 0.511139 0.816032 0.550905 0.808324 0.550091 0.813096 0.556884 0.806344 0.563738 0.807559 0.558556 0.822625 0.534375 0.819497 0.555706 0.816806 0.567673 0.808335 0.573634 0.811817 0.572863 0.805698 0.578305 0.797679 0.584509 0.788998 0.598944 0.783589 0.603439 0.780997 0.612012 0.776656 0.614417 0.835586 0.524265 0.789048 0.607835 0.826406 0.560323 0.814689 0.579024 0.705928 0.630108 0.804476 0.585169 0.799269 0.587671 0.795665 0.599834 0.82894 0.537186 0.792229 0.602971 0.837821 0.502617 0.820739 0.549055 0.831369 0.549016 0.81845 0.544382 0.791222 0.616163 0.821033 0.569113 0.788034 0.617579 0.81853 0.575377 0.763345 0.625554 0.716612 0.636569 0.834997 0.539454 0.799704 0.594148 0.803188 0.592767 0.816891 0.584222 0.808457 0.584094 0.843976 0.486311 0.733812 0.634517 0.85458 0.520736 0.841038 0.528914 0.857698 0.496392 0.800053 0.605733 0.795892 0.609748 0.821225 0.58087 0.875474 0.505449 0.812257 0.590399 0.810972 0.599324 0.814826 0.594601 0.804298 0.601445 0.806564 0.588535 0.836429 0.56004 0.830778 0.565933 0.851802 0.532155 0.825235 0.573823 0.872572 0.488475 0.826798 0.581529 0.822291 0.586373 0.746221 0.635723 0.817127 0.589823 0.775368 0.624722 0.844598 0.546113 0.748441 0.656504 0.808405 0.603697 0.79465 0.616212 0.782876 0.623694 0.826544 0.587367 0.819236 0.595676 0.721545 0.650725 0.825155 0.591428 0.824838 0.597818 0.831519 0.577494 0.835493 0.571618 0.81753 0.602703 0.814886 0.600353 0.814676 0.597293 0.880107 0.499015 0.810437 0.606044 0.808809 0.610631 0.859688 0.52824 0.791797 0.622874 0.766407 0.632476 0.82278 0.600481 0.814804 0.604627 0.842144 0.559777 0.814806 0.608426 0.802707 0.617167 0.799442 0.61998 0.789984 0.628266 0.759295 0.645031 0.851203 0.554237 0.825681 0.600882 0.829458 0.59689 0.824321 0.604539 0.823381 0.607315 0.846008 0.564646 0.780225 0.627739 0.854519 0.540428 0.811216 0.615057 0.833752 0.586088 0.774331 0.635365 0.878025 0.520207 0.832418 0.596503 0.887177 0.507204 0.859075 0.551864 0.819544 0.610453 0.81651 0.613351 0.839531 0.579032 0.902291 0.500537 0.778232 0.638901 0.873208 0.537418 0.827874 0.603823 0.892294 0.528829 0.853286 0.567904 0.83735 0.587865 0.806301 0.625599 0.835954 0.601814 0.864088 0.559778 0.881375 0.542053 0.848548 0.572896 0.822593 0.611255 0.839367 0.592868 0.840727 0.585723 0.810142 0.61932 0.795357 0.632738 0.759033 0.664141 0.830488 0.605757 0.784519 0.639049 0.779271 0.647249 0.771367 0.657545 0.826815 0.609519 0.922087 0.516908 0.883825 0.549947 0.89698 0.546305 0.846478 0.581377 0.83429 0.606234 0.865722 0.574099 0.845156 0.586904 0.846673 0.591023 0.915261 0.534015 0.815823 0.622119 0.819487 0.617109 0.843172 0.598722 0.766512 0.678115 0.837927 0.604211 0.884708 0.556653 0.8098 0.627456 0.851402 0.583397 0.853903 0.588685 0.85266 0.579067 0.830042 0.610129 0.826619 0.614977 0.847995 0.598008 0.794535 0.646103 0.784495 0.661487 0.758982 0.686068 0.820824 0.620311 0.955003 0.510796 0.80556 0.63795 0.832055 0.611105 0.829639 0.615599 0.844777 0.601023 0.824903 0.620634 0.925779 0.540641 0.85866 0.586723 0.863537 0.579087 0.837745 0.609047 0.823771 0.624897 0.818426 0.630482 0.867694 0.583378 0.803628 0.642716 0.853915 0.596976 0.846662 0.604019 0.835652 0.614444 0.862586 0.591123 0.889466 0.568344 0.896155 0.558391 0.831236 0.61903 0.874267 0.575661 0.814911 0.633317 0.775789 0.672493 0.852681 0.60018 0.922879 0.553919 0.948608 0.541658 0.845405 0.607633 0.905349 0.560137 0.829533 0.625985 0.840287 0.616074 0.81208 0.642087 0.79914 0.652307 0.897516 0.566343 0.835435 0.617091 0.794298 0.664253 0.824255 0.62844 0.870683 0.591603 0.880706 0.582182 0.821915 0.638144 0.888762 0.576806 0.809693 0.653457 0.833815 0.623119 0.768757 0.696095 0.944299 0.561049 0.802267 0.658502 0.789151 0.666329 0.90694 0.573814 0.909829 0.568234 0.853059 0.609119 0.861986 0.599849 0.81755 0.643273 0.856325 0.60464 0.846757 0.612121 0.845204 0.614824 0.92308 0.569873 0.88359 0.591136 0.783266 0.686744 0.826533 0.634102 0.807273 0.656589 0.865488 0.597108 0.92851 0.571659 0.813714 0.653626 0.869225 0.600086 0.793164 0.675774 0.802412 0.670357 0.871331 0.59615 0.840765 0.621912 0.919427 0.579105 0.876198 0.598797 0.904158 0.583145 0.879904 0.599169 0.85446 0.612749 0.83546 0.629737 0.848269 0.619489 0.825946 0.642322 0.821954 0.646146 0.792347 0.687387 0.897142 0.588129 0.832262 0.636299 0.948687 0.575634 0.799673 0.682607 0.865815 0.605947 0.858794 0.611962 0.857272 0.616069 0.819372 0.655636 0.812621 0.65924 0.80923 0.666922 0.907723 0.587233 0.838496 0.628109 0.930601 0.580328 0.845278 0.623814 0.923668 0.586362 0.826813 0.655251 0.875441 0.605397 0.784804 0.698441 0.853438 0.619895 0.840206 0.632564 0.838893 0.640256 0.831646 0.643871 0.831108 0.650174 0.948259 0.582547 0.900306 0.596502 0.823627 0.658172 0.846458 0.630236 0.864186 0.613409 0.813761 0.670671 0.850879 0.628585 0.782059 0.704989 0.793931 0.700019 0.848855 0.637975 0.892311 0.599929 0.869001 0.621929 0.861126 0.621919 0.857832 0.630512 0.807076 0.681244 0.932784 0.5883 0.911094 0.597485 0.825483 0.662309 0.822562 0.663939 0.881043 0.608473 0.852523 0.636009 0.851313 0.643513 0.861444 0.627301 0.844931 0.647889 0.839931 0.648865 0.836857 0.652487 0.885671 0.602488 0.857629 0.641778 0.879529 0.613355 0.801712 0.695409 0.81717 0.690484 0.804598 0.700231 0.864901 0.637688 0.848015 0.65683 0.918977 0.596006 0.836154 0.659982 0.904032 0.604457 0.808627 0.687197 0.879462 0.630969 0.851436 0.647619 0.845846 0.651351 0.896197 0.610435 0.887399 0.612536 0.815705 0.681911 0.879936 0.621764 0.875005 0.631543 0.799861 0.702089 0.857735 0.652162 0.865072 0.649364 0.844636 0.661423 0.928635 0.598804 0.93965 0.608112 0.822222 0.669614 0.830395 0.669816 0.945479 0.599606 0.827458 0.674722 0.853552 0.660358 0.883847 0.628172 0.815432 0.688293 0.82025 0.688497 0.829705 0.69486 0.820353 0.695927 0.834978 0.674456 0.926384 0.604176 0.823683 0.684394 0.874133 0.638404 0.870384 0.642115 0.892982 0.623082 0.849245 0.665996 0.91164 0.61624 0.898314 0.619577 0.903495 0.617277 0.862982 0.658679 0.840649 0.675925 0.855638 0.666519 0.918571 0.608604 0.83137 0.685346 0.835893 0.696215 0.879125 0.644859 0.857297 0.669375 0.936064 0.612862 0.887648 0.633161 0.872555 0.659373 0.844756 0.682227 0.880832 0.654568 0.900393 0.631107 0.883865 0.64348 0.882275 0.652854 0.867507 0.666238 0.893206 0.635097 0.841711 0.697645 0.846228 0.689847 0.926134 0.614191 0.849908 0.695266 0.9539 0.611345 0.905882 0.629065 0.863375 0.669909 0.918528 0.621881 0.887787 0.651765 0.856528 0.682547 0.881308 0.6618 0.855677 0.688709 0.873035 0.668115 0.864602 0.680822 0.870966 0.673942 0.858852 0.684447 0.945001 0.618758 0.926944 0.618686 0.881564 0.667386 0.875296 0.673853 0.904257 0.643693 0.912643 0.63722 0.913538 0.647684 0.906465 0.650305 0.913197 0.660331 0.907442 0.657954 0.900786 0.635909 0.908277 0.664851 0.906283 0.664736 0.904385 0.660757 0.902345 0.664415 0.914314 0.664647 0.912247 0.66668 0.871109 0.677037 0.918434 0.636918 0.924056 0.657768 0.914899 0.628747 0.8571 0.69627 0.892743 0.64056 0.888482 0.645864 0.925156 0.626831 0.897969 0.66267 0.899139 0.656101 0.891611 0.665142 0.939079 0.621159 0.923026 0.665342 0.897472 0.664815 0.882494 0.6714 0.869891 0.681219 0.896671 0.649978 0.886613 0.659123 0.89271 0.656129 0.931153 0.623173 0.930728 0.662569 0.928064 0.66822 0.920849 0.668966 0.907831 0.668297 0.874776 0.677967 0.87863 0.676248 0.924404 0.672186 0.914717 0.669175 0.859424 0.692329 0.905861 0.668676 0.926869 0.641419 0.865372 0.687379 0.901301 0.668007 0.892149 0.651285 0.947781 0.626765 0.89485 0.66811 0.932509 0.641732 0.933729 0.647405 0.918807 0.671157 0.872644 0.688564 0.899265 0.671939 0.939197 0.629482 0.940747 0.641598 0.890543 0.67453 0.940719 0.650175 0.934589 0.659408 0.884692 0.678916 0.921084 0.673477 0.944149 0.633035 0.912529 0.673838 0.909044 0.671514 0.865555 0.693777 0.906073 0.673064 0.879125 0.684061 0.876545 0.685197 0.916505 0.674386 0.92514 0.677358 0.895872 0.676499 0.868679 0.6938 0.881774 0.690113 0.917865 0.67872 0.890404 0.689741 0.887933 0.695866 0.885739 0.693437 0.882973 0.68373 0.880445 0.691663 0.889866 0.67828 0.911844 0.676204 0.888487 0.681583 0.904409 0.67708 0.925547 0.680408 0.893878 0.682897 0.89472 0.679976 0.895968 0.685792 0.901577 0.685651 0.895121 0.689731 0.901528 0.688852 0.908099 0.694469 0.900534 0.694081 0.904263 0.698908 0.891411 0.695928 0.910971 0.680036 0.907118 0.680575 0.919506 0.681689 0.913503 0.693269 0.91943 0.686137 0.913559 0.690197 0.913322 0.686023 0.909481 0.685063 0.905677 0.686917 0.920666 0.691238 0.916674 0.697211 0.401523 0.672136 0.408465 0.664395 0.411031 0.668866 0.408686 0.659538 0.402536 0.658372 0.408743 0.650525 0.402857 0.651252 0.382507 0.645951 0.384504 0.650631 0.377816 0.648543 0.379035 0.655505 0.42318 0.665696 0.417688 0.664387 0.423049 0.658377 0.417406 0.669569 0.398656 0.651962 0.417806 0.674528 0.417475 0.65765 0.398574 0.643694 0.389806 0.647957 0.39237 0.640138 0.371432 0.640881 0.36787 0.647045 0.374466 0.653694 0.431292 0.654384 0.427149 0.663837 0.425992 0.667739 0.402821 0.665261 0.365348 0.644638 0.397398 0.659573 0.36628 0.651101 0.415191 0.656188 0.395379 0.655014 0.356842 0.651263 0.358335 0.647557 0.353662 0.638646 0.351341 0.642103 0.391927 0.657473 0.3878 0.661502 0.38779 0.638647 0.338894 0.641266 0.344619 0.629284 0.351216 0.634214 0.345073 0.647483 0.399174 0.637832 0.405477 0.645275 0.381054 0.631208 0.37613 0.634855 0.428399 0.683344 0.421445 0.682288 0.427133 0.679738 0.434009 0.662277 0.424816 0.653398 0.422897 0.674319 0.421356 0.653803 0.363834 0.638111 0.362985 0.642723 0.353916 0.648648 0.414936 0.644602 0.415973 0.651227 0.356721 0.632855 0.350918 0.651679 0.400029 0.629681 0.395393 0.628891 0.431402 0.646994 0.351604 0.627543 0.390779 0.63082 0.388673 0.634058 0.391571 0.617848 0.388439 0.62617 0.346433 0.624659 0.419563 0.649227 0.424361 0.639191 0.339842 0.629511 0.380366 0.621018 0.337974 0.622112 0.334235 0.636587 0.333771 0.630054 0.41967 0.636071 0.409256 0.643004 0.334195 0.642996 0.407262 0.63384 0.412663 0.637093 0.436948 0.654273 0.371661 0.634994 0.363752 0.628339 0.364687 0.625146 0.371895 0.631559 0.434541 0.684968 0.429284 0.695393 0.42851 0.643527 0.349356 0.619218 0.423924 0.646094 0.34271 0.618718 0.344701 0.613506 0.349339 0.613546 0.335903 0.625024 0.323879 0.625241 0.372437 0.618848 0.37894 0.61654 0.368739 0.615459 0.371455 0.610133 0.375722 0.624546 0.405235 0.625525 0.399393 0.622025 0.435417 0.701386 0.428218 0.702579 0.434665 0.695199 0.328796 0.619008 0.359613 0.627454 0.366094 0.618193 0.355647 0.618378 0.432933 0.680434 0.439581 0.649296 0.429989 0.672899 0.41351 0.632666 0.41367 0.627247 0.358236 0.610659 0.365241 0.606294 0.416649 0.620856 0.355847 0.607793 0.363511 0.599872 0.348203 0.604053 0.337139 0.609477 0.334569 0.611813 0.39841 0.615096 0.395732 0.609934 0.388402 0.611153 0.325908 0.611921 0.43944 0.659401 0.432927 0.66954 0.377684 0.611567 0.437361 0.641288 0.433814 0.705239 0.428378 0.631041 0.417709 0.631334 0.421326 0.626203 0.355751 0.601942 0.407421 0.61981 0.340518 0.603299 0.348926 0.59424 0.336907 0.59071 0.403072 0.617677 0.333106 0.6011 0.441618 0.651689 0.405067 0.611509 0.439174 0.691916 0.382345 0.607528 0.431123 0.640803 0.391524 0.603618 0.384475 0.598939 0.426645 0.617412 0.42985 0.627959 0.398798 0.600229 0.334422 0.595615 0.439054 0.67071 0.330344 0.604499 0.387283 0.593788 0.377887 0.60027 0.379105 0.592924 0.368229 0.598234 0.433046 0.622723 0.417886 0.614895 0.368661 0.588595 0.360592 0.589057 0.412482 0.617475 0.443307 0.697733 0.442531 0.708187 0.402753 0.604907 0.339847 0.587053 0.393115 0.596666 0.357123 0.580575 0.342269 0.582549 0.348936 0.573595 0.333326 0.584296 0.341123 0.571929 0.442482 0.644107 0.444281 0.649894 0.328489 0.593625 0.443652 0.638052 0.437562 0.634478 0.32867 0.602336 0.434212 0.63422 0.382321 0.582875 0.32123 0.591412 0.325077 0.580484 0.318333 0.595731 0.424025 0.611429 0.322612 0.606863 0.36617 0.571193 0.371255 0.577407 0.441294 0.683111 0.412298 0.611235 0.367944 0.583317 0.418688 0.600612 0.410217 0.601887 0.405047 0.592019 0.44633 0.65753 0.400151 0.584595 0.394898 0.583932 0.43963 0.677425 0.317764 0.575613 0.444222 0.664376 0.316451 0.583784 0.437804 0.625997 0.426965 0.60982 0.446758 0.70266 0.424644 0.605395 0.418282 0.60883 0.426464 0.59535 0.357949 0.571337 0.420552 0.593879 0.413055 0.591989 0.334545 0.567896 0.413304 0.582734 0.405104 0.57104 0.399352 0.579655 0.392868 0.573032 0.325213 0.573062 0.305664 0.591226 0.380051 0.572799 0.438497 0.631643 0.434385 0.60093 0.377784 0.563942 0.367041 0.5597 0.355654 0.559962 0.417211 0.588513 0.35184 0.563793 0.337534 0.558827 0.327162 0.553398 0.333358 0.549459 0.319976 0.560049 0.44807 0.642012 0.443823 0.678192 0.307823 0.579494 0.384904 0.568827 0.374416 0.571826 0.389253 0.552004 0.378982 0.555715 0.372858 0.555919 0.361457 0.549402 0.349093 0.547199 0.410341 0.575335 0.317826 0.569004 0.395577 0.565047 0.390406 0.561655 0.394267 0.557069 0.38138 0.549225 0.439414 0.619375 0.366604 0.545515 0.355978 0.538434 0.428733 0.585215 0.432522 0.588773 0.424166 0.586437 0.450823 0.662477 0.412003 0.560384 0.400901 0.545916 0.388274 0.546799 0.32962 0.536221 0.42075 0.578037 0.453868 0.699592 0.429085 0.574567 0.4514 0.647114 0.45223 0.639528 0.410013 0.545853 0.408806 0.555151 0.451863 0.654088 0.443898 0.670646 0.448965 0.631334 0.445112 0.627849 0.384281 0.541602 0.369533 0.539657 0.436649 0.605 0.433206 0.608893 0.453029 0.689649 0.450511 0.681522 0.43659 0.58479 0.431736 0.578254 0.423532 0.569224 0.417001 0.572805 0.439339 0.597456 0.436648 0.578522 0.417477 0.56629 0.450051 0.668278 0.424378 0.554476 0.422903 0.560496 0.417426 0.552104 0.455274 0.64135 0.455923 0.648538 0.394928 0.542009 0.440037 0.623038 0.442106 0.58359 0.412458 0.540838 0.404346 0.538634 0.433921 0.570391 0.453134 0.659255 0.455287 0.634476 0.448329 0.624156 0.457076 0.707226 0.458306 0.703864 0.441226 0.576812 0.43296 0.5652 0.410973 0.535617 0.382973 0.528983 0.454455 0.677546 0.451645 0.6713 0.459318 0.624758 0.447003 0.617372 0.446003 0.596837 0.418697 0.534057 0.395677 0.532576 0.424151 0.546319 0.459802 0.640351 0.459187 0.645707 0.459982 0.66537 0.45755 0.651645 0.456664 0.658505 0.460336 0.634959 0.450661 0.614661 0.448131 0.587807 0.407159 0.529757 0.465639 0.696919 0.437365 0.566697 0.430915 0.552405 0.395964 0.52168 0.380721 0.514323 0.456311 0.594631 0.426851 0.537995 0.462164 0.711434 0.461597 0.648348 0.457777 0.613598 0.453698 0.617889 0.458256 0.585437 0.452611 0.57605 0.460664 0.670068 0.46487 0.704723 0.462195 0.685413 0.464628 0.647815 0.423452 0.525345 0.414221 0.523192 0.418818 0.515546 0.404544 0.513181 0.435335 0.547122 0.437744 0.542918 0.443939 0.54997 0.431593 0.537231 0.457976 0.662034 0.429547 0.544252 0.437214 0.533191 0.45942 0.654302 0.465085 0.638105 0.465329 0.628696 0.462119 0.61969 0.455084 0.572323 0.449643 0.561893 0.447887 0.543777 0.462456 0.611953 0.466233 0.644961 0.424409 0.519746 0.441781 0.559144 0.439536 0.550759 0.462936 0.657401 0.467642 0.592095 0.449559 0.555155 0.452578 0.549915 0.431171 0.526994 0.4678 0.715835 0.437842 0.555536 0.4654 0.655666 0.46943 0.646817 0.468757 0.636052 0.473267 0.712665 0.475861 0.705769 0.445161 0.539971 0.444542 0.536801 0.464744 0.660409 0.444222 0.530986 0.440237 0.525476 0.457478 0.541603 0.463405 0.666022 0.469166 0.616049 0.466065 0.657845 0.468272 0.655254 0.469247 0.626934 0.453146 0.55775 0.469828 0.687372 0.465907 0.670756 0.476692 0.641141 0.428066 0.516916 0.467026 0.67781 0.45871 0.555123 0.452009 0.537334 0.450051 0.533398 0.469026 0.579386 0.465775 0.661765 0.472003 0.609103 0.482498 0.713908 0.474336 0.633698 0.469918 0.658427 0.473388 0.656927 0.444045 0.524096 0.451739 0.526484 0.465754 0.561058 0.474672 0.623437 0.475616 0.652188 0.440993 0.518784 0.464726 0.543904 0.475248 0.664048 0.481439 0.64942 0.482701 0.639404 0.481563 0.632318 0.474287 0.614328 0.453799 0.533055 0.474619 0.675723 0.477091 0.608322 0.463216 0.554683 0.464172 0.549437 0.482015 0.697989 0.478008 0.661901 0.482624 0.653068 0.452981 0.51831 0.447092 0.514121 0.475799 0.58563 0.467362 0.537511 0.46037 0.536298 0.487365 0.711505 0.482636 0.665543 0.484357 0.661426 0.4822 0.624139 0.482262 0.603045 0.482523 0.578638 0.491092 0.717792 0.486675 0.690847 0.480239 0.681982 0.472962 0.561001 0.494008 0.718515 0.47074 0.552345 0.45917 0.524192 0.464023 0.526851 0.470278 0.547646 0.490487 0.67228 0.488774 0.641909 0.486296 0.617289 0.499375 0.713482 0.49914 0.702806 0.482767 0.565708 0.490906 0.647033 0.497624 0.678156 0.500784 0.724104 0.490909 0.632475 0.476062 0.555125 0.467414 0.523293 0.489713 0.624324 0.489674 0.599342 0.487985 0.604949 0.497509 0.682801 0.510345 0.720317 0.508719 0.700029 0.493913 0.659772 0.494409 0.638081 0.497143 0.655682 0.459537 0.513627 0.504159 0.696406 0.495155 0.64861 0.473171 0.532201 0.499522 0.632404 0.499899 0.626882 0.49735 0.614412 0.487371 0.570443 0.497836 0.604475 0.48432 0.557301 0.477057 0.545516 0.499239 0.664664 0.5101 0.65193 0.501708 0.64422 0.491908 0.578503 0.493477 0.592244 0.515216 0.714837 0.506358 0.686142 0.498174 0.670726 0.474016 0.520449 0.509426 0.641413 0.496459 0.598628 0.490193 0.561571 0.518357 0.7248 0.487423 0.543733 0.477661 0.537206 0.506913 0.625441 0.498677 0.584174 0.513324 0.631655 0.502015 0.606744 0.521914 0.709674 0.478053 0.527963 0.508468 0.614375 0.527377 0.718875 0.507915 0.66093 0.523808 0.67091 0.514986 0.647077 0.507 0.594166 0.491431 0.555342 0.501931 0.580298 0.496639 0.569271 0.519521 0.637242 0.497148 0.563866 0.515111 0.626773 0.518284 0.697036 0.484486 0.528928 0.515986 0.618592 0.507888 0.585759 0.522277 0.679867 0.524501 0.656032 0.516509 0.6502 0.513448 0.598563 0.475502 0.515778 0.520804 0.647903 0.527138 0.662921 0.533434 0.690696 0.494232 0.528825 0.491628 0.514431 0.499459 0.547664 0.520088 0.604618 0.507506 0.574063 0.530343 0.703426 0.505519 0.559769 0.506481 0.556081 0.529355 0.697715 0.522243 0.611472 0.528262 0.629334 0.515573 0.58383 0.527826 0.652998 0.534743 0.64687 0.532816 0.638186 0.540203 0.714049 0.536309 0.680799 0.527484 0.615894 0.517693 0.58841 0.521061 0.59508 0.518199 0.572572 0.5428 0.705289 0.542242 0.699964 0.526819 0.604004 0.524842 0.580582 0.519515 0.558617 0.50619 0.542339 0.535135 0.670405 0.537016 0.658464 0.537746 0.651039 0.551314 0.714172 0.542786 0.722655 0.535628 0.61601 0.55144 0.695243 0.538508 0.622536 0.562882 0.716727 0.549939 0.706697 0.514049 0.547414 0.54204 0.687035 0.529626 0.609822 0.504585 0.525643 0.526207 0.586046 0.547313 0.687283 0.546925 0.672804 0.531445 0.565926 0.530323 0.593195 0.515645 0.539592 0.544333 0.657697 0.560205 0.706779 0.548723 0.680964 0.535308 0.599512 0.534333 0.572166 0.560046 0.696704 0.554937 0.669952 0.549112 0.668385 0.534931 0.579584 0.51056 0.522932 0.548013 0.654461 0.552657 0.646113 0.551398 0.66145 0.573825 0.72359 0.572134 0.707132 0.54527 0.61503 0.56202 0.676118 0.538016 0.585772 0.524397 0.545508 0.521205 0.536669 0.556506 0.649837 0.541809 0.60569 0.569241 0.692083 0.517964 0.523291 0.563637 0.682692 0.550771 0.628344 0.54068 0.59769 0.562407 0.657923 0.563879 0.648545 0.539271 0.565656 0.56314 0.666975 0.555805 0.621781 0.540546 0.556471 0.557063 0.633641 0.549636 0.598538 0.546636 0.589149 0.541239 0.577786 0.529741 0.531241 0.552899 0.610714 0.551249 0.568647 0.570294 0.681176 0.572724 0.654716 0.583572 0.714251 0.569028 0.637404 0.575908 0.687488 0.583208 0.723317 0.583998 0.689278 0.572379 0.674253 0.5661 0.619943 0.557817 0.599077 0.554657 0.584087 0.544848 0.547682 0.543057 0.533509 0.594418 0.720979 0.587354 0.69825 0.572126 0.645887 0.561436 0.606419 0.560159 0.560785 0.596353 0.708062 0.582155 0.647732 0.559129 0.58963 0.558482 0.576174 0.557358 0.567122 0.558995 0.535196 0.572469 0.522568 0.569449 0.535592 0.561567 0.511719 0.575689 0.527496 0.568691 0.600353 0.566833 0.565013 0.565231 0.547462 0.579116 0.537082 0.578377 0.516813 0.580343 0.66571 0.574712 0.618994 0.567773 0.588928 0.569307 0.575238 0.571289 0.56146 0.574691 0.554968 0.575312 0.545778 0.582135 0.525904 0.603382 0.692248 0.589628 0.688773 0.577378 0.625797 0.576923 0.568394 0.582262 0.660296 0.583965 0.614181 0.594655 0.616078 0.596732 0.609785 0.609899 0.608694 0.605146 0.601197 0.615919 0.599027 0.606818 0.712075 0.613275 0.701646 0.64733 0.655625 0.658439 0.649948 0.650174 0.669974 0.630039 0.652609 0.647279 0.642888 0.626693 0.636162 0.621608 0.650845 0.615293 0.636318 0.584761 0.622464 0.575933 0.601067 0.609029 0.628732 0.622513 0.627712 0.604639 0.618731 0.60368 0.593021 0.596909 0.604545 0.616466 0.610671 0.633441 0.620084 0.623327 0.611044 0.627741 0.605277 0.587228 0.540716 0.587155 0.535423 0.641387 0.661254 0.623184 0.569474 0.60091 0.576145 0.599675 0.572351 0.60941 0.546057 0.590135 0.560301 0.617092 0.722659 0.632207 0.643201 0.596413 0.66758 0.634053 0.632989 0.645409 0.625802 0.590384 0.643008 0.600851 0.656825 0.596744 0.643084 0.665021 0.658302 0.666699 0.65293 0.609612 0.661594 0.573778 0.586664 0.606311 0.632073 0.615886 0.62046 0.635362 0.719476 0.63313 0.704453 0.641759 0.713919 0.648819 0.706402 0.60746 0.588437 0.626881 0.59749 0.613121 0.586735 0.594267 0.585807 0.588524 0.577675 0.597393 0.581779 0.607529 0.581071 0.621068 0.677574 0.66596 0.673227 0.669278 0.689687 0.81727 0.478573 0.812519 0.480613 0.816172 0.472904 0.824797 0.477642 0.833811 0.475813 0.828171 0.479571 0.822751 0.47749 0.82202 0.485147 0.816213 0.483352 0.82679 0.473274 0.812485 0.470917 0.819342 0.46689 0.837224 0.4735 0.836602 0.479225 0.833201 0.480853 0.825105 0.483238 0.825449 0.467825 0.807682 0.46718 0.844231 0.473796 0.842863 0.481809 0.834367 0.467968 0.83963 0.471093 0.832544 0.471336 0.848209 0.478736 0.828373 0.462831 0.823361 0.461337 0.823038 0.456674 0.843154 0.468621 0.833857 0.459555 0.827364 0.459051 0.797127 0.468482 0.816001 0.456336 0.804827 0.459405 0.81039 0.452939 0.856264 0.467674 0.822493 0.45299 0.818339 0.450379 0.805791 0.454599 0.802298 0.45602 0.799556 0.45853 0.855379 0.480878 0.864953 0.475035 0.810571 0.444 0.808187 0.45018 0.799838 0.448253 0.832927 0.454748 0.827255 0.445306 0.80609 0.44724 0.801215 0.44437 0.864423 0.464571 0.794761 0.4475 0.852483 0.46335 0.796155 0.456822 0.842093 0.460507 0.786566 0.455196 0.821644 0.447993 0.79536 0.443798 0.790222 0.443537 0.784404 0.450486 0.813978 0.449823 0.802228 0.439678 0.815114 0.441139 0.807039 0.436262 0.872726 0.46138 0.876586 0.471486 0.78321 0.443245 0.858127 0.460566 0.839711 0.45362 0.898631 0.465885 0.893741 0.473816 0.896507 0.464974 0.88418 0.464313 0.891858 0.461213 0.802325 0.435505 0.790162 0.437239 0.87039 0.456702 0.834046 0.447796 0.814212 0.435799 0.897636 0.460302 0.880846 0.454787 0.864621 0.455475 0.783422 0.440178 0.784431 0.433186 0.778174 0.43481 0.854078 0.455506 0.848082 0.454514 0.820732 0.436867 0.890937 0.449468 0.837796 0.449018 0.899122 0.454515 0.797752 0.433224 0.906149 0.469591 0.903548 0.459171 0.856995 0.45359 0.816566 0.430152 0.87629 0.449025 0.805017 0.429765 0.858235 0.450015 0.851483 0.44746 0.909773 0.464781 0.826675 0.436757 0.891859 0.445643 0.794346 0.427794 0.867449 0.451109 0.838393 0.439544 0.906116 0.454226 0.82494 0.427697 0.884272 0.444208 0.862672 0.445892 0.848686 0.44033 0.851418 0.439656 0.846135 0.444995 0.835841 0.437129 0.91353 0.458682 0.813251 0.425889 0.876047 0.441498 0.782668 0.429072 0.868373 0.441532 0.774556 0.42747 0.844558 0.428976 0.925934 0.459741 0.898382 0.445699 0.881609 0.43622 0.869834 0.436276 0.857167 0.434913 0.865268 0.435536 0.907967 0.443584 0.819037 0.425565 0.887567 0.438819 0.874549 0.428896 0.78791 0.423767 0.849796 0.431453 0.830689 0.433454 0.882946 0.432487 0.780945 0.422943 0.871481 0.428527 0.859279 0.428531 0.833154 0.426432 0.896608 0.431193 0.88843 0.430611 0.795777 0.419302 0.865511 0.425567 0.854841 0.426209 0.82871 0.426995 0.929702 0.450099 0.804813 0.420312 0.875601 0.425151 0.773579 0.41966 0.848485 0.426415 0.908278 0.436841 0.859686 0.421681 0.825596 0.421825 0.81829 0.419227 0.811326 0.42023 0.769762 0.422097 0.940395 0.451839 0.928735 0.44259 0.853606 0.421923 0.839966 0.421387 0.834347 0.421484 0.882998 0.421878 0.778577 0.415336 0.920319 0.433125 0.86816 0.419985 0.831349 0.417578 0.799028 0.415335 0.898195 0.425523 0.810052 0.414586 0.786777 0.410991 0.888749 0.424035 0.879375 0.421939 0.766402 0.415326 0.848915 0.416515 0.845309 0.420303 0.823566 0.417701 0.86531 0.416847 0.871654 0.416268 0.854682 0.416224 0.844899 0.415928 0.943223 0.440299 0.819807 0.412633 0.933786 0.436281 0.906183 0.41942 0.893559 0.418446 0.835514 0.410824 0.813013 0.408921 0.806822 0.409849 0.794967 0.405759 0.804168 0.405749 0.782889 0.408635 0.864397 0.412767 0.857037 0.413808 0.846499 0.412109 0.76846 0.408152 0.882339 0.417368 0.874685 0.413379 0.851306 0.41242 0.870341 0.411594 0.792063 0.404626 0.756629 0.406201 0.856431 0.411315 0.843728 0.408413 0.825252 0.408718 0.819445 0.405036 0.965093 0.429715 0.934549 0.423049 0.885049 0.411682 0.879946 0.40784 0.857093 0.408685 0.853155 0.409133 0.83306 0.406434 0.95999 0.423635 0.921157 0.420199 0.892182 0.412971 0.838269 0.406149 0.812521 0.404858 0.78111 0.404043 0.867804 0.407237 0.862117 0.406009 0.850206 0.406305 0.787849 0.399215 0.772043 0.401133 0.876746 0.408685 0.76498 0.399169 0.840403 0.403087 0.829643 0.404094 0.85734 0.405992 0.820519 0.39959 0.804092 0.400351 0.891926 0.407838 0.834217 0.402929 0.809911 0.396397 0.798456 0.398078 0.887393 0.403744 0.846267 0.40416 0.947213 0.407978 0.917294 0.406668 0.856513 0.402739 0.824826 0.396203 0.937588 0.406543 0.909056 0.405294 0.897611 0.403771 0.850323 0.40287 0.791597 0.393371 0.785616 0.393523 0.774678 0.393406 0.75557 0.397472 0.874746 0.403694 0.84792 0.398303 0.839134 0.398671 0.818638 0.39507 0.892645 0.400931 0.869519 0.401675 0.859723 0.40023 0.833171 0.397911 0.756419 0.389573 0.852799 0.39765 0.810093 0.391453 0.800432 0.392353 0.765613 0.392562 0.880242 0.399601 0.872893 0.397556 0.965616 0.399857 0.778849 0.38551 0.899762 0.397835 0.886164 0.399315 0.843662 0.395431 0.837882 0.395946 0.830533 0.390563 0.815676 0.394055 0.863005 0.392738 0.811755 0.393101 0.806154 0.386862 0.894001 0.39596 0.770115 0.386027 0.763298 0.384978 0.878153 0.394904 0.742099 0.390976 0.84809 0.391781 0.929963 0.392886 0.916568 0.39459 0.747607 0.387094 0.854954 0.395481 0.812259 0.389179 0.881887 0.393683 0.796941 0.386948 0.869795 0.39133 0.858935 0.397022 0.816867 0.388249 0.785392 0.380695 0.835498 0.387828 0.824999 0.390837 0.889232 0.391688 0.755983 0.37848 0.818947 0.385167 0.959601 0.388027 0.811578 0.385788 0.793618 0.381499 0.741742 0.377287 0.866202 0.387119 0.857212 0.389444 0.852541 0.387625 0.943878 0.392101 0.900174 0.390213 0.87503 0.390234 0.771208 0.378945 0.863103 0.388451 0.815143 0.383868 0.804742 0.376723 0.906726 0.388188 0.849597 0.38868 0.823813 0.384271 0.894643 0.387213 0.880429 0.388628 0.831059 0.380927 0.810475 0.37653 0.897924 0.383812 0.857481 0.386063 0.982466 0.383615 0.838676 0.386086 0.819501 0.38013 0.874302 0.384864 0.758333 0.365904 0.84056 0.383509 0.825988 0.379391 0.79592 0.375942 0.786143 0.375227 0.736878 0.3689 0.849101 0.38081 0.771337 0.367537 0.8668 0.383588 0.861609 0.382492 0.932788 0.378824 0.918644 0.368862 0.882095 0.381858 0.873743 0.381094 0.858348 0.382677 0.853306 0.380498 0.979032 0.375611 0.903966 0.378821 0.833228 0.372893 0.821354 0.373822 0.953376 0.376674 0.803864 0.371177 0.789223 0.367291 0.890531 0.381707 0.89511 0.378995 0.860102 0.379791 0.84072 0.375234 0.811582 0.371895 0.746738 0.356482 0.887416 0.376036 0.854416 0.3776 0.898311 0.37618 0.830607 0.368528 0.979156 0.366123 0.799145 0.36422 0.766234 0.357507 0.892806 0.374045 0.882312 0.379029 0.847407 0.374398 0.787345 0.361883 0.837579 0.371239 0.818128 0.36574 0.810615 0.362452 0.937886 0.368545 0.910124 0.364582 0.859694 0.376015 0.958853 0.365512 0.873369 0.372694 0.903622 0.368153 0.987689 0.350999 0.853602 0.371503 0.839172 0.367489 0.76003 0.34862 0.893696 0.368764 0.883601 0.373151 0.792723 0.358786 0.923905 0.359134 0.915447 0.359565 0.848693 0.367229 0.803809 0.355243 0.729305 0.334758 0.732854 0.34883 0.713931 0.341877 0.961106 0.353267 0.862891 0.370311 0.95041 0.354466 0.988327 0.334791 0.858512 0.36287 0.851964 0.359969 0.821218 0.362213 0.928597 0.354093 0.777905 0.346646 0.750183 0.344092 0.866747 0.364556 0.873817 0.367336 0.840004 0.358228 0.826005 0.359324 0.810483 0.353331 0.908542 0.356028 0.884031 0.367093 0.935488 0.341702 0.918952 0.350522 0.79003 0.349528 0.870092 0.344729 0.854489 0.351462 0.850366 0.344553 0.965535 0.339868 0.952786 0.303427 0.953105 0.298534 0.958225 0.297101 0.834731 0.346504 0.958004 0.314007 0.941117 0.313038 0.829113 0.347951 0.946021 0.306368 0.819793 0.356554 0.908217 0.345695 0.893437 0.359415 0.874014 0.359874 0.863776 0.342163 0.922766 0.339037 0.767903 0.339828 0.902932 0.354448 0.878703 0.351429 0.965127 0.323312 0.938491 0.331968 0.853999 0.336252 0.862929 0.336385 0.969115 0.29977 0.843375 0.337487 0.934225 0.307971 0.787156 0.342969 0.987882 0.316046 0.882897 0.357816 0.888038 0.35457 0.870871 0.340046 0.8682 0.332155 0.986761 0.303583 0.803346 0.349753 0.79716 0.344944 0.938888 0.302732 0.932959 0.314216 0.815838 0.349377 0.877807 0.343437 0.882439 0.343105 0.721404 0.32966 0.839855 0.331948 0.926695 0.335822 0.963356 0.291764 0.925498 0.319272 0.811051 0.347071 0.890838 0.349338 0.860711 0.331809 0.754976 0.333247 0.742693 0.332035 0.861969 0.27337 0.869297 0.270765 0.867251 0.278684 0.828273 0.338702 0.819566 0.344407 0.953231 0.290673 0.916121 0.343064 0.897457 0.344411 0.8421 0.28359 0.836223 0.277873 0.853129 0.265852 0.844783 0.262979 0.834386 0.270219 0.835438 0.285538 0.813649 0.284731 0.819254 0.286815 0.816176 0.292617 0.909021 0.340281 0.918383 0.320934 0.915627 0.327304 0.831982 0.331478 0.917534 0.311304 0.947027 0.293436 0.912001 0.321891 0.907731 0.332125 0.905213 0.325056 0.891829 0.318935 0.907206 0.319073 0.929962 0.30238 0.927949 0.309423 0.955895 0.277867 0.95288 0.286061 0.945467 0.28384 0.90284 0.339818 0.939107 0.289295 0.780119 0.337819 0.729491 0.284306 0.756628 0.280412 0.744033 0.292389 0.907768 0.295011 0.915092 0.305673 0.908479 0.303435 0.912329 0.287046 0.905444 0.290109 0.930207 0.292695 0.894599 0.281765 0.909455 0.282669 0.899264 0.287171 0.895333 0.293323 0.887117 0.292785 0.89186 0.289158 0.883666 0.2911 0.89573 0.308216 0.867744 0.306411 0.876056 0.300803 0.876157 0.304722 0.86122 0.299972 0.889808 0.339763 0.894828 0.332614 0.881555 0.336814 0.877953 0.32702 0.887595 0.329682 0.864227 0.318363 0.856332 0.324079 0.869555 0.311721 0.861837 0.310052 0.857494 0.304612 0.851107 0.294484 0.855131 0.291451 0.855033 0.329283 0.871445 0.28498 0.876803 0.285878 0.86989 0.290754 0.854906 0.270629 0.857293 0.261162 0.830853 0.298629 0.840219 0.294992 0.833266 0.302722 0.827173 0.27019 0.825236 0.283258 0.816169 0.281532 0.814411 0.276444 0.840296 0.301742 0.834412 0.310921 0.827845 0.305302 0.919429 0.332819 0.833358 0.320514 0.824173 0.313167 0.812166 0.306472 0.819682 0.317578 0.803362 0.308907 0.810911 0.299243 0.800956 0.292151 0.89444 0.326529 0.808539 0.268356 0.799626 0.263178 0.810595 0.260206 0.796577 0.256837 0.888867 0.335244 0.92344 0.30568 0.914564 0.296133 0.906541 0.311254 0.903509 0.299739 0.779781 0.24707 0.785039 0.262531 0.896176 0.298617 0.96011 0.283412 0.887946 0.30341 0.803293 0.272521 0.894846 0.267461 0.906068 0.274534 0.883615 0.282448 0.886698 0.271809 0.755013 0.264607 0.775389 0.264919 0.762965 0.276561 0.889957 0.31102 0.884464 0.313051 0.822796 0.336296 0.883056 0.322895 0.813801 0.337192 0.814273 0.323636 0.815332 0.331436 0.922014 0.295925 0.882996 0.302164 0.806197 0.332429 0.920853 0.281382 0.93492 0.282196 0.924646 0.288624 0.878524 0.295453 0.919865 0.291416 0.875458 0.314735 0.779898 0.309236 0.799772 0.318226 0.786111 0.319575 0.807162 0.34217 0.914684 0.279953 0.889422 0.343491 0.785894 0.333117 0.777142 0.33225 0.771869 0.334476 0.777726 0.302166 0.78762 0.296406 0.771689 0.306031 0.77122 0.287939 0.745527 0.302687 0.754245 0.300326 0.768141 0.314324 0.776674 0.322275 0.761152 0.316586 0.852796 0.320772 0.852257 0.315434 0.847372 0.311845 0.729472 0.27006 0.728279 0.254277 0.737315 0.257927 0.753702 0.323354 0.718769 0.248384 0.724676 0.289947 0.713094 0.282453 0.731371 0.297758 0.71706 0.294069 0.844943 0.322673 0.837662 0.326033 0.734061 0.320912 0.722902 0.312216 0.732928 0.31163 0.72754 0.320227 0.883793 0.266306 0.876786 0.269329 0.87653 0.276225 0.856274 0.283369 0.861901 0.279839 0.83262 0.25955 0.791282 0.301724 0.755836 0.291901 0.772198 0.275072 0.765125 0.286923 0.749729 0.314534 0.850201 0.301697 0.705078 0.255979 0.718665 0.272268 0.822515 0.296915 0.826823 0.325851 0.70708 0.319168 0.808811 0.288687 0.828222 0.252614 0.876466 0.333255 0.795161 0.285311 0.79104 0.272885 0.780146 0.280415 0.868819 0.32066 0.767632 0.255191 0.811476 0.314426 0.805316 0.323442 0.795249 0.325821 0.80434 0.33842 0.795004 0.337054 0.127811 0.0300839 0.125582 0.0322167 0.125941 0.0288784 0.122789 0.0311266 0.128744 0.0322176 0.12297 0.0343407 0.126363 0.0337116 0.120989 0.0385915 0.120495 0.0366524 0.117521 0.036476 0.154687 0.0261197 0.163074 0.0261463 0.157308 0.0310402 0.154532 0.032461 0.163117 0.0300979 0.158017 0.0326746 0.151156 0.022078 0.152168 0.0283481 0.150069 0.0249663 0.129241 0.0356774 0.11898 0.0403363 0.154968 0.0365551 0.123221 0.0399216 0.166917 0.0294304 0.131988 0.0306673 0.134348 0.0347953 0.12151 0.0434784 0.16642 0.0387454 0.15948 0.0369973 0.177953 0.00652112 0.177947 0.0240204 0.171792 0.0337225 0.183566 0.0153074 0.189075 0.00322828 0.151378 0.031603 0.1175 0.0471085 0.113954 0.0458017 0.163741 0.0434183 0.148529 0.0298116 0.125604 0.044193 0.114176 0.0539409 0.153609 0.0394746 0.157926 0.0458913 0.149206 0.0331794 0.132516 0.0281169 0.136884 0.0331613 0.198449 0.00753441 0.146335 0.0229935 0.150778 0.0372587 0.129146 0.042514 0.181722 0.0310129 0.144024 0.0245002 0.146738 0.0344123 0.109973 0.0528487 0.146277 0.0304045 0.13638 0.0283406 0.138779 0.0292731 0.105292 0.0634203 0.0999851 0.0557496 0.133861 0.0414664 0.12163 0.051019 0.0971885 0.0647458 0.0913894 0.0566567 0.151595 0.042261 0.199921 0.0184314 0.196341 0.0246436 0.173418 0.0380352 0.139032 0.0263413 0.0868454 0.0676408 0.188363 0.0278638 0.142018 0.0268884 0.172001 0.0484821 0.167707 0.0503058 0.155726 0.0513251 0.14919 0.0497655 0.148334 0.0536366 0.144435 0.0384627 0.142945 0.0355159 0.138547 0.0354024 0.122803 0.0548998 0.139985 0.0315185 0.144245 0.0330124 0.180501 0.0386072 0.1597 0.0536505 0.158965 0.0597912 0.149576 0.0567713 0.0782886 0.0783446 0.0785165 0.0683603 0.154323 0.0572446 0.145559 0.0602942 0.0633492 0.0751156 0.0716001 0.0767293 0.140553 0.057863 0.145869 0.0541878 0.0417295 0.0823547 0.0555598 0.0851836 0.0451462 0.0902132 0.205099 0.0146093 0.186795 0.0354719 0.139955 0.0409074 0.143713 0.0412678 0.137024 0.0425274 0.101978 0.0693015 0.0940576 0.0765618 0.130004 0.046874 0.0863971 0.0771433 0.126167 0.0496012 0.150436 0.0649319 0.116652 0.0583855 0.137928 0.0607441 0.137671 0.0563404 0.146615 0.0464407 0.195434 0.0349544 0.132726 0.0446499 0.164769 0.0586079 0.143023 0.0525538 0.134083 0.0594919 0.0693227 0.0816961 0.0518396 0.0957032 0.214085 0 0.135576 0.0644825 0.108129 0.0672558 0.141246 0.0448017 0.175926 0.0541083 0.172159 0.0593317 0.143882 0.0485184 0.131227 0.0579489 0.132673 0.06097 0.143357 0.0697755 0.188068 0.0453371 0.0749278 0.0866936 0.144955 0.0515155 0.0664899 0.0909806 0.211659 0.0166771 0.2046 0.0235085 0.134816 0.0479305 0.133529 0.053364 0.13688 0.0525857 0.13331 0.0499949 0.127126 0.0560485 0.164181 0.0687134 0.124916 0.0619024 0.152835 0.0691116 0.0583746 0.0944586 0.116234 0.0661329 0.149323 0.0722404 0.108171 0.0744741 0.0996243 0.0791012 0.129604 0.0529816 0.0237063 0.0989877 0.141023 0.0472526 0.213165 0.0306117 0.202295 0.0443476 0.113964 0.0737598 0.139185 0.0492154 0.0961106 0.0809802 0.187124 0.0577318 0.180924 0.0610586 0.138576 0.0466049 0.112254 0.0796786 0.14318 0.0499998 0.0814389 0.0904279 0.0736654 0.0946696 0.0394147 0.105776 0.157319 0.0737824 0.225027 0.0182693 0.22954 0.0110263 0.125784 0.0725632 0.194613 0.0511925 0.089136 0.0890124 0.132313 0.069243 0.222408 0.0257044 0.12436 0.068486 0.213772 0.0389587 0.180068 0.0663709 0.140526 0.0475444 0.173208 0.0683314 0.0315221 0.109031 0.134046 0.0764705 0.234939 0.0174929 0.233039 0.0226514 0.22559 0.0293531 0.12506 0.0772049 0.109081 0.0859353 0.102966 0.0907707 0.0734369 0.0986164 0.151296 0.0763725 0.138356 0.079298 0.120333 0.0822924 0.0960328 0.0945338 0.176626 0.0771338 0.0919841 0.100137 0.085147 0.09898 0.0661514 0.102054 0.220677 0.0338764 0.168307 0.0774885 0.0599807 0.106142 0.202871 0.0567511 0.191883 0.0658818 0.162014 0.0799928 0.243519 0.0169774 0.241141 0.0282313 0.127313 0.0829964 0.126074 0.0872691 0.11844 0.0911633 0.158632 0.0783836 0.153068 0.0821192 0.0841045 0.108172 0.0732394 0.107049 0.221684 0.0407585 0.110856 0.0923859 0.0514404 0.11315 0.221245 0.0488635 0.116746 0.0945233 0.099812 0.0994923 0.132034 0.0877268 0.234277 0.0324871 0.0421798 0.1221 0.186391 0.0719656 0.157757 0.083517 0.148423 0.0897704 0.0211952 0.12072 0.232122 0.040698 0.123791 0.0957733 0.183128 0.086021 0.175924 0.0877087 0.159055 0.0887951 0.192464 0.0717247 0.112869 0.0980505 0.090966 0.106661 0.167434 0.084912 0.0731182 0.11417 0.249058 0.0336788 0.227992 0.0468099 0.136621 0.0941059 0.190066 0.0817384 0.102062 0.104257 0.0282197 0.130676 0.152622 0.0900473 0.239071 0.0437593 0.0595886 0.124182 0.01924 0.143228 0.00448167 0.1362 0.218352 0.0632537 0.118342 0.103681 0.122028 0.102342 0.204328 0.0674288 0.185167 0.0888821 0.171741 0.094086 0.085943 0.119791 0.16491 0.0901251 0.159909 0.0921545 0.263125 0.0195486 0.18249 0.0959142 0.0951723 0.111624 0.0400697 0.13249 0.148375 0.0955401 0.259398 0.0334132 0.131352 0.100053 0.234206 0.0541878 0.173252 0.0947626 0.0699376 0.125169 0.226119 0.0560832 0.00764162 0.146469 0.112639 0.105801 0.169672 0.095885 0.121216 0.11113 0.164074 0.0959798 0.137457 0.100574 0.0378651 0.140769 0.198358 0.0825092 0.188753 0.0932149 0.0545104 0.132716 0.0463847 0.141324 0.255528 0.0520269 0.0186774 0.15123 0.126376 0.105636 0.202121 0.0786838 0.19232 0.0959764 0.194903 0.0943591 0.0960392 0.117542 0.176691 0.0939263 0.15335 0.0979095 0.197265 0.0921969 0.11302 0.112338 0.105339 0.10817 0.188284 0.0977514 0.104178 0.116942 0.051504 0.141605 0.0635194 0.139319 0.0323398 0.147547 0.00486448 0.164424 0.210578 0.0729359 0.217578 0.0723928 0.131481 0.108903 0.109605 0.116735 0.0848913 0.127204 0.24711 0.054624 0.143214 0.10489 0.203223 0.089325 0.19445 0.0987919 0.0692517 0.129829 0.222417 0.0664545 0.134705 0.107082 0.0936978 0.124282 0.267562 0.0464808 0.229519 0.0682914 0.0270027 0.159773 0.172156 0.0988731 0.0908577 0.131255 0.156782 0.0995714 0.161245 0.0992743 0.233975 0.0647013 0.0377985 0.15284 0.114029 0.114746 0.122261 0.114628 0.166253 0.0990611 0.126478 0.113223 0.0463498 0.146249 0.240751 0.0623232 0.215313 0.0795473 0.210256 0.0861116 0.197229 0.0984921 0.200582 0.0962514 0.178837 0.101125 0.082072 0.138137 0.0562853 0.145882 0.153364 0.103549 0.105145 0.124309 0.177041 0.100956 0.0141109 0.168866 0.228348 0.0731477 0.040386 0.161047 0.00256524 0.17482 0.0225184 0.172064 0.194655 0.104996 0.183912 0.107439 0.146625 0.107412 0.258966 0.0578472 0.133068 0.113604 0.221566 0.0802875 0.120477 0.123095 0.127314 0.118297 0.10607 0.130043 0.198987 0.10544 0.130071 0.114296 0.252099 0.0617883 0.235065 0.0717345 0.110947 0.126711 0.204288 0.107774 0.158555 0.104815 0.267073 0.0587883 0.0866103 0.145322 0.0688878 0.15152 0.209584 0.0930819 0.0139376 0.180038 0 0.190201 0.171125 0.101536 0.178423 0.106013 0.116531 0.130579 0.095751 0.136366 0.165478 0.103493 0.138381 0.115338 0.047268 0.171715 0.169718 0.102534 0.130675 0.119486 0.0788029 0.150752 0.17561 0.105613 0.245648 0.0710865 0.0606613 0.161547 0.136141 0.118503 0.216925 0.0893113 0.00960019 0.19239 0.161815 0.107845 0.156527 0.110764 0.148014 0.113341 0.26846 0.0692079 0.264113 0.0721347 0.142045 0.119686 0.0265822 0.187942 0.0402551 0.178822 0.218565 0.0848661 0.206286 0.101548 0.19478 0.111493 0.0836444 0.157358 0.128626 0.126373 0.0992927 0.143888 0.201645 0.115134 0.237861 0.0770239 0.2281 0.0821655 0.0109326 0.218188 0.12486 0.133122 0.0380282 0.191366 0.258868 0.0784514 0.118455 0.135563 0.111265 0.139636 0.211521 0.0994424 0.0911991 0.150517 0.171081 0.104767 0.179751 0.110505 0.167281 0.105788 0.146369 0.118598 0.110139 0.146828 0.234323 0.0827745 0.223265 0.0878051 0.216715 0.0965903 0.0432806 0.204615 0.000390929 0.216893 0.170259 0.104481 0.206946 0.112909 0.140372 0.123465 0.201173 0.12344 0.139167 0.130301 0.0978609 0.15413 0.0725728 0.16511 0.228952 0.123487 0.22972 0.123666 0.229165 0.124324 0.171489 0.107045 0.0530006 0.18884 0.0598576 0.179006 0.203877 0.118089 0.208087 0.119016 0.20678 0.121042 0.151116 0.120508 0.131146 0.130897 0.0975774 0.160914 0.227223 0.123632 0.220587 0.0989331 0.214868 0.107078 0.0251976 0.216474 0.18558 0.121928 0.172426 0.110416 0.174838 0.113197 0.116848 0.143834 0.23223 0.0878763 0.213157 0.111737 0.253006 0.0832838 0.109781 0.162166 0.230926 0.124472 0.169365 0.110699 0.232004 0.122052 0.0832211 0.16575 0.21521 0.121789 0.00376708 0.234694 0.262096 0.0814408 0.130552 0.137227 0.126729 0.141639 0.24758 0.0853852 0.0665129 0.193505 0.0731468 0.181486 0.0192293 0.240629 0.213057 0.117464 0.155758 0.121495 0.228425 0.120221 0.239388 0.0877344 0.224845 0.0954342 0.212075 0.127042 0.221516 0.122137 0.173544 0.118271 0.16265 0.114873 0.248404 0.128455 0.256349 0.13097 0.251536 0.13253 0.204754 0.130756 0.147354 0.125537 0.0574256 0.199655 0.0346963 0.223645 0.25161 0.123932 0.170325 0.116279 0.242184 0.124902 0.195992 0.130072 0.250752 0.0959517 0.258584 0.0890016 0.134763 0.142154 0.143632 0.130273 0.225886 0.125959 0.232824 0.119067 0.118456 0.154024 0.236972 0.0930667 0.0908729 0.178563 0.0763038 0.200102 0.00349492 0.254864 0.221975 0.119133 0.207412 0.134981 0.244707 0.101664 0.235469 0.0981184 0.23246 0.100124 0.228987 0.108577 0.258454 0.125835 0.242818 0.119791 0.223958 0.104683 0.233555 0.125821 0.135642 0.13612 0.12477 0.145524 0.265404 0.0895146 0.229045 0.126229 0.10961 0.169421 0.162354 0.120929 0.0262051 0.25694 0.221663 0.128849 0.242211 0.107853 0.227175 0.111477 0.224435 0.116111 0.233167 0.11154 0.223353 0.111392 0.220511 0.105548 0.249304 0.117837 0.22087 0.114586 0.219066 0.108823 0.165638 0.117172 0.255562 0.109471 0.256782 0.116291 0.0968148 0.183598 0.0632043 0.204503 0.260112 0.0993212 0.267261 0.10059 0.239458 0.127652 0.215415 0.114148 0.158239 0.124901 0.087639 0.194142 0.0486159 0.226542 0.0393506 0.236609 0.200891 0.135751 0.231197 0.128691 0.228708 0.128901 0.152451 0.128484 0.211697 0.134264 0.150308 0.132713 0.187609 0.149839 0.190151 0.146806 0.189025 0.153799 0.181125 0.146416 0.0622812 0.27103 0.078936 0.277519 0.0606249 0.295982 0.0444931 0.269066 0.142353 0.138974 0.142436 0.149534 0.268753 0.109967 0.158529 0.126483 0.167132 0.153938 0.158213 0.157185 0.161573 0.149609 0.152306 0.152223 0.19413 0.148462 0.19553 0.139901 0.185316 0.155479 0.190635 0.165055 0.185825 0.137056 0.179809 0.138539 0.0543556 0.250443 0.17408 0.144647 0.147703 0.145935 0.16849 0.14779 0.127919 0.159748 0.118959 0.164603 0.110716 0.185045 0.17235 0.121256 0.1692 0.123411 0.173501 0.137216 0.167867 0.135917 0.213703 0.14184 0.069941 0.26002 0.201685 0.144124 0.198524 0.145501 0.190357 0.12971 0.153273 0.159135 0.149387 0.139232 0.197219 0.155239 0.19552 0.161828 0.130675 0.166309 0.181473 0.151432 0.181361 0.158737 0.121438 0.177026 0.104079 0.198466 0.161438 0.172583 0.158112 0.165001 0.166158 0.168135 0.23565 0.128091 0.174049 0.151453 0.0939669 0.203898 0.182959 0.171786 0.183544 0.16509 0.223767 0.129321 0.172595 0.165094 0.173482 0.158521 0.165759 0.158798 0.222994 0.145545 0.228072 0.150988 0.217919 0.140683 0.208124 0.143785 0.233357 0.129673 0.181155 0.127437 0.18413 0.131546 0.179402 0.1322 0.207359 0.161302 0.216672 0.162367 0.209194 0.167237 0.169089 0.175003 0.176902 0.175913 0.17195 0.182722 0.194898 0.174872 0.199193 0.167476 0.201887 0.17517 0.201078 0.158732 0.151225 0.170694 0.0880056 0.270088 0.0854017 0.28709 0.156077 0.178786 0.150555 0.182923 0.146364 0.178935 0.142677 0.159408 0.145614 0.166357 0.19023 0.177153 0.187086 0.173859 0.175752 0.169753 0.133 0.178061 0.127666 0.185114 0.175908 0.125088 0.17603 0.130337 0.122983 0.191694 0.165537 0.13049 0.166842 0.125641 0.159672 0.138479 0.0786233 0.217579 0.155937 0.133046 0.229352 0.147978 0.123442 0.211362 0.119623 0.204248 0.126953 0.207117 0.227566 0.154615 0.113201 0.204812 0.111419 0.217039 0.0963835 0.216469 0.204504 0.150755 0.236837 0.131026 0.231161 0.133524 0.202332 0.193737 0.192906 0.1925 0.201599 0.188483 0.187452 0.187997 0.186413 0.197005 0.214441 0.156896 0.20898 0.156295 0.1693 0.217416 0.162155 0.213423 0.172647 0.207883 0.163965 0.222434 0.205919 0.170552 0.177227 0.185124 0.0790286 0.249784 0.0680065 0.236862 0.0637511 0.22754 0.16562 0.182969 0.209328 0.193187 0.209706 0.19861 0.167484 0.203034 0.159567 0.191246 0.173609 0.196341 0.203361 0.181181 0.195888 0.18223 0.140602 0.174601 0.154975 0.186638 0.169072 0.188346 0.198116 0.150384 0.157913 0.210289 0.142129 0.188748 0.140754 0.1842 0.134043 0.188294 0.14969 0.213616 0.149551 0.195772 0.141033 0.199494 0.134329 0.192889 0.158611 0.227204 0.150287 0.240367 0.153589 0.222976 0.175544 0.270838 0.19073 0.277644 0.183776 0.279706 0.14841 0.261857 0.161811 0.25941 0.156804 0.274809 0.144594 0.252332 0.126697 0.248275 0.139053 0.240432 0.143496 0.23045 0.136741 0.226085 0.136461 0.213589 0.132901 0.229302 0.136617 0.206421 0.132286 0.201553 0.118272 0.216162 0.224597 0.195365 0.233517 0.201643 0.221103 0.200978 0.118782 0.230583 0.112 0.247357 0.238221 0.156924 0.109461 0.233854 0.224761 0.138353 0.228733 0.163637 0.221171 0.157409 0.226278 0.157456 0.222158 0.160803 0.0886487 0.22591 0.213246 0.152477 0.219554 0.13319 0.219896 0.210724 0.205926 0.205339 0.1953 0.199486 0.198004 0.209657 0.217186 0.169267 0.220765 0.16822 0.0970176 0.268027 0.0907682 0.243698 0.102101 0.254972 0.189442 0.206697 0.219175 0.17625 0.179388 0.196263 0.211099 0.177746 0.212057 0.172641 0.203501 0.217229 0.193144 0.222834 0.207563 0.240364 0.196183 0.243688 0.196484 0.236478 0.181819 0.219346 0.211795 0.185485 0.228517 0.131444 0.204774 0.256666 0.19582 0.252413 0.189102 0.254496 0.188626 0.263966 0.168831 0.228415 0.158594 0.243278 0.165408 0.245972 0.137442 0.263349 0.145579 0.270554 0.133996 0.274968 0.141161 0.277035 0.204878 0.221576 0.215345 0.219305 0.215583 0.229532 0.125231 0.256319 0.238311 0.135585 0.230256 0.145577 0.0954752 0.234238 0.213132 0.248257 0.210349 0.261662 0.210084 0.267499 0.201701 0.262052 0.212383 0.208348 0.137526 0.289584 0.223325 0.189135 0.219448 0.183525 0.122607 0.267316 0.124187 0.283873 0.187974 0.230586 0.186556 0.214662 0.102065 0.281632 0.187925 0.240661 0.172869 0.239949 0.1794 0.259393 0.167616 0.278323 0.195428 0.267524 0.21005 0.280044 0.198655 0.282024 0.217734 0.278288 0.214963 0.293894 0.193506 0.292545 0.184146 0.28903 0.149613 0.283298 0.462985 0.310027 0.460617 0.306238 0.465338 0.306665 0.459338 0.308592 0.459034 0.305304 0.464072 0.304586 0.462105 0.313591 0.458892 0.302827 0.346698 0.319683 0.34683 0.320116 0.34551 0.319516 0.46018 0.318428 0.459967 0.31601 0.459263 0.314921 0.456787 0.319159 0.456962 0.317248 0.458188 0.311463 0.455768 0.305125 0.453803 0.309266 0.465165 0.31045 0.458714 0.320858 0.454928 0.320428 0.455784 0.322858 0.440484 0.283398 0.441363 0.282962 0.443554 0.284753 0.43995 0.281881 0.404517 0.323 0.403591 0.322577 0.403854 0.321684 0.401238 0.322672 0.402423 0.322074 0.463118 0.31741 0.470495 0.306595 0.455479 0.304109 0.443137 0.281346 0.35995 0.321887 0.359926 0.322376 0.357394 0.322693 0.457408 0.323756 0.456111 0.316246 0.45367 0.319127 0.468072 0.312709 0.468598 0.303891 0.455906 0.313231 0.348638 0.317922 0.347638 0.320707 0.457062 0.302001 0.453811 0.305807 0.439723 0.284317 0.439239 0.279137 0.438247 0.280993 0.403172 0.324475 0.358535 0.320849 0.444573 0.285132 0.402432 0.319651 0.398212 0.321094 0.354325 0.319358 0.434713 0.280405 0.350955 0.321981 0.341726 0.318269 0.34343 0.320191 0.461949 0.320757 0.400239 0.319169 0.454927 0.325203 0.472571 0.303497 0.452973 0.303198 0.445158 0.281157 0.353507 0.322965 0.34511 0.323781 0.453863 0.322455 0.451748 0.314191 0.448693 0.30766 0.462981 0.300686 0.362217 0.322322 0.361528 0.324648 0.430146 0.40917 0.429101 0.406276 0.430307 0.408714 0.405235 0.323429 0.47157 0.309689 0.34648 0.313201 0.454361 0.326518 0.467468 0.2998 0.400817 0.318131 0.459959 0.297495 0.449511 0.303011 0.447905 0.282164 0.358859 0.317668 0.442926 0.286758 0.436196 0.277699 0.431447 0.410646 0.357812 0.326118 0.356152 0.313067 0.429793 0.409719 0.350479 0.315008 0.468112 0.321006 0.405995 0.32032 0.468522 0.31755 0.434873 0.407394 0.426268 0.407264 0.456322 0.299333 0.446916 0.313531 0.442467 0.277594 0.474039 0.316962 0.433423 0.28306 0.432052 0.278183 0.462144 0.325186 0.342846 0.310648 0.395663 0.322928 0.339934 0.315662 0.439423 0.287623 0.476073 0.313819 0.398517 0.315452 0.440084 0.276213 0.36992 0.325482 0.437363 0.284472 0.359427 0.315485 0.407256 0.325029 0.399389 0.313964 0.362471 0.317801 0.453035 0.331 0.441383 0.289409 0.335387 0.363918 0.336238 0.365538 0.332781 0.366012 0.478035 0.301022 0.465121 0.295832 0.473738 0.297487 0.402769 0.327577 0.438172 0.409804 0.428352 0.405036 0.394943 0.31961 0.354713 0.328669 0.344844 0.32713 0.447977 0.322094 0.409555 0.319636 0.397296 0.326135 0.434957 0.274642 0.334664 0.31771 0.429617 0.281341 0.425452 0.278868 0.426179 0.409905 0.405535 0.315333 0.454252 0.298562 0.391607 0.323679 0.369551 0.32171 0.363941 0.329469 0.444927 0.308823 0.450414 0.299229 0.340621 0.324942 0.34956 0.329308 0.352237 0.313036 0.336201 0.323233 0.329403 0.314334 0.329498 0.316371 0.436627 0.288028 0.322397 0.309867 0.32454 0.313219 0.437101 0.271896 0.430335 0.271354 0.333151 0.368169 0.335436 0.359851 0.420022 0.405403 0.385653 0.32528 0.38792 0.328588 0.465062 0.32841 0.467725 0.293067 0.4339 0.415523 0.455164 0.284285 0.456161 0.28734 0.451915 0.287594 0.409274 0.325941 0.452276 0.282866 0.457722 0.296119 0.449185 0.284994 0.428512 0.283179 0.328615 0.366316 0.39433 0.326424 0.387845 0.320537 0.368468 0.318643 0.458323 0.283107 0.460383 0.331627 0.497078 0.282864 0.492475 0.288783 0.487814 0.269531 0.435233 0.400486 0.42647 0.415819 0.471907 0.279967 0.427046 0.39891 0.447285 0.29967 0.446841 0.2927 0.450698 0.294572 0.443604 0.295331 0.444573 0.302135 0.443026 0.314792 0.465078 0.285084 0.462861 0.286869 0.352435 0.311256 0.346395 0.310275 0.338045 0.361478 0.338785 0.366169 0.459393 0.289487 0.329319 0.361632 0.334332 0.31303 0.432343 0.285154 0.329798 0.310275 0.461663 0.295066 0.422332 0.280144 0.455234 0.289952 0.406373 0.329244 0.409117 0.317566 0.501436 0.285548 0.489755 0.299551 0.481843 0.308818 0.326349 0.319794 0.331164 0.32448 0.457898 0.356325 0.454573 0.341696 0.460066 0.348081 0.463467 0.375639 0.460861 0.36831 0.463619 0.362662 0.44643 0.334824 0.450541 0.354272 0.403908 0.329275 0.448136 0.32933 0.480248 0.319677 0.4761 0.317935 0.398475 0.329346 0.431336 0.400894 0.473075 0.321938 0.395274 0.328208 0.39246 0.328976 0.440994 0.301954 0.441468 0.299493 0.437537 0.300479 0.440799 0.304648 0.370541 0.32884 0.4206 0.324956 0.423591 0.333731 0.412569 0.327893 0.522634 0.293951 0.542792 0.289931 0.537021 0.303135 0.532672 0.281121 0.516102 0.283168 0.514895 0.322511 0.371674 0.42545 0.366247 0.422619 0.368278 0.41964 0.362419 0.41974 0.361038 0.427994 0.365813 0.427321 0.364201 0.432969 0.365069 0.412793 0.345357 0.329962 0.360032 0.313559 0.378047 0.409292 0.383066 0.408306 0.381806 0.411822 0.515416 0.330911 0.493997 0.312107 0.383085 0.40371 0.497464 0.336477 0.492591 0.334273 0.499924 0.326848 0.383649 0.398142 0.377408 0.400755 0.379448 0.396 0.418799 0.296159 0.414553 0.290729 0.425257 0.2911 0.321795 0.318538 0.343545 0.398462 0.344005 0.400207 0.340411 0.399058 0.447907 0.339415 0.327205 0.305412 0.315996 0.310548 0.374838 0.414356 0.434835 0.334617 0.441597 0.338189 0.367692 0.409339 0.351151 0.375178 0.343291 0.382853 0.343323 0.375808 0.424741 0.285415 0.440051 0.309056 0.362249 0.408778 0.35498 0.407721 0.357014 0.405501 0.405112 0.33464 0.415102 0.335013 0.432327 0.307584 0.431537 0.310581 0.372481 0.454721 0.37916 0.455557 0.373958 0.458423 0.427369 0.338237 0.489664 0.324241 0.37535 0.442615 0.382577 0.448132 0.375479 0.446383 0.371345 0.443736 0.428378 0.333492 0.484135 0.329245 0.38685 0.445392 0.38323 0.43916 0.378197 0.437123 0.573933 0.310484 0.614623 0.270062 0.589681 0.306009 0.376418 0.428784 0.382295 0.430063 0.372341 0.432617 0.372665 0.362486 0.376424 0.367317 0.371203 0.365888 0.480666 0.332791 0.381066 0.420699 0.384436 0.347233 0.381099 0.344695 0.388644 0.344353 0.566747 0.297519 0.546346 0.300106 0.38131 0.348423 0.376812 0.345934 0.371012 0.345262 0.371952 0.342765 0.354949 0.376282 0.358896 0.369835 0.36033 0.380488 0.354976 0.371615 0.42672 0.308518 0.426203 0.315287 0.424925 0.309064 0.423791 0.306886 0.423024 0.311149 0.415288 0.325029 0.375201 0.326491 0.385685 0.330186 0.419285 0.311907 0.418067 0.309756 0.412779 0.317381 0.363139 0.332895 0.371237 0.320013 0.36375 0.312957 0.546944 0.319383 0.527683 0.306954 0.378976 0.356775 0.383137 0.355113 0.384015 0.358769 0.489381 0.352869 0.477178 0.337689 0.354171 0.381244 0.607467 0.460417 0.593781 0.467426 0.586599 0.450707 0.443241 0.354676 0.438867 0.359098 0.435982 0.351643 0.428554 0.352571 0.340228 0.353869 0.344609 0.352469 0.344412 0.35634 0.371484 0.348938 0.377514 0.353736 0.37044 0.356177 0.36611 0.358301 0.369443 0.360416 0.370284 0.448841 0.429519 0.346553 0.439477 0.343262 0.386405 0.34101 0.38283 0.338597 0.46967 0.380218 0.464941 0.384778 0.460744 0.383246 0.352742 0.366223 0.385437 0.336078 0.377606 0.336727 0.51902 0.32957 0.536341 0.314606 0.422608 0.341573 0.467713 0.36778 0.371771 0.335491 0.598923 0.378389 0.596276 0.368738 0.615787 0.362723 0.358575 0.362683 0.371296 0.440037 0.349894 0.336821 0.353767 0.340181 0.348439 0.339525 0.451943 0.364767 0.352212 0.35721 0.578818 0.374415 0.584769 0.363908 0.433774 0.327145 0.358132 0.356998 0.350676 0.334983 0.355365 0.331427 0.363792 0.345008 0.440721 0.364857 0.584515 0.32124 0.604539 0.352614 0.588574 0.351942 0.387044 0.422221 0.42656 0.32951 0.377023 0.42085 0.35888 0.348763 0.358424 0.352381 0.353479 0.350879 0.562532 0.33896 0.441742 0.405944 0.42218 0.351648 0.430214 0.359399 0.341198 0.350796 0.334476 0.348153 0.342885 0.346296 0.595499 0.318651 0.332709 0.354722 0.509626 0.332364 0.414911 0.412886 0.41222 0.40786 0.333184 0.345184 0.418279 0.346052 0.417024 0.350805 0.412999 0.34758 0.563671 0.327439 0.358778 0.343787 0.359844 0.337413 0.335727 0.340252 0.418842 0.340447 0.381855 0.322184 0.36672 0.435407 0.362679 0.443049 0.337021 0.332741 0.340306 0.338083 0.491637 0.343678 0.414121 0.341352 0.37614 0.32198 0.341787 0.329511 0.407665 0.342415 0.410971 0.338014 0.424669 0.371783 0.424343 0.365711 0.433967 0.366814 0.385433 0.31513 0.383504 0.309266 0.387043 0.311895 0.420327 0.366203 0.381853 0.317371 0.381706 0.314461 0.434353 0.313349 0.421091 0.359499 0.380502 0.305937 0.383528 0.304107 0.386553 0.305658 0.415904 0.363411 0.414889 0.369316 0.408636 0.363628 0.413125 0.359028 0.430883 0.30528 0.555301 0.337674 0.433363 0.301607 0.421119 0.30464 0.434383 0.298892 0.551964 0.348598 0.3553 0.303885 0.357141 0.299243 0.358385 0.303748 0.376048 0.304935 0.378032 0.311401 0.37433 0.30628 0.522058 0.336628 0.347755 0.426648 0.35321 0.417899 0.373177 0.29889 0.362223 0.304496 0.367766 0.30555 0.363443 0.308388 0.382822 0.458978 0.420688 0.317282 0.347741 0.302869 0.352356 0.304426 0.350413 0.306282 0.352653 0.411903 0.359578 0.413542 0.346513 0.419256 0.460723 0.342198 0.366541 0.299477 0.361883 0.300203 0.414725 0.321253 0.389335 0.413746 0.31949 0.337638 0.326721 0.339161 0.32329 0.345256 0.388951 0.408275 0.410887 0.31114 0.444075 0.345708 0.387045 0.400293 0.406886 0.313332 0.63783 0.291676 0.389633 0.394702 0.380829 0.391589 0.391429 0.297019 0.391227 0.302623 0.384125 0.385942 0.385928 0.387976 0.407143 0.358082 0.429011 0.288408 0.313072 0.301221 0.390206 0.389146 0.339371 0.31175 0.427183 0.293639 0.33976 0.30521 0.340186 0.306877 0.33759 0.309361 0.342471 0.305759 0.343672 0.302287 0.379213 0.37228 0.388486 0.374078 0.385641 0.378357 0.38025 0.37795 0.375924 0.37869 0.381056 0.370174 0.3941 0.370472 0.369509 0.403964 0.340358 0.404217 0.376105 0.395831 0.370297 0.395778 0.385888 0.296839 0.381209 0.302528 0.372235 0.389492 0.342272 0.390943 0.349932 0.393555 0.366358 0.403622 0.344822 0.386604 0.351846 0.390368 0.348799 0.382607 0.37157 0.385558 0.364327 0.387143 0.335464 0.39487 0.337702 0.387793 0.337419 0.381688 0.362084 0.402537 0.356623 0.399773 0.348136 0.40751 0.350526 0.400696 0.363254 0.39468 0.355256 0.395355 0.360143 0.387648 0.332269 0.390873 0.331119 0.387815 0.328802 0.380167 0.325414 0.386975 0.378163 0.383889 0.339695 0.378324 0.367592 0.378964 0.369158 0.373221 0.413361 0.295579 0.339051 0.370591 0.343459 0.368822 0.34897 0.361746 0.344092 0.363058 0.407636 0.347979 0.334742 0.375782 0.330905 0.371043 0.404223 0.338434 0.398971 0.339525 0.401049 0.333495 0.388927 0.354573 0.388535 0.347863 0.3897 0.332965 0.401445 0.312255 0.394977 0.317017 0.392983 0.310229 0.395578 0.307983 0.392057 0.446942 0.39334 0.435973 0.396667 0.44344 0.364123 0.372074 0.388343 0.317601 0.461311 0.449288 0.468276 0.457681 0.454519 0.456245 0.389845 0.431756 0.347533 0.348823 0.390091 0.309879 0.635642 0.473854 0.606948 0.450336 0.636847 0.465721 0.353067 0.344249 0.453484 0.441625 0.453049 0.43336 0.461355 0.433025 0.446185 0.443237 0.348391 0.344324 0.363973 0.365728 0.495361 0.365625 0.492896 0.354074 0.576185 0.454949 0.444262 0.431343 0.39629 0.409358 0.397901 0.437456 0.49373 0.373943 0.484302 0.358438 0.548201 0.49243 0.575351 0.5093 0.56299 0.511564 0.559697 0.49159 0.539776 0.471563 0.582621 0.440874 0.57442 0.445558 0.392857 0.41204 0.383341 0.456502 0.355452 0.335421 0.486718 0.416953 0.49709 0.435046 0.488912 0.432771 0.47168 0.429237 0.473888 0.434967 0.345149 0.335252 0.532396 0.480197 0.54326 0.503208 0.465656 0.425176 0.465132 0.41275 0.473461 0.406046 0.47837 0.394091 0.479344 0.404324 0.47297 0.393193 0.469778 0.399878 0.36665 0.33888 0.330593 0.342958 0.332361 0.338505 0.497369 0.484535 0.482453 0.48654 0.479709 0.480411 0.314727 0.370651 0.324979 0.372445 0.319112 0.377278 0.328624 0.348998 0.497645 0.46697 0.497967 0.475971 0.488052 0.473722 0.47575 0.467467 0.366175 0.351632 0.514301 0.46076 0.504113 0.446394 0.508783 0.443201 0.334254 0.329836 0.454997 0.395844 0.316601 0.352193 0.311404 0.352857 0.319432 0.348886 0.453593 0.391288 0.592596 0.410867 0.615954 0.398266 0.617046 0.410285 0.310761 0.361828 0.303631 0.370549 0.299917 0.358469 0.609592 0.391156 0.586132 0.413371 0.578314 0.404104 0.432329 0.319298 0.303237 0.345731 0.309433 0.340024 0.415606 0.319099 0.468272 0.354097 0.355272 0.308007 0.359633 0.309451 0.356659 0.443262 0.358342 0.437447 0.570596 0.405007 0.287545 0.354025 0.377247 0.315541 0.361292 0.296702 0.353492 0.301049 0.567487 0.367023 0.351028 0.308618 0.347905 0.307946 0.561496 0.380924 0.373024 0.31343 0.353113 0.306481 0.380694 0.310034 0.528583 0.38064 0.423094 0.395118 0.546296 0.387105 0.556415 0.389111 0.349017 0.300188 0.413518 0.398887 0.438074 0.376682 0.315556 0.343034 0.316612 0.33298 0.326515 0.331616 0.321438 0.327143 0.368748 0.31063 0.412305 0.302468 0.351235 0.429799 0.303185 0.331038 0.468398 0.489419 0.360929 0.311978 0.469231 0.477941 0.371223 0.305793 0.369838 0.299939 0.289062 0.344685 0.461266 0.471891 0.401545 0.416802 0.474463 0.44687 0.465369 0.443098 0.308291 0.326424 0.298408 0.31573 0.310025 0.320989 0.404949 0.404622 0.400396 0.402169 0.453024 0.481088 0.393079 0.403229 0.398022 0.306864 0.398588 0.29718 0.400246 0.30182 0.400791 0.296421 0.434707 0.469401 0.439217 0.465901 0.446566 0.475518 0.289593 0.320508 0.286392 0.308653 0.410907 0.386301 0.40105 0.385384 0.391358 0.452675 0.308204 0.307162 0.397691 0.395411 0.365714 0.458187 0.363414 0.451634 0.632297 0.419548 0.637602 0.401963 0.410141 0.285683 0.342802 0.308161 0.397524 0.37295 0.507162 0.385148 0.520694 0.398569 0.337708 0.305996 0.397002 0.298893 0.341982 0.302338 0.519989 0.375731 0.520949 0.365285 0.394754 0.298991 0.335777 0.401877 0.507237 0.378245 0.393528 0.391661 0.401494 0.346621 0.517106 0.357955 0.51027 0.355455 0.400732 0.359019 0.396916 0.358707 0.395899 0.341269 0.405222 0.379178 0.646098 0.331162 0.650987 0.37874 0.403369 0.366159 0.330597 0.400726 0.376264 0.296778 0.32822 0.39124 0.380461 0.296157 0.392975 0.35628 0.390802 0.381564 0.393557 0.379201 0.392133 0.344364 0.388852 0.364951 0.393162 0.338329 0.388997 0.340923 0.379857 0.362613 0.320157 0.381908 0.318678 0.36675 0.328579 0.355287 0.345453 0.409869 0.439657 0.446762 0.437046 0.455737 0.426881 0.45781 0.41438 0.478044 0.48028 0.42009 0.502862 0.394023 0.492105 0.412189 0.501727 0.425285 0.399003 0.472099 0.398213 0.450177 0.403566 0.445162 0.490687 0.399701 0.386315 0.461774 0.394274 0.453917 0.522681 0.481232 0.514008 0.495264 0.508625 0.487287 0.521989 0.488408 0.515446 0.470681 0.527274 0.458434 0.457452 0.426896 0.498877 0.497743 0.317247 0.359392 0.455598 0.41418 0.40486 0.419694 0.457321 0.399789 0.501889 0.456735 0.485776 0.456454 0.442653 0.411726 0.704247 0.386383 0.479441 0.378375 0.621132 0.428469 0.603236 0.427952 0.59695 0.442605 0.623055 0.448371 0.318496 0.322968 0.570277 0.435623 0.578059 0.417409 0.569611 0.423282 0.552201 0.429857 0.313653 0.388902 0.550113 0.41997 0.293256 0.330388 0.546631 0.410398 0.548045 0.400405 0.443291 0.391571 0.410322 0.41577 0.272601 0.330538 0.309772 0.377263 0.269531 0.321899 0.277576 0.317139 0.431292 0.420085 0.552684 0.439199 0.531815 0.423265 0.335366 0.307557 0.527162 0.411502 0.417353 0.419342 0.530627 0.404067 0.334274 0.303922 0.422261 0.386879 0.338414 0.303736 0.273017 0.348049 0.608488 0.483191 0.510669 0.420531 0.51596 0.433494 0.516898 0.407342 0.330913 0.300822 0.449456 0.466566 0.429974 0.47716 0.445721 0.45292 0.435951 0.460182 0.45352 0.447619 0.422427 0.477107 0.424979 0.440535 0.388768 0.477546 0.413885 0.474185 0.412062 0.459344 0.526691 0.493976 0.602285 0.503079 0.578961 0.494336 0.398072 0.486692 0.95714 0.727497 0.954172 0.724552 0.963541 0.716511 0.95153 0.715353 0.963854 0.729998 0.96563 0.705078 0.9466 0.714453 0.957819 0.73188 0.952597 0.732565 0.943597 0.727924 0.940993 0.718905 0.938102 0.723426 0.937311 0.714294 0.931833 0.714748 0.959099 0.736555 0.933971 0.724607 0.920616 0.71231 0.951881 0.739434 0.956191 0.741901 0.942758 0.732056 0.963932 0.747983 0.954404 0.748048 0.940473 0.739487 0.931224 0.728039 0.911411 0.716702 0.94583 0.747401 0.908213 0.706562 0.915987 0.725462 0.902344 0.712255 0.955013 0.75115 0.936317 0.742842 0.926613 0.731823 0.941543 0.750378 0.911165 0.721549 0.947084 0.753647 0.960124 0.755914 0.929695 0.747752 0.919712 0.741852 0.91965 0.733554 0.950591 0.75917 0.912302 0.733735 0.904098 0.727428 0.934927 0.754376 0.907482 0.740736 0.958677 0.763313 0.93806 0.760024 0.927629 0.754492 0.917384 0.75123 0.948805 0.766242 0.930918 0.75869 0.919203 0.756302 0.928843 0.764704 0.744814 0.707024 0.740777 0.712511 0.738727 0.708608 0.738266 0.715751 0.748118 0.720158 0.72822 0.714917 0.711339 0.717669 0.71914 0.705078 0.710799 0.707098 0.716892 0.723733 0.699919 0.716344 0.741596 0.72471 0.734767 0.72444 0.73324 0.707578 0.736251 0.729441 0.741544 0.732908 0.70677 0.726781 0.746427 0.733296 0.729224 0.730682 0.696685 0.721151 0.685329 0.706112 0.687448 0.714494 0.680098 0.709593 0.736979 0.738063 0.730386 0.735719 0.71736 0.730104 0.752696 0.734133 0.749107 0.737852 0.739954 0.740068 0.693846 0.728966 0.683996 0.719843 0.744217 0.73539 0.721331 0.735616 0.70724 0.734374 0.669922 0.714167 0.729899 0.741282 0.7373 0.74683 0.75489 0.734628 0.741982 0.745037 0.678579 0.729911 0.74926 0.742462 0.720647 0.740014 0.714303 0.739541 0.7534 0.738739 0.754999 0.744688 0.729383 0.747017 0.722037 0.7521 0.702219 0.744077 0.749281 0.750117 0.695398 0.740803 0.681883 0.736687 0.758366 0.74288 0.744185 0.751964 0.73868 0.752381 0.734436 0.754794 0.671896 0.73783 0.757839 0.759285 0.747695 0.756199 0.757632 0.750628 0.765257 0.761225 0.762067 0.757944 0.776866 0.756164 0.741426 0.761747 0.721779 0.760111 0.710344 0.753569 0.695088 0.749183 0.679575 0.746051 0.751344 0.763053 0.736023 0.761292 0.701165 0.753472 0.772819 0.764542 0.760623 0.766647 0.707808 0.760919 0.693626 0.757495 0.678138 0.752508 0.740803 0.766762 0.729026 0.767175 0.778601 0.769033 0.762104 0.77163 0.748657 0.770713 0.769964 0.776773 0.719727 0.769295 0.741544 0.774683 0.73345 0.771998 0.688114 0.765844 0.753439 0.778042 0.709755 0.768657 0.76397 0.779727 0.703163 0.767118 0.677169 0.760259 0.769354 0.783271 0.735672 0.778851 0.707094 0.774592 0.690001 0.76987 0.773702 0.786775 0.759465 0.788721 0.726952 0.780687 0.690572 0.776477 0.682577 0.768756 0.675271 0.768533 0.748179 0.786949 0.715778 0.778392 0.782021 0.797306 0.767736 0.794609 0.733434 0.786251 0.695476 0.781398 0.671382 0.777145 0.705036 0.780245 0.709345 0.78253 0.718409 0.783521 0.677876 0.777426 0.740885 0.792099 0.682735 0.791468 0.750345 0.795171 0.728116 0.790539 0.72123 0.789719 0.677732 0.786425 0.672532 0.783993 0.714793 0.788455 0.707382 0.784403 0.70565 0.788287 0.737901 0.797661 0.712679 0.793504 0.697379 0.79267 0.670519 0.791353 0.727854 0.797893 0.717178 0.793054 0.892193 0.707206 0.898593 0.709573 0.893088 0.71433 0.902159 0.716936 0.889197 0.717467 0.887463 0.710613 0.881064 0.709828 0.89722 0.723775 0.881791 0.717686 0.886524 0.725639 0.870191 0.714606 0.881137 0.727417 0.87686 0.721036 0.860243 0.708383 0.859095 0.715056 0.844217 0.716859 0.858642 0.721057 0.891611 0.729562 0.845456 0.710654 0.84038 0.708012 0.869948 0.726943 0.828857 0.70956 0.845282 0.721153 0.889508 0.734423 0.896521 0.736874 0.879464 0.733153 0.860955 0.730345 0.895244 0.741996 0.871202 0.7338 0.824267 0.717187 0.816301 0.715057 0.883327 0.73876 0.838438 0.72618 0.831361 0.728552 0.792796 0.71766 0.80682 0.712325 0.803666 0.721611 0.852501 0.73341 0.844668 0.729114 0.783306 0.721951 0.782227 0.705078 0.816646 0.724481 0.858263 0.735111 0.797283 0.732932 0.889269 0.743977 0.862013 0.737852 0.792096 0.722144 0.880233 0.741633 0.825712 0.731286 0.811298 0.731426 0.814701 0.73405 0.894391 0.748414 0.87337 0.742954 0.838985 0.738691 0.803472 0.741474 0.862167 0.744231 0.842754 0.743942 0.822525 0.738018 0.831048 0.743151 0.812627 0.743691 0.8862 0.746685 0.847544 0.7475 0.837935 0.74437 0.789827 0.735597 0.892754 0.755624 0.880375 0.75157 0.88546 0.75244 0.870908 0.753336 0.825566 0.746657 0.880047 0.756183 0.858171 0.755493 0.840627 0.75183 0.852668 0.751988 0.835224 0.751245 0.80943 0.749279 0.881837 0.76203 0.864819 0.760584 0.797065 0.752608 0.890047 0.763752 0.818563 0.755201 0.839569 0.759637 0.809548 0.757252 0.891692 0.77003 0.868573 0.765677 0.857554 0.765788 0.847044 0.768891 0.834946 0.763713 0.828066 0.758859 0.880495 0.771033 0.874287 0.770597 0.890421 0.777371 0.853995 0.771566 0.83571 0.767242 0.818795 0.76562 0.875255 0.779166 0.861438 0.773073 0.827275 0.767194 0.860231 0.776925 0.831417 0.772663 0.84607 0.779017 0.820609 0.776177 0.869498 0.783248 0.853553 0.778123 0.834024 0.777233 0.825652 0.78261 0.862429 0.786788 0.854749 0.78638 0.839501 0.784767 0.853417 0.794539 0.832124 0.789334 0.847605 0.795417 0.25806 0.296875 0.251672 0.30565 0.250422 0.296928 0.266776 0.304636 0.256664 0.31043 0.26155 0.322181 0.255164 0.314188 0.265244 0.318998 0.244928 0.305189 0.267738 0.330433 0.241247 0.313398 0.250204 0.319345 0.256356 0.327269 0.261424 0.332628 0.238193 0.309827 0.262187 0.339532 0.252188 0.334122 0.245727 0.326891 0.231775 0.314882 0.235324 0.328609 0.241206 0.334765 0.261841 0.347991 0.254823 0.34357 0.225589 0.317702 0.228159 0.312574 0.220701 0.315449 0.255291 0.356948 0.261635 0.357997 0.240576 0.342371 0.229457 0.33056 0.244573 0.347777 0.222757 0.323444 0.215726 0.322295 0.25232 0.359732 0.268263 0.375989 0.242002 0.376016 0.232968 0.372063 0.241015 0.365502 0.234443 0.360197 0.238107 0.355334 0.24829 0.355934 0.228 0.342847 0.172852 0.367524 0.175197 0.36121 0.181119 0.366411 0.226861 0.368761 0.231468 0.34653 0.220247 0.345776 0.226993 0.348473 0.212941 0.355513 0.211323 0.338196 0.202306 0.341846 0.208996 0.332679 0.250215 0.379382 0.216122 0.333042 0.229647 0.352908 0.218698 0.339439 0.22165 0.332978 0.211927 0.362543 0.203901 0.357718 0.185515 0.353783 0.193653 0.348149 0.195851 0.354847 0.185894 0.337032 0.211595 0.37498 0.219244 0.366997 0.21594 0.366975 0.20183 0.35031 0.208519 0.349725 0.219441 0.358959 0.201642 0.374315 0.205508 0.368577 0.189188 0.372161 0.194318 0.366518 0.199441 0.36675 0.168916 0.346045 0.159846 0.340558 0.172406 0.338138 0.16219 0.332721 0.149426 0.3369 0.157313 0.325567 0.147006 0.328148 0.0761826 0.303954 0.0819454 0.300153 0.0832157 0.306743 0.172649 0.349385 0.160874 0.351657 0.135172 0.325153 0.0736943 0.300476 0.128728 0.329409 0.0965646 0.312501 0.111597 0.31634 0.101717 0.321394 0.12568 0.322189 0.11597 0.316317 0.10943 0.322456 0.163325 0.357951 0.1715 0.362317 0.148968 0.344466 0.127601 0.3363 0.0782518 0.314972 0.0594465 0.296875 0.0633281 0.303141 0.142553 0.345971 0.11471 0.33318 0.0913821 0.321303 0.0734433 0.309941 0.0542697 0.304625 0.0526972 0.298911 0.106811 0.329832 0.169447 0.371041 0.130679 0.348166 0.12265 0.342979 0.162056 0.365385 0.156525 0.357069 0.0610169 0.311789 0.0569825 0.309614 0.147624 0.360941 0.0452403 0.301284 0.0941518 0.330605 0.084577 0.324808 0.114909 0.338719 0.066742 0.316472 0.163093 0.379309 0.0856395 0.333582 0.0728791 0.324682 0.150993 0.371385 0.142197 0.360057 0.0973482 0.337005 0.15606 0.381694 0.126525 0.352442 0.165386 0.386909 0.0522039 0.312266 0.117545 0.344925 0.0647159 0.320742 0.159718 0.396721 0.14599 0.374379 0.0460365 0.310159 0.0349928 0.307381 0.109956 0.343519 0.0761372 0.331494 0.05952 0.33089 0.117873 0.348885 0.149541 0.390388 0.143923 0.394653 0.0540062 0.314955 0.135771 0.366319 0.090254 0.346093 0.140833 0.387937 0.135176 0.374005 0.123172 0.355182 0.117296 0.35212 0.0569454 0.32147 0.0436196 0.313525 0.098841 0.343609 0.075491 0.336598 0.131694 0.382205 0.0614004 0.335932 0.12127 0.361713 0.0938148 0.360917 0.0857506 0.356179 0.0953257 0.352579 0.133973 0.389216 0.126606 0.374045 0.12345 0.379004 0.0502767 0.331279 0.0528561 0.334823 0.10192 0.360672 0.0959826 0.36935 0.0913277 0.367743 0.0834805 0.360695 0.0371136 0.315216 0.027215 0.30424 0.112673 0.355917 0 0.300853 0.114294 0.371962 0.111416 0.366305 0.13008 0.391624 0.135156 0.398681 0.0829794 0.345527 0.105826 0.376222 0.103201 0.368428 0.13098 0.39714 0.0411559 0.36635 0.0522921 0.364348 0.0502306 0.368183 0.0482454 0.360528 0.0671092 0.350903 0.12345 0.403026 0.0727951 0.391775 0.0732239 0.384693 0.0783422 0.395379 0.0852013 0.37752 0.116765 0.405494 0.114836 0.401385 0.0792315 0.402882 0.0705163 0.396409 0.0799513 0.370248 0.0737891 0.36528 0.105402 0.392219 0.114753 0.392923 0.114932 0.384397 0.115113 0.380366 0.0672668 0.360302 0.0985281 0.38036 0.100096 0.389712 0.0604889 0.370536 0.0967195 0.41488 0.103273 0.413751 0.10644 0.422082 0.100674 0.407796 0.087808 0.38878 0.0984797 0.403641 0.0917014 0.410338 0.0562403 0.342756 0.0944784 0.400623 0.0907668 0.374805 0.077473 0.408091 0.0639218 0.376676 0.0651203 0.383763 0.0547202 0.385763 0.0636829 0.407124 0.0527964 0.398396 0.059782 0.392535 0.0904892 0.422118 0.0911925 0.414562 0.0850892 0.421998 0.0484631 0.38075 0.0454546 0.383598 0.0450912 0.401932 0.0443443 0.372048 0.0804838 0.420814 0.0786572 0.419056 0.0547312 0.420646 0.08865 0.497923 0.0824794 0.500548 0.0791195 0.495717 0.0817328 0.506897 0.07415 0.497868 0.0731204 0.511575 0.0281905 0.464722 0.0176171 0.473248 0.0254225 0.454043 0.0298024 0.472463 0.0254954 0.473706 0.0239657 0.481018 0.0759447 0.442666 0.0708229 0.433759 0.0809284 0.438711 0.0620885 0.429828 0.0691586 0.442543 0.0766071 0.429601 0.0370957 0.445383 0.0319064 0.445598 0.031739 0.433651 0.0342469 0.424306 0.0436193 0.454641 0.0381455 0.457635 0.0281661 0.436821 0.0226247 0.448751 0.0120423 0.466286 0.0415899 0.461223 0.0340094 0.47841 0.0388075 0.468635 0.0517582 0.469912 0.0449367 0.468063 0.088306 0.448794 0.0869331 0.457237 0.0790475 0.453856 0.0279734 0.486735 0.0500887 0.452705 0.0679894 0.50661 0.06619 0.50904 0.0718843 0.424115 0.00940154 0.452667 0 0.482316 0.051693 0.459373 0.0615357 0.473546 0.0544131 0.479554 0.0600072 0.478769 0.065548 0.483728 0.062501 0.485519 0.0811344 0.491501 0.0633337 0.441609 0.0551397 0.445968 0.0668473 0.491207 0.0564546 0.485434 0.0662416 0.458312 0.102796 0.461884 0.0968615 0.468728 0.0873528 0.468536 0.0424697 0.427283 0.0997512 0.450333 0.0934438 0.430776 0.0987393 0.435215 0.0949267 0.477833 0.0937011 0.485703 0.0896967 0.481548 0.114767 0.455322 0.0800957 0.485994 0.0829573 0.482403 0.0863006 0.48918 0.0744427 0.48589 0.10934 0.473249 0.108628 0.477767 0.10569 0.422852 0.111386 0.435754 0.0877628 0.425948 0.110394 0.445595 0.0477915 0.483619 0.0535594 0.489854 0.0526485 0.493575 0.0442866 0.488197 0.0368061 0.493012 0.0832575 0.469666 0.0757453 0.468009 0.0643932 0.497224 0.0504772 0.500867 0.0612915 0.501842 0.120057 0.452243 0.117096 0.468111 0.122292 0.478914 0.107948 0.485056 0.33691 0.734953 0.341279 0.727875 0.345472 0.735858 0.339777 0.741594 0.34969 0.726139 0.343222 0.742322 0.350543 0.739272 0.340262 0.742754 0.343917 0.746112 0.340492 0.744959 0.340507 0.746177 0.353467 0.734118 0.346088 0.745575 0.339804 0.747662 0.359258 0.72604 0.345342 0.75404 0.331476 0.747374 0.335574 0.759104 0.32326 0.753919 0.328657 0.760985 0.316495 0.757611 0.356964 0.734595 0.359629 0.730878 0.349932 0.759549 0.367345 0.725586 0.343383 0.767499 0.36349 0.733794 0.357174 0.740911 0.335258 0.770467 0.339981 0.776726 0.352093 0.765214 0.360075 0.738363 0.317892 0.768513 0.351589 0.776478 0.305664 0.761471 0.375843 0.731261 0.356949 0.761479 0.360683 0.774056 0.352614 0.788903 0.367008 0.737231 0.358661 0.751481 0.331704 0.775253 0.396258 0.772499 0.392088 0.780699 0.391572 0.774682 0.362227 0.767292 0.365595 0.782357 0.356444 0.784818 0.356463 0.782817 0.380273 0.734075 0.360331 0.759246 0.402549 0.766718 0.403589 0.774589 0.388959 0.769449 0.388086 0.777855 0.392218 0.784895 0.397241 0.782716 0.373821 0.769108 0.368831 0.775768 0.370619 0.787899 0.364499 0.788947 0.365767 0.793686 0.373466 0.797917 0.366263 0.797916 0.379494 0.770994 0.371285 0.783079 0.37603 0.789437 0.387354 0.762831 0.375465 0.759002 0.387041 0.754649 0.38455 0.751381 0.395812 0.763846 0.386597 0.766972 0.371002 0.779081 0.399388 0.745504 0.406195 0.739239 0.410091 0.743132 0.417694 0.745706 0.417943 0.732935 0.39108 0.745791 0.415539 0.766389 0.409042 0.764894 0.409503 0.758302 0.41087 0.770665 0.387346 0.783593 0.398289 0.735182 0.403774 0.756634 0.42938 0.760773 0.382654 0.775848 0.3904 0.793664 0.387186 0.789602 0.421873 0.755163 0.424864 0.767232 0.421858 0.783393 0.417125 0.790442 0.44695 0.759143 0.439923 0.744294 0.422031 0.742798 0.428597 0.731604 0.430833 0.75121 0.455489 0.768831 0.445145 0.731712 0.197902 0.458459 0.200159 0.459147 0.198627 0.460704 0.194637 0.458579 0.195005 0.462169 0.19884 0.453774 0.197989 0.463415 0.185763 0.440561 0.182347 0.446542 0.179468 0.441939 0.203499 0.456361 0.201878 0.462619 0.188964 0.449329 0.178634 0.449326 0.192616 0.440787 0.180677 0.435145 0.17454 0.432793 0.177886 0.428709 0.170932 0.42332 0.173238 0.422852 0.184025 0.431189 0.185292 0.426071 0.153133 0.487936 0.145869 0.483897 0.154274 0.474619 0.136947 0.484174 0.145131 0.453936 0.143489 0.465458 0.136394 0.462736 0.169334 0.450468 0.137295 0.441075 0.159778 0.443038 0.152751 0.427225 0.161293 0.474639 0.163282 0.463515 0.165087 0.466802 0.148404 0.465492 0.190561 0.455963 0.184362 0.451213 0.139518 0.492773 0.135656 0.489987 0.131434 0.45556 0.123047 0.463344 0.125762 0.476626 0.191519 0.437854 0.218945 0.444449 0.200488 0.447349 0.205973 0.430987 0.19954 0.431089 0.20879 0.457481 0.195615 0.470232 0.205274 0.465146 0.179815 0.469897 0.181604 0.477739 0.173306 0.473739 0.175837 0.480059 0.188988 0.486815 0.175606 0.486991 0.179438 0.492933 0.166644 0.482961 0.230273 0.426766 0.225236 0.443361 0.215952 0.449818 0.207705 0.467891 0.213024 0.469733 0.199632 0.482645 0.467238 0.73886 0.463076 0.752542 0.460635 0.746103 0.48727 0.74627 0.478908 0.74153 0.482105 0.735522 0.472354 0.735501 0.469196 0.74362 0.46654 0.755876 0.456055 0.754791 0.457342 0.767537 0.499606 0.743697 0.504494 0.754427 0.478697 0.725586 0.493569 0.737206 0.481978 0.749342 0.464167 0.768487 0.493006 0.768566 0.509065 0.743915 0.490954 0.752094 0.511241 0.735285 0.493029 0.729394 0.478314 0.780011 0.509731 0.780177 0.511167 0.763548 0.604955 0.251734 0.617167 0.2485 0.613105 0.256168 0.61015 0.247155 0.601172 0.262814 0.597383 0.24707 0.593547 0.261988 0.586914 0.2485 0.0365063 0.752164 0.0325588 0.739258 0.044587 0.74256 0.0256505 0.747208 0.0463326 0.755675 0.0311607 0.753797 0.0156671 0.739268 0.0160533 0.750119 0.0047105 0.740225 0.0249981 0.754103 0.00923253 0.749772 0.0235289 0.759102 0.0393367 0.758149 0.0492075 0.766895 0.0169938 0.757716 0.0339405 0.760941 0.00751195 0.757225 0 0.752328 0.0140151 0.76441 0.00968602 0.764145 0.0205843 0.760676 0.0412041 0.772311 0.0278373 0.764367 0.0186224 0.771365 0.0251566 0.767963 0.0291355 0.769013 0.0274159 0.772209 0.607733 0.747154 0.606185 0.74382 0.616435 0.741267 0.601475 0.751945 0.609003 0.766406 0.599609 0.762988 0.613373 0.737998 0.603761 0.739286 0.619264 0.746062 0.615725 0.752335 0.621646 0.758938 0.608051 0.730561 0.621488 0.74036 0.627877 0.755888 0.624209 0.74362 0.617539 0.730908 0.625169 0.73665 0.62626 0.748457 0.635241 0.74683 0.630369 0.739613 0.633298 0.751626 0.63585 0.740556 0.634086 0.765936 0.632993 0.730963 0.644762 0.750991 0.644752 0.735931 0.621226 0.725726 0.635798 0.725586 0.588628 0.75395 0.598697 0.762539 0.58602 0.763668 0.596969 0.754947 0.586501 0.772615 0.579482 0.765519 0.593246 0.749309 0.588474 0.750336 0.579368 0.755068 0.598225 0.745412 0.586566 0.737741 0.569857 0.773216 0.599282 0.735967 0.594189 0.732031 0.575814 0.750177 0.568307 0.764284 0.580946 0.745107 0.569934 0.759013 0.578796 0.737622 0.568766 0.746395 0.566219 0.752769 0.560272 0.76172 0.57029 0.73085 0.57769 0.725586 0.572927 0.737358 0.559443 0.74628 0.558594 0.75446 0.563846 0.742352 0.172852 0.380519 0.188016 0.390645 0.174134 0.39007 0.179872 0.399406 0.220427 0.394095 0.216736 0.393329 0.222065 0.382179 0.224509 0.386683 0.230207 0.379883 0.212047 0.39993 0.203203 0.392687 0.193603 0.398002 0.236232 0.38231 0.227409 0.391321 0.202685 0.404182 0.225134 0.399346 0.2243 0.407572 0.219405 0.404414 0.194561 0.402171 0.234452 0.392179 0.217197 0.415044 0.212086 0.408044 0.200197 0.406389 0.180485 0.408112 0.211806 0.415247 0.185384 0.409258 0.198692 0.413035 0.205689 0.419803 0.209879 0.422833 0.191568 0.420326 0.535848 0.741396 0.539112 0.748872 0.521039 0.751169 0.535451 0.754218 0.530741 0.755417 0.519359 0.742721 0.528434 0.732292 0.542459 0.73468 0.543186 0.747658 0.541804 0.75666 0.516416 0.761392 0.534657 0.725586 0.536623 0.760141 0.548756 0.756517 0.550737 0.750142 0.543826 0.730015 0.529788 0.766156 0.554325 0.758119 0.511719 0.773364 0.545161 0.765078 0.557658 0.765169 0.554072 0.771836 0.5395 0.773606 0.114063 0.749335 0.116983 0.74787 0.117315 0.750238 0.113098 0.742943 0.112087 0.751928 0.107272 0.747601 0.113191 0.749506 0.116055 0.754843 0.130816 0.763061 0.121871 0.759013 0.122947 0.754128 0.111867 0.762724 0.105764 0.755025 0.109516 0.751847 0.131008 0.752587 0.104723 0.762936 0.0990247 0.752166 0.107886 0.739258 0.0987695 0.740701 0.137366 0.758956 0.122791 0.741406 0.0976562 0.763015 0.132995 0.74563 0.97116 0.039756 0.976151 0.0325683 0.98027 0.0420584 0.967469 0.0292546 0.969232 0.0230961 0.964354 0.0353484 0.979715 0.0254857 0.967938 0.0433258 0.980668 0.0159873 0.987554 0.0143207 0.973433 0.0180496 0.982135 0.0113543 0.967794 0.0134226 0.965819 0.0204745 0.969471 0.00490026 0.963968 0.00550137 0.971645 0.00075949 0.963867 0 0.0774216 0.749507 0.0711669 0.74362 0.0829422 0.739708 0.064982 0.753848 0.0611431 0.739258 0.055781 0.753962 0.0517653 0.757148 0.0578051 0.767754 0.0498047 0.771202 0.0677136 0.768066 0.087331 0.74953 0.0723212 0.762053 0.09161 0.743268 0.0934082 0.748545 0.0829747 0.755915 0.0907253 0.755657 0.0974622 0.761092 0.0935432 0.762825 0.0826228 0.761569 0.0918059 0.772167 0.0976066 0.768871"/>
   </IndexedFaceSet>
  </Shape>
 </Scene>
</X3D>
